city_id,time_id,observation_time,city,latitude,longitude,temperature_c,humidity_pct,precipitation_mm,wind_speed_kmh,energy_kwh,synthetic_energy,source_row,year,month,day,hour,imputed_fields,quality_status,is_outlier,outlier_fields,outlier_temperature_c,outlier_humidity_pct,outlier_precipitation_mm,outlier_wind_speed_kmh,outlier_energy_kwh,temperature_zscore,energy_zscore,humidity_fraction,precipitation_log1p,timezone,observation_time_utc
1,82,2025-01-04T09:00:00-05:00,Barranquilla,10.9685,-74.7813,27.1,78,0,1.8,167.5,True,82,2025,1,4,9,,VALID,False,,False,False,False,False,False,-0.342490878354,1.52900623658,0.78,0,America/Bogota,2025-01-04T14:00:00+00:00
1,102,2025-01-05T05:00:00-05:00,Barranquilla,10.9685,-74.7813,24.2,99,0,4.6,129.63,True,102,2025,1,5,5,,VALID,False,,False,False,False,False,False,-1.53924451288,-0.976149004515,0.99,0,America/Bogota,2025-01-05T10:00:00+00:00
1,166,2025-01-07T21:00:00-05:00,Barranquilla,10.9685,-74.7813,27.1,89,0,16.1,182.82,True,166,2025,1,7,21,,VALID,False,,False,False,False,False,False,-0.342490878354,2.54244638164,0.89,0,America/Bogota,2025-01-08T02:00:00+00:00
1,175,2025-01-08T06:00:00-05:00,Barranquilla,10.9685,-74.7813,25.1,93,0,6.4,141.78,True,175,2025,1,8,6,,VALID,False,,False,False,False,False,False,-1.16783821251,-0.172408941688,0.93,0,America/Bogota,2025-01-08T11:00:00+00:00
1,251,2025-01-11T10:00:00-05:00,Barranquilla,10.9685,-74.7813,30.1,64,0,5.4,139.82,True,251,2025,1,11,10,,VALID,False,,False,False,False,False,False,0.895530122877,-0.302065774868,0.64,0,America/Bogota,2025-01-11T15:00:00+00:00
1,276,2025-01-12T11:00:00-05:00,Barranquilla,10.9685,-74.7813,31.1,54,0,9,148.66,True,276,2025,1,12,11,,VALID,False,,False,False,False,False,False,1.30820378995,0.282713003353,0.54,0,America/Bogota,2025-01-12T16:00:00+00:00
1,301,2025-01-13T12:00:00-05:00,Barranquilla,10.9685,-74.7813,31.4,57,0,9.6,139.02,True,301,2025,1,13,12,,VALID,False,,False,False,False,False,False,1.43200589008,-0.354986931268,0.57,0,America/Bogota,2025-01-13T17:00:00+00:00
1,351,2025-01-15T14:00:00-05:00,Barranquilla,10.9685,-74.7813,29.2,66,0,22.2,145.09,True,351,2025,1,15,14,,VALID,False,,False,False,False,False,False,0.524123822507,0.0465523429177,0.66,0,America/Bogota,2025-01-15T19:00:00+00:00
1,356,2025-01-15T19:00:00-05:00,Barranquilla,10.9685,-74.7813,26.5,76,0,22.8,183.18,True,356,2025,1,15,19,,VALID,False,,False,False,False,False,False,-0.5900950786,2.56626090202,0.76,0,America/Bogota,2025-01-16T00:00:00+00:00
1,368,2025-01-16T07:00:00-05:00,Barranquilla,10.9685,-74.7813,24.8,88,0,5.9,151.64,True,368,2025,1,16,7,,VALID,False,,False,False,False,False,False,-1.29164031263,0.479844310944,0.88,0,America/Bogota,2025-01-16T12:00:00+00:00
1,383,2025-01-16T22:00:00-05:00,Barranquilla,10.9685,-74.7813,25.8,84,0,18.4,134.2,True,383,2025,1,16,22,,VALID,False,,False,False,False,False,False,-0.878966645554,-0.673836898579,0.84,0,America/Bogota,2025-01-17T03:00:00+00:00
1,425,2025-01-18T16:00:00-05:00,Barranquilla,10.9685,-74.7813,28.9,70,0,16.2,141.52,True,425,2025,1,18,16,,VALID,False,,False,False,False,False,False,0.400321722384,-0.189608317518,0.7,0,America/Bogota,2025-01-18T21:00:00+00:00
1,524,2025-01-22T19:00:00-05:00,Barranquilla,10.9685,-74.7813,26.6,85,0,11.9,171.77,True,524,2025,1,22,19,,VALID,False,,False,False,False,False,False,-0.548827711893,1.81147290886,0.85,0,America/Bogota,2025-01-23T00:00:00+00:00
1,527,2025-01-22T22:00:00-05:00,Barranquilla,10.9685,-74.7813,27,77,0,19,140.36,True,527,2025,1,22,22,,VALID,False,,False,False,False,False,False,-0.383758245062,-0.266343994298,0.77,0,America/Bogota,2025-01-23T03:00:00+00:00
1,540,2025-01-23T11:00:00-05:00,Barranquilla,10.9685,-74.7813,31.7,51,0,9.8,123.98,True,540,2025,1,23,11,,VALID,False,,False,False,False,False,False,1.5558079902,-1.34990467159,0.51,0,America/Bogota,2025-01-23T16:00:00+00:00
1,604,2025-01-26T03:00:00-05:00,Barranquilla,10.9685,-74.7813,26,78,0,19,127.14,True,604,2025,1,26,3,,VALID,False,,False,False,False,False,False,-0.796431912139,-1.14086610381,0.78,0,America/Bogota,2025-01-26T08:00:00+00:00
1,610,2025-01-26T09:00:00-05:00,Barranquilla,10.9685,-74.7813,28.7,64,0,17.7,156.24,True,610,2025,1,26,9,,VALID,False,,False,False,False,False,False,0.317786988969,0.784140960245,0.64,0,America/Bogota,2025-01-26T14:00:00+00:00
1,618,2025-01-26T17:00:00-05:00,Barranquilla,10.9685,-74.7813,29.2,68,0,15.8,140.21,True,618,2025,1,26,17,,VALID,False,,False,False,False,False,False,0.524123822507,-0.276266711123,0.68,0,America/Bogota,2025-01-26T22:00:00+00:00
1,663,2025-01-28T14:00:00-05:00,Barranquilla,10.9685,-74.7813,32.2,54,0,13.6,143.95,True,663,2025,1,28,14,,VALID,False,,False,False,False,False,False,1.76214482374,-0.0288603049525,0.54,0,America/Bogota,2025-01-28T19:00:00+00:00
1,695,2025-01-29T22:00:00-05:00,Barranquilla,10.9685,-74.7813,26.8,81,0,20.4,124.67,True,695,2025,1,29,22,,VALID,False,,False,False,False,False,False,-0.466292978477,-1.3042601742,0.81,0,America/Bogota,2025-01-30T03:00:00+00:00
1,799,2025-02-03T06:00:00-05:00,Barranquilla,10.9685,-74.7813,25.5,73,0,18.1,121.52,True,799,2025,2,3,6,,VALID,False,,False,False,False,False,False,-1.00276874568,-1.51263722752,0.73,0,America/Bogota,2025-02-03T11:00:00+00:00
1,808,2025-02-03T15:00:00-05:00,Barranquilla,10.9685,-74.7813,31.2,54,0,17.4,132.89,True,808,2025,2,3,15,,VALID,False,,False,False,False,False,False,1.34947115666,-0.760495292184,0.54,0,America/Bogota,2025-02-03T20:00:00+00:00
1,826,2025-02-04T09:00:00-05:00,Barranquilla,10.9685,-74.7813,29.4,57,0,13.9,150.75,True,826,2025,2,4,9,,VALID,False,,False,False,False,False,False,0.606658555923,0.420969524449,0.57,0,America/Bogota,2025-02-04T14:00:00+00:00
1,835,2025-02-04T18:00:00-05:00,Barranquilla,10.9685,-74.7813,26.6,81,0,14.7,158.92,True,835,2025,2,4,18,,VALID,False,,False,False,False,False,False,-0.548827711893,0.961426834185,0.81,0,America/Bogota,2025-02-04T23:00:00+00:00
1,900,2025-02-07T11:00:00-05:00,Barranquilla,10.9685,-74.7813,31.4,52,0,15.2,150.6,True,900,2025,2,7,11,,VALID,False,,False,False,False,False,False,1.43200589008,0.411046807624,0.52,0,America/Bogota,2025-02-07T16:00:00+00:00
1,903,2025-02-07T14:00:00-05:00,Barranquilla,10.9685,-74.7813,31.9,52,0,16.8,138.42,True,903,2025,2,7,14,,VALID,False,,False,False,False,False,False,1.63834272361,-0.394677798568,0.52,0,America/Bogota,2025-02-07T19:00:00+00:00
1,944,2025-02-09T07:00:00-05:00,Barranquilla,10.9685,-74.7813,25.4,81,0,8.3,159.32,True,944,2025,2,9,7,,VALID,False,,False,False,False,False,False,-1.04403611238,0.987887412385,0.81,0,America/Bogota,2025-02-09T12:00:00+00:00
1,956,2025-02-09T19:00:00-05:00,Barranquilla,10.9685,-74.7813,25.8,83,0,20.5,149.32,True,956,2025,2,9,19,,VALID,False,,False,False,False,False,False,-0.878966645554,0.326372957383,0.83,0,America/Bogota,2025-02-10T00:00:00+00:00
1,966,2025-02-10T05:00:00-05:00,Barranquilla,10.9685,-74.7813,25.4,75,0,17.2,126.56,True,966,2025,2,10,5,,VALID,False,,False,False,False,False,False,-1.04403611238,-1.1792339422,0.75,0,America/Bogota,2025-02-10T10:00:00+00:00
1,1009,2025-02-12T00:00:00-05:00,Barranquilla,10.9685,-74.7813,26.7,67,0,17,135.97,True,1009,2025,2,12,0,,VALID,False,,False,False,False,False,False,-0.507560345185,-0.556748840044,0.67,0,America/Bogota,2025-02-12T05:00:00+00:00
1,1020,2025-02-12T11:00:00-05:00,Barranquilla,10.9685,-74.7813,32.1,49,0,5.6,140.27,True,1020,2025,2,12,11,,VALID,False,,False,False,False,False,False,1.72087745703,-0.272297624393,0.49,0,America/Bogota,2025-02-12T16:00:00+00:00
1,1044,2025-02-13T11:00:00-05:00,Barranquilla,10.9685,-74.7813,32.6,49,0,9,149.75,True,1044,2025,2,13,11,,VALID,False,,False,False,False,False,False,1.92721429057,0.354818078948,0.49,0,America/Bogota,2025-02-13T16:00:00+00:00
1,1055,2025-02-13T22:00:00-05:00,Barranquilla,10.9685,-74.7813,26.4,77,0,21.7,147,True,1055,2025,2,13,22,,VALID,False,,False,False,False,False,False,-0.631362445308,0.172901603823,0.77,0,America/Bogota,2025-02-14T03:00:00+00:00
1,1099,2025-02-15T18:00:00-05:00,Barranquilla,10.9685,-74.7813,26.5,80,0,13,162.11,True,1099,2025,2,15,18,,VALID,False,,False,False,False,False,False,-0.5900950786,1.17244994533,0.8,0,America/Bogota,2025-02-15T23:00:00+00:00
1,1106,2025-02-16T01:00:00-05:00,Barranquilla,10.9685,-74.7813,25.6,77,0,14.1,141,True,1106,2025,2,16,1,,VALID,False,,False,False,False,False,False,-0.96150137897,-0.224007069178,0.77,0,America/Bogota,2025-02-16T06:00:00+00:00
1,1107,2025-02-16T02:00:00-05:00,Barranquilla,10.9685,-74.7813,25.5,75,0,11.1,129.57,True,1107,2025,2,16,2,,VALID,False,,False,False,False,False,False,-1.00276874568,-0.980118091245,0.75,0,America/Bogota,2025-02-16T07:00:00+00:00
1,1226,2025-02-21T01:00:00-05:00,Barranquilla,10.9685,-74.7813,26,85,0,15.1,130.4,True,1226,2025,2,21,1,,VALID,False,,False,False,False,False,False,-0.796431912139,-0.92521239148,0.85,0,America/Bogota,2025-02-21T06:00:00+00:00
1,1289,2025-02-23T16:00:00-05:00,Barranquilla,10.9685,-74.7813,28.9,68,0,21.7,142.13,True,1289,2025,2,23,16,,VALID,False,,False,False,False,False,False,0.400321722384,-0.149255935763,0.68,0,America/Bogota,2025-02-23T21:00:00+00:00
1,1347,2025-02-26T02:00:00-05:00,Barranquilla,10.9685,-74.7813,25.9,93,0,6.2,130.75,True,1347,2025,2,26,2,,VALID,False,,False,False,False,False,False,-0.837699278846,-0.902059385555,0.93,0,America/Bogota,2025-02-26T07:00:00+00:00
1,1384,2025-02-27T15:00:00-05:00,Barranquilla,10.9685,-74.7813,29.7,68,0,16.2,142.72,True,1384,2025,2,27,15,,VALID,False,,False,False,False,False,False,0.730460656046,-0.110226582918,0.68,0,America/Bogota,2025-02-27T20:00:00+00:00
1,1498,2025-03-04T09:00:00-05:00,Barranquilla,10.9685,-74.7813,30.1,55,0,13.9,165.41,True,1498,2025,3,4,9,,VALID,False,,False,False,False,False,False,0.895530122877,1.39074971548,0.55,0,America/Bogota,2025-03-04T14:00:00+00:00
1,1518,2025-03-05T05:00:00-05:00,Barranquilla,10.9685,-74.7813,25.6,86,0,9.9,131.76,True,1518,2025,3,5,5,,VALID,False,,False,False,False,False,False,-0.96150137897,-0.835246425599,0.86,0,America/Bogota,2025-03-05T10:00:00+00:00
1,1582,2025-03-07T21:00:00-05:00,Barranquilla,10.9685,-74.7813,26.4,83,0,20.8,170.48,True,1582,2025,3,7,21,,VALID,False,,False,False,False,False,False,-0.631362445308,1.72613754417,0.83,0,America/Bogota,2025-03-08T02:00:00+00:00
1,1591,2025-03-08T06:00:00-05:00,Barranquilla,10.9685,-74.7813,24.7,91,0,2,127.57,True,1591,2025,3,8,6,,VALID,False,,False,False,False,False,False,-1.33290767934,-1.11242098225,0.91,0,America/Bogota,2025-03-08T11:00:00+00:00
1,1667,2025-03-11T10:00:00-05:00,Barranquilla,10.9685,-74.7813,31.5,57,0,3.8,142.55,True,1667,2025,3,11,10,,VALID,False,,False,False,False,False,False,1.47327325678,-0.121472328653,0.57,0,America/Bogota,2025-03-11T15:00:00+00:00
1,1692,2025-03-12T11:00:00-05:00,Barranquilla,10.9685,-74.7813,34.3,46,0,7.4,143.62,True,1692,2025,3,12,11,,VALID,False,,False,False,False,False,False,2.6287595246,-0.0506902819675,0.46,0,America/Bogota,2025-03-12T16:00:00+00:00
1,1717,2025-03-13T12:00:00-05:00,Barranquilla,10.9685,-74.7813,33.8,47,0,9.9,150.14,True,1717,2025,3,13,12,,VALID,False,,False,False,False,False,False,2.42242269106,0.380617142694,0.47,0,America/Bogota,2025-03-13T17:00:00+00:00
1,1767,2025-03-15T14:00:00-05:00,Barranquilla,10.9685,-74.7813,31.4,51,0,18.3,145.23,True,1767,2025,3,15,14,,VALID,False,,False,False,False,False,False,1.43200589008,0.0558135452877,0.51,0,America/Bogota,2025-03-15T19:00:00+00:00
1,1772,2025-03-15T19:00:00-05:00,Barranquilla,10.9685,-74.7813,26.6,81,0,16.9,177.03,True,1772,2025,3,15,19,,VALID,False,,False,False,False,False,False,-0.548827711893,2.15942951219,0.81,0,America/Bogota,2025-03-16T00:00:00+00:00
1,1784,2025-03-16T07:00:00-05:00,Barranquilla,10.9685,-74.7813,25.7,88,0,4.5,157.81,True,1784,2025,3,16,7,,VALID,False,,False,False,False,False,False,-0.920234012262,0.88799872968,0.88,0,America/Bogota,2025-03-16T12:00:00+00:00
1,1799,2025-03-16T22:00:00-05:00,Barranquilla,10.9685,-74.7813,27.1,80,0,20.6,130.76,True,1799,2025,3,16,22,,VALID,False,,False,False,False,False,False,-0.342490878354,-0.9013978711,0.8,0,America/Bogota,2025-03-17T03:00:00+00:00
1,1841,2025-03-18T16:00:00-05:00,Barranquilla,10.9685,-74.7813,29.3,63,0,19.1,136.54,True,1841,2025,3,18,16,,VALID,False,,False,False,False,False,False,0.565391189215,-0.519042516109,0.63,0,America/Bogota,2025-03-18T21:00:00+00:00
1,1940,2025-03-22T19:00:00-05:00,Barranquilla,10.9685,-74.7813,28.8,71,0,18.3,168.61,True,1940,2025,3,22,19,,VALID,False,,False,False,False,False,False,0.359054355677,1.60243434108,0.71,0,America/Bogota,2025-03-23T00:00:00+00:00
1,1943,2025-03-22T22:00:00-05:00,Barranquilla,10.9685,-74.7813,28.3,72,0,19.7,141.99,True,1943,2025,3,22,22,,VALID,False,,False,False,False,False,False,0.152717522138,-0.158517138133,0.72,0,America/Bogota,2025-03-23T03:00:00+00:00
1,1956,2025-03-23T11:00:00-05:00,Barranquilla,10.9685,-74.7813,34.7,47,0,9.1,148.79,True,1956,2025,3,23,11,,VALID,False,,False,False,False,False,False,2.79382899143,0.291312691268,0.47,0,America/Bogota,2025-03-23T16:00:00+00:00
1,2020,2025-03-26T03:00:00-05:00,Barranquilla,10.9685,-74.7813,25.2,92,0,6.7,135.52,True,2020,2025,3,26,3,,VALID,False,,False,False,False,False,False,-1.1265708458,-0.586516990519,0.92,0,America/Bogota,2025-03-26T08:00:00+00:00
1,2026,2025-03-26T09:00:00-05:00,Barranquilla,10.9685,-74.7813,30.7,62,0,2.9,168.81,True,2026,2025,3,26,9,,VALID,False,,False,False,False,False,False,1.14313432312,1.61566463018,0.62,0,America/Bogota,2025-03-26T14:00:00+00:00
1,2034,2025-03-26T17:00:00-05:00,Barranquilla,10.9685,-74.7813,28.1,73,0,16.5,136.52,True,2034,2025,3,26,17,,VALID,False,,False,False,False,False,False,0.0701827887227,-0.520365545019,0.73,0,America/Bogota,2025-03-26T22:00:00+00:00
1,2079,2025-03-28T14:00:00-05:00,Barranquilla,10.9685,-74.7813,32.4,53,0,13.9,152.6,True,2079,2025,3,28,14,,VALID,False,,False,False,False,False,False,1.84467955715,0.543349698624,0.53,0,America/Bogota,2025-03-28T19:00:00+00:00
1,2111,2025-03-29T22:00:00-05:00,Barranquilla,10.9685,-74.7813,27,80,0,14.5,134.56,True,2111,2025,3,29,22,,VALID,False,,False,False,False,False,False,-0.383758245062,-0.650022378199,0.8,0,America/Bogota,2025-03-30T03:00:00+00:00
1,2200,2025-04-02T15:00:00-05:00,Barranquilla,10.9685,-74.7813,32.1,53,0,16.4,124,True,2200,2025,4,2,15,,VALID,False,,False,False,False,False,False,1.72087745703,-1.34858164268,0.53,0,America/Bogota,2025-04-02T20:00:00+00:00
1,2215,2025-04-03T06:00:00-05:00,Barranquilla,10.9685,-74.7813,26.3,80,0,4.8,131.15,True,2215,2025,4,3,6,,VALID,False,,False,False,False,False,False,-0.672629812016,-0.875598807355,0.8,0,America/Bogota,2025-04-03T11:00:00+00:00
1,2224,2025-04-03T15:00:00-05:00,Barranquilla,10.9685,-74.7813,32.4,53,0,17.5,141.44,True,2224,2025,4,3,15,,VALID,False,,False,False,False,False,False,1.84467955715,-0.194900433158,0.53,0,America/Bogota,2025-04-03T20:00:00+00:00
1,2226,2025-04-03T17:00:00-05:00,Barranquilla,10.9685,-74.7813,29.8,64,0,14.5,141.42,True,2226,2025,4,3,17,,VALID,False,,False,False,False,False,False,0.771728022753,-0.196223462068,0.64,0,America/Bogota,2025-04-03T22:00:00+00:00
1,2247,2025-04-04T14:00:00-05:00,Barranquilla,10.9685,-74.7813,32.4,51,0,15,134.54,True,2247,2025,4,4,14,,VALID,False,,False,False,False,False,False,1.84467955715,-0.651345407109,0.51,0,America/Bogota,2025-04-04T19:00:00+00:00
1,2262,2025-04-05T05:00:00-05:00,Barranquilla,10.9685,-74.7813,26,74,0,12.9,136.16,True,2262,2025,4,5,5,,VALID,False,,False,False,False,False,False,-0.796431912139,-0.544180065399,0.74,0,America/Bogota,2025-04-05T10:00:00+00:00
1,2306,2025-04-07T01:00:00-05:00,Barranquilla,10.9685,-74.7813,24.6,97,0.1,6.7,143.92,True,2306,2025,4,7,1,,VALID,False,,False,False,False,False,False,-1.37417504605,-0.0308448483175,0.97,0.0953101798043,America/Bogota,2025-04-07T06:00:00+00:00
1,2359,2025-04-09T06:00:00-05:00,Barranquilla,10.9685,-74.7813,25,99,0,4.1,119.22,True,2359,2025,4,9,6,,VALID,False,,False,False,False,False,False,-1.20910557922,-1.66478555217,0.99,0,America/Bogota,2025-04-09T11:00:00+00:00
1,2374,2025-04-09T21:00:00-05:00,Barranquilla,10.9685,-74.7813,26.8,91,0,13.4,162.65,True,2374,2025,4,9,21,,VALID,False,,False,False,False,False,False,-0.466292978477,1.2081717259,0.91,0,America/Bogota,2025-04-10T02:00:00+00:00
1,2420,2025-04-11T19:00:00-05:00,Barranquilla,10.9685,-74.7813,25.2,93,0.5,4,161.73,True,2420,2025,4,11,19,,VALID,False,,False,False,False,False,False,-1.1265708458,1.14731239604,0.93,0.405465108108,America/Bogota,2025-04-12T00:00:00+00:00
1,2451,2025-04-13T02:00:00-05:00,Barranquilla,10.9685,-74.7813,26,94,0,10.7,137.75,True,2451,2025,4,13,2,,VALID,False,,False,False,False,False,False,-0.796431912139,-0.438999267053,0.94,0,America/Bogota,2025-04-13T07:00:00+00:00
1,2453,2025-04-13T04:00:00-05:00,Barranquilla,10.9685,-74.7813,26.2,91,0,9.2,126.83,True,2453,2025,4,13,4,,VALID,False,,False,False,False,False,False,-0.713897178723,-1.16137305192,0.91,0,America/Bogota,2025-04-13T09:00:00+00:00
1,2489,2025-04-14T16:00:00-05:00,Barranquilla,10.9685,-74.7813,30.8,68,0,14.1,147.77,True,2489,2025,4,14,16,,VALID,False,,False,False,False,False,False,1.18440168983,0.223838216858,0.68,0,America/Bogota,2025-04-14T21:00:00+00:00
1,2501,2025-04-15T04:00:00-05:00,Barranquilla,10.9685,-74.7813,26.7,79,0,20.4,132.82,True,2501,2025,4,15,4,,VALID,False,,False,False,False,False,False,-0.507560345185,-0.765125893369,0.79,0,America/Bogota,2025-04-15T09:00:00+00:00
1,2551,2025-04-17T06:00:00-05:00,Barranquilla,10.9685,-74.7813,26.3,85,0,9.2,131.05,True,2551,2025,4,17,6,,VALID,False,,False,False,False,False,False,-0.672629812016,-0.882213951905,0.85,0,America/Bogota,2025-04-17T11:00:00+00:00
1,2591,2025-04-18T22:00:00-05:00,Barranquilla,10.9685,-74.7813,27.2,83,0,22,134.45,True,2591,2025,4,18,22,,VALID,False,,False,False,False,False,False,-0.301223511646,-0.657299037204,0.83,0,America/Bogota,2025-04-19T03:00:00+00:00
1,2609,2025-04-19T16:00:00-05:00,Barranquilla,10.9685,-74.7813,30.2,69,0,22.2,136,True,2609,2025,4,19,16,,VALID,False,,False,False,False,False,False,0.936797489584,-0.554764296679,0.69,0,America/Bogota,2025-04-19T21:00:00+00:00
1,2614,2025-04-19T21:00:00-05:00,Barranquilla,10.9685,-74.7813,27.7,81,0,20,159.62,True,2614,2025,4,19,21,,VALID,False,,False,False,False,False,False,-0.094886678108,1.00773284604,0.81,0,America/Bogota,2025-04-20T02:00:00+00:00
1,2788,2025-04-27T03:00:00-05:00,Barranquilla,10.9685,-74.7813,24.9,96,0,4.1,127.79,True,2788,2025,4,27,3,,VALID,False,,False,False,False,False,False,-1.25037294592,-1.09786766424,0.96,0,America/Bogota,2025-04-27T08:00:00+00:00
1,2867,2025-04-30T10:00:00-05:00,Barranquilla,10.9685,-74.7813,30.3,70,0.1,1.1,146.87,True,2867,2025,4,30,10,,VALID,False,,False,False,False,False,False,0.978064856292,0.164301915908,0.7,0.0953101798043,America/Bogota,2025-04-30T15:00:00+00:00
1,2962,2025-05-04T09:00:00-05:00,Barranquilla,10.9685,-74.7813,29,75,0.1,1.3,161.44,True,2962,2025,5,4,9,,VALID,False,,False,False,False,False,False,0.441589089092,1.12812847685,0.75,0.0953101798043,America/Bogota,2025-05-04T14:00:00+00:00
1,2982,2025-05-05T05:00:00-05:00,Barranquilla,10.9685,-74.7813,24.7,98,0,3,133.4,True,2982,2025,5,5,5,,VALID,False,,False,False,False,False,False,-1.33290767934,-0.726758054979,0.98,0,America/Bogota,2025-05-05T10:00:00+00:00
1,3046,2025-05-07T21:00:00-05:00,Barranquilla,10.9685,-74.7813,24.9,95,0.2,4.1,171.66,True,3046,2025,5,7,21,,VALID,False,,False,False,False,False,False,-1.25037294592,1.80419624986,0.95,0.182321556794,America/Bogota,2025-05-08T02:00:00+00:00
1,3055,2025-05-08T06:00:00-05:00,Barranquilla,10.9685,-74.7813,24.6,96,0,1.3,124.23,True,3055,2025,5,8,6,,VALID,False,,False,False,False,False,False,-1.37417504605,-1.33336681022,0.96,0,America/Bogota,2025-05-08T11:00:00+00:00
1,3131,2025-05-11T10:00:00-05:00,Barranquilla,10.9685,-74.7813,32.9,66,0,3.3,147.09,True,3131,2025,5,11,10,,VALID,False,,False,False,False,False,False,2.05101639069,0.178855233918,0.66,0,America/Bogota,2025-05-11T15:00:00+00:00
1,3156,2025-05-12T11:00:00-05:00,Barranquilla,10.9685,-74.7813,33,63,0,4.6,169.69,True,3156,2025,5,12,11,,VALID,False,,False,False,False,False,False,2.0922837574,1.67387790222,0.63,0,America/Bogota,2025-05-12T16:00:00+00:00
1,3181,2025-05-13T12:00:00-05:00,Barranquilla,10.9685,-74.7813,32.5,64,0,8.6,147.34,True,3181,2025,5,13,12,,VALID,False,,False,False,False,False,False,1.88594692386,0.195393095293,0.64,0,America/Bogota,2025-05-13T17:00:00+00:00
1,3231,2025-05-15T14:00:00-05:00,Barranquilla,10.9685,-74.7813,28.1,81,0,4.9,137.04,True,3231,2025,5,15,14,,VALID,False,,False,False,False,False,False,0.0701827887227,-0.485966793359,0.81,0,America/Bogota,2025-05-15T19:00:00+00:00
1,3236,2025-05-15T19:00:00-05:00,Barranquilla,10.9685,-74.7813,26.7,91,1.2,7.6,152.6,True,3236,2025,5,15,19,,VALID,False,,False,False,False,False,False,-0.507560345185,0.543349698624,0.91,0.788457360364,America/Bogota,2025-05-16T00:00:00+00:00
1,3248,2025-05-16T07:00:00-05:00,Barranquilla,10.9685,-74.7813,24.2,97,0,5.7,156.05,True,3248,2025,5,16,7,,VALID,False,,False,False,False,False,False,-1.53924451288,0.771572185599,0.97,0,America/Bogota,2025-05-16T12:00:00+00:00
1,3263,2025-05-16T22:00:00-05:00,Barranquilla,10.9685,-74.7813,25.8,95,0,0.7,138.34,True,3263,2025,5,16,22,,VALID,False,,False,False,False,False,False,-0.878966645554,-0.399969914208,0.95,0,America/Bogota,2025-05-17T03:00:00+00:00
1,3305,2025-05-18T16:00:00-05:00,Barranquilla,10.9685,-74.7813,26.5,85,2.7,3.9,131.27,True,3305,2025,5,18,16,,VALID,False,,False,False,False,False,False,-0.5900950786,-0.867660633895,0.85,1.30833281965,America/Bogota,2025-05-18T21:00:00+00:00
1,3404,2025-05-22T19:00:00-05:00,Barranquilla,10.9685,-74.7813,27.6,91,0,9.4,185.3,True,3404,2025,5,22,19,,VALID,False,,False,False,False,False,False,-0.136154044816,2.70650196648,0.91,0,America/Bogota,2025-05-23T00:00:00+00:00
1,3407,2025-05-22T22:00:00-05:00,Barranquilla,10.9685,-74.7813,28,86,0,8.4,134.24,True,3407,2025,5,22,22,,VALID,False,,False,False,False,False,False,0.028915422015,-0.671190840759,0.86,0,America/Bogota,2025-05-23T03:00:00+00:00
1,3420,2025-05-23T11:00:00-05:00,Barranquilla,10.9685,-74.7813,31.9,67,0,11,137.7,True,3420,2025,5,23,11,,VALID,False,,False,False,False,False,False,1.63834272361,-0.442306839328,0.67,0,America/Bogota,2025-05-23T16:00:00+00:00
1,3484,2025-05-26T03:00:00-05:00,Barranquilla,10.9685,-74.7813,26.3,89,0,3.5,138.54,True,3484,2025,5,26,3,,VALID,False,,False,False,False,False,False,-0.672629812016,-0.386739625108,0.89,0,America/Bogota,2025-05-26T08:00:00+00:00
1,3490,2025-05-26T09:00:00-05:00,Barranquilla,10.9685,-74.7813,30.8,69,0,1.6,157.65,True,3490,2025,5,26,9,,VALID,False,,False,False,False,False,False,1.18440168983,0.8774144984,0.69,0,America/Bogota,2025-05-26T14:00:00+00:00
1,3498,2025-05-26T17:00:00-05:00,Barranquilla,10.9685,-74.7813,29.9,75,0,10.2,128.16,True,3498,2025,5,26,17,,VALID,False,,False,False,False,False,False,0.812995389461,-1.0733916294,0.75,0,America/Bogota,2025-05-26T22:00:00+00:00
1,3543,2025-05-28T14:00:00-05:00,Barranquilla,10.9685,-74.7813,31,66,0,9.7,151.49,True,3543,2025,5,28,14,,VALID,False,,False,False,False,False,False,1.26693642325,0.469921594119,0.66,0,America/Bogota,2025-05-28T19:00:00+00:00
1,3575,2025-05-29T22:00:00-05:00,Barranquilla,10.9685,-74.7813,27.4,87,0,17.4,117.1,True,3575,2025,5,29,22,,VALID,False,,False,False,False,False,False,-0.218688778231,-1.80502661663,0.87,0,America/Bogota,2025-05-30T03:00:00+00:00
1,3664,2025-06-02T15:00:00-05:00,Barranquilla,10.9685,-74.7813,30.9,71,1.4,6,148.46,True,3664,2025,6,2,15,,VALID,False,,False,False,False,False,False,1.22566905654,0.269482714253,0.71,0.875468737354,America/Bogota,2025-06-02T20:00:00+00:00
1,3679,2025-06-03T06:00:00-05:00,Barranquilla,10.9685,-74.7813,25.4,100,0,5.6,136.23,True,3679,2025,6,3,6,,VALID,False,,False,False,False,False,False,-1.04403611238,-0.539549464214,1,0,America/Bogota,2025-06-03T11:00:00+00:00
1,3688,2025-06-03T15:00:00-05:00,Barranquilla,10.9685,-74.7813,31.1,69,0.4,5.8,149.58,True,3688,2025,6,3,15,,VALID,False,,False,False,False,False,False,1.30820378995,0.343572333213,0.69,0.336472236621,America/Bogota,2025-06-03T20:00:00+00:00
1,3690,2025-06-03T17:00:00-05:00,Barranquilla,10.9685,-74.7813,29.9,75,0,9.1,138.52,True,3690,2025,6,3,17,,VALID,False,,False,False,False,False,False,0.812995389461,-0.388062654018,0.75,0,America/Bogota,2025-06-03T22:00:00+00:00
1,3711,2025-06-04T14:00:00-05:00,Barranquilla,10.9685,-74.7813,29.8,71,0.3,7.5,149.08,True,3711,2025,6,4,14,,VALID,False,,False,False,False,False,False,0.771728022753,0.310496610463,0.71,0.262364264467,America/Bogota,2025-06-04T19:00:00+00:00
1,3726,2025-06-05T05:00:00-05:00,Barranquilla,10.9685,-74.7813,25.6,98,0,6.5,128.97,True,3726,2025,6,5,5,,VALID,False,,False,False,False,False,False,-0.96150137897,-1.01980895854,0.98,0,America/Bogota,2025-06-05T10:00:00+00:00
1,3770,2025-06-07T01:00:00-05:00,Barranquilla,10.9685,-74.7813,26.3,97,0,2.4,139.37,True,3770,2025,6,7,1,,VALID,False,,False,False,False,False,False,-0.672629812016,-0.331833925343,0.97,0,America/Bogota,2025-06-07T06:00:00+00:00
1,3823,2025-06-09T06:00:00-05:00,Barranquilla,10.9685,-74.7813,26,98,0,5.8,129.91,True,3823,2025,6,9,6,,VALID,False,,False,False,False,False,False,-0.796431912139,-0.957626599775,0.98,0,America/Bogota,2025-06-09T11:00:00+00:00
1,3838,2025-06-09T21:00:00-05:00,Barranquilla,10.9685,-74.7813,27.5,91,0,6.1,175.6,True,3838,2025,6,9,21,,VALID,False,,False,False,False,False,False,-0.177421411523,2.06483294513,0.91,0,America/Bogota,2025-06-10T02:00:00+00:00
1,3884,2025-06-11T19:00:00-05:00,Barranquilla,10.9685,-74.7813,26.3,90,0,7.7,175.58,True,3884,2025,6,11,19,,VALID,False,,False,False,False,False,False,-0.672629812016,2.06350991622,0.9,0,America/Bogota,2025-06-12T00:00:00+00:00
1,3915,2025-06-13T02:00:00-05:00,Barranquilla,10.9685,-74.7813,25,98,0.4,5.9,131.81,True,3915,2025,6,13,2,,VALID,False,,False,False,False,False,False,-1.20910557922,-0.831938853324,0.98,0.336472236621,America/Bogota,2025-06-13T07:00:00+00:00
1,3917,2025-06-13T04:00:00-05:00,Barranquilla,10.9685,-74.7813,23.6,100,2.4,9.6,119.52,True,3917,2025,6,13,4,,VALID,False,,False,False,False,False,False,-1.78684871312,-1.64494011852,1,1.22377543162,America/Bogota,2025-06-13T09:00:00+00:00
1,3953,2025-06-14T16:00:00-05:00,Barranquilla,10.9685,-74.7813,26.1,86,0.3,4.5,142.27,True,3953,2025,6,14,16,,VALID,False,,False,False,False,False,False,-0.755164545431,-0.139994733393,0.86,0.262364264467,America/Bogota,2025-06-14T21:00:00+00:00
1,3965,2025-06-15T04:00:00-05:00,Barranquilla,10.9685,-74.7813,23.6,100,0,3.9,133.74,True,3965,2025,6,15,4,,VALID,False,,False,False,False,False,False,-1.78684871312,-0.704266563509,1,0,America/Bogota,2025-06-15T09:00:00+00:00
1,4015,2025-06-17T06:00:00-05:00,Barranquilla,10.9685,-74.7813,25,98,0,4.3,132.62,True,4015,2025,6,17,6,,VALID,False,,False,False,False,False,False,-1.20910557922,-0.778356182469,0.98,0,America/Bogota,2025-06-17T11:00:00+00:00
1,4055,2025-06-18T22:00:00-05:00,Barranquilla,10.9685,-74.7813,28,85,0,18.6,127.44,True,4055,2025,6,18,22,,VALID,False,,False,False,False,False,False,0.028915422015,-1.12102067016,0.85,0,America/Bogota,2025-06-19T03:00:00+00:00
1,4073,2025-06-19T16:00:00-05:00,Barranquilla,10.9685,-74.7813,31.5,69,0,14.9,139.7,True,4073,2025,6,19,16,,VALID,False,,False,False,False,False,False,1.47327325678,-0.310003948328,0.69,0,America/Bogota,2025-06-19T21:00:00+00:00
1,4078,2025-06-19T21:00:00-05:00,Barranquilla,10.9685,-74.7813,27.9,86,0,10.5,169.52,True,4078,2025,6,19,21,,VALID,False,,False,False,False,False,False,-0.0123519446926,1.66263215649,0.86,0,America/Bogota,2025-06-20T02:00:00+00:00
1,4252,2025-06-27T03:00:00-05:00,Barranquilla,10.9685,-74.7813,26.1,90,0,4.1,132.03,True,4252,2025,6,27,3,,VALID,False,,False,False,False,False,False,-0.755164545431,-0.817385535314,0.9,0,America/Bogota,2025-06-27T08:00:00+00:00
1,4331,2025-06-30T10:00:00-05:00,Barranquilla,10.9685,-74.7813,31.3,67,0,8.2,126.92,True,4331,2025,6,30,10,,VALID,False,,False,False,False,False,False,1.39073852337,-1.15541942182,0.67,0,America/Bogota,2025-06-30T15:00:00+00:00
1,4426,2025-07-04T09:00:00-05:00,Barranquilla,10.9685,-74.7813,28.8,74,0,5.5,160.66,True,4426,2025,7,4,9,,VALID,False,,False,False,False,False,False,0.359054355677,1.07653034936,0.74,0,America/Bogota,2025-07-04T14:00:00+00:00
1,4446,2025-07-05T05:00:00-05:00,Barranquilla,10.9685,-74.7813,23.8,95,0.4,6.2,124.36,True,4446,2025,7,5,5,,VALID,False,,False,False,False,False,False,-1.70431397971,-1.3247671223,0.95,0.336472236621,America/Bogota,2025-07-05T10:00:00+00:00
1,4510,2025-07-07T21:00:00-05:00,Barranquilla,10.9685,-74.7813,27.4,81,0,16.8,162.86,True,4510,2025,7,7,21,,VALID,False,,False,False,False,False,False,-0.218688778231,1.22206352946,0.81,0,America/Bogota,2025-07-08T02:00:00+00:00
1,4519,2025-07-08T06:00:00-05:00,Barranquilla,10.9685,-74.7813,25,94,0,3.2,140.66,True,4519,2025,7,8,6,,VALID,False,,False,False,False,False,False,-1.20910557922,-0.246498560648,0.94,0,America/Bogota,2025-07-08T11:00:00+00:00
1,4595,2025-07-11T10:00:00-05:00,Barranquilla,10.9685,-74.7813,28.8,76,0,6.8,139.61,True,4595,2025,7,11,10,,VALID,False,,False,False,False,False,False,0.359054355677,-0.315957578423,0.76,0,America/Bogota,2025-07-11T15:00:00+00:00
1,4620,2025-07-12T11:00:00-05:00,Barranquilla,10.9685,-74.7813,30.9,68,0.2,5.4,141.28,True,4620,2025,7,12,11,,VALID,False,,False,False,False,False,False,1.22566905654,-0.205484664438,0.68,0.182321556794,America/Bogota,2025-07-12T16:00:00+00:00
1,4645,2025-07-13T12:00:00-05:00,Barranquilla,10.9685,-74.7813,31.1,66,0.1,2,147.26,True,4645,2025,7,13,12,,VALID,False,,False,False,False,False,False,1.30820378995,0.190100979653,0.66,0.0953101798043,America/Bogota,2025-07-13T17:00:00+00:00
1,4695,2025-07-15T14:00:00-05:00,Barranquilla,10.9685,-74.7813,31.5,63,0,14.7,142.05,True,4695,2025,7,15,14,,VALID,False,,False,False,False,False,False,1.47327325678,-0.154548051403,0.63,0,America/Bogota,2025-07-15T19:00:00+00:00
1,4700,2025-07-15T19:00:00-05:00,Barranquilla,10.9685,-74.7813,27.8,84,0,16.7,165.03,True,4700,2025,7,15,19,,VALID,False,,False,False,False,False,False,-0.0536193114003,1.36561216619,0.84,0,America/Bogota,2025-07-16T00:00:00+00:00
1,4712,2025-07-16T07:00:00-05:00,Barranquilla,10.9685,-74.7813,27.3,88,0,2.6,160.29,True,4712,2025,7,16,7,,VALID,False,,False,False,False,False,False,-0.259956144939,1.05205431452,0.88,0,America/Bogota,2025-07-16T12:00:00+00:00
1,4727,2025-07-16T22:00:00-05:00,Barranquilla,10.9685,-74.7813,28.5,76,0,13.4,135.83,True,4727,2025,7,16,22,,VALID,False,,False,False,False,False,False,0.235252255553,-0.566010042414,0.76,0,America/Bogota,2025-07-17T03:00:00+00:00
1,4769,2025-07-18T16:00:00-05:00,Barranquilla,10.9685,-74.7813,34.5,49,0,10.4,155.9,True,4769,2025,7,18,16,,VALID,False,,False,False,False,False,False,2.71129425801,0.761649468774,0.49,0,America/Bogota,2025-07-18T21:00:00+00:00
1,4868,2025-07-22T19:00:00-05:00,Barranquilla,10.9685,-74.7813,28,82,0,11.2,165.93,True,4868,2025,7,22,19,,VALID,False,,False,False,False,False,False,0.028915422015,1.42514846714,0.82,0,America/Bogota,2025-07-23T00:00:00+00:00
1,4871,2025-07-22T22:00:00-05:00,Barranquilla,10.9685,-74.7813,27.6,82,0,11.2,136.3,True,4871,2025,7,22,22,,VALID,False,,False,False,False,False,False,-0.136154044816,-0.534918863029,0.82,0,America/Bogota,2025-07-23T03:00:00+00:00
1,4884,2025-07-23T11:00:00-05:00,Barranquilla,10.9685,-74.7813,35.3,46,0,4.8,140.32,True,4884,2025,7,23,11,,VALID,True,temperature_c,True,False,False,False,False,3.04143319168,-0.268990052118,0.46,0,America/Bogota,2025-07-23T16:00:00+00:00
1,4948,2025-07-26T03:00:00-05:00,Barranquilla,10.9685,-74.7813,25.3,96,0,9.5,132.13,True,4948,2025,7,26,3,,VALID,False,,False,False,False,False,False,-1.08530347909,-0.810770390764,0.96,0,America/Bogota,2025-07-26T08:00:00+00:00
1,4954,2025-07-26T09:00:00-05:00,Barranquilla,10.9685,-74.7813,29,78,0.2,1.8,161.65,True,4954,2025,7,26,9,,VALID,False,,False,False,False,False,False,0.441589089092,1.1420202804,0.78,0.182321556794,America/Bogota,2025-07-26T14:00:00+00:00
1,4962,2025-07-26T17:00:00-05:00,Barranquilla,10.9685,-74.7813,28.5,79,0,15.2,126.05,True,4962,2025,7,26,17,,VALID,False,,False,False,False,False,False,0.235252255553,-1.21297117941,0.79,0,America/Bogota,2025-07-26T22:00:00+00:00
1,5007,2025-07-28T14:00:00-05:00,Barranquilla,10.9685,-74.7813,31.9,66,0.3,5.4,139.2,True,5007,2025,7,28,14,,VALID,False,,False,False,False,False,False,1.63834272361,-0.343079671078,0.66,0.262364264467,America/Bogota,2025-07-28T19:00:00+00:00
1,5039,2025-07-29T22:00:00-05:00,Barranquilla,10.9685,-74.7813,27.1,94,0,5.2,142.89,True,5039,2025,7,29,22,,VALID,False,,False,False,False,False,False,-0.342490878354,-0.0989808371826,0.94,0,America/Bogota,2025-07-30T03:00:00+00:00
1,5170,2025-08-04T09:00:00-05:00,Barranquilla,10.9685,-74.7813,28.5,78,0,9.3,164.62,True,5170,2025,8,4,9,,VALID,False,,False,False,False,False,False,0.235252255553,1.33849007354,0.78,0,America/Bogota,2025-08-04T14:00:00+00:00
1,5190,2025-08-05T05:00:00-05:00,Barranquilla,10.9685,-74.7813,25.7,100,0,6.4,130.31,True,5190,2025,8,5,5,,VALID,False,,False,False,False,False,False,-0.920234012262,-0.931166021575,1,0,America/Bogota,2025-08-05T10:00:00+00:00
1,5254,2025-08-07T21:00:00-05:00,Barranquilla,10.9685,-74.7813,27.3,84,0,9.6,165.51,True,5254,2025,8,7,21,,VALID,False,,False,False,False,False,False,-0.259956144939,1.39736486003,0.84,0,America/Bogota,2025-08-08T02:00:00+00:00
1,5263,2025-08-08T06:00:00-05:00,Barranquilla,10.9685,-74.7813,24.5,100,0,7.9,129.97,True,5263,2025,8,8,6,,VALID,False,,False,False,False,False,False,-1.41544241275,-0.953657513045,1,0,America/Bogota,2025-08-08T11:00:00+00:00
1,5339,2025-08-11T10:00:00-05:00,Barranquilla,10.9685,-74.7813,31.6,58,0,4,159,True,5339,2025,8,11,10,,VALID,False,,False,False,False,False,False,1.51454062349,0.966718949825,0.58,0,America/Bogota,2025-08-11T15:00:00+00:00
1,5364,2025-08-12T11:00:00-05:00,Barranquilla,10.9685,-74.7813,31.6,63,0,7.1,151.54,True,5364,2025,8,12,11,,VALID,False,,False,False,False,False,False,1.51454062349,0.473229166394,0.63,0,America/Bogota,2025-08-12T16:00:00+00:00
1,5389,2025-08-13T12:00:00-05:00,Barranquilla,10.9685,-74.7813,32,65,0.5,7.6,150.77,True,5389,2025,8,13,12,,VALID,False,,False,False,False,False,False,1.67961009032,0.422292553359,0.65,0.405465108108,America/Bogota,2025-08-13T17:00:00+00:00
1,5439,2025-08-15T14:00:00-05:00,Barranquilla,10.9685,-74.7813,28.1,83,1.3,7.6,126.44,True,5439,2025,8,15,14,,VALID,False,,False,False,False,False,False,0.0701827887227,-1.18717211566,0.83,0.832909122935,America/Bogota,2025-08-15T19:00:00+00:00
1,5444,2025-08-15T19:00:00-05:00,Barranquilla,10.9685,-74.7813,26.1,91,0.4,6.1,169.93,True,5444,2025,8,15,19,,VALID,False,,False,False,False,False,False,-0.755164545431,1.68975424914,0.91,0.336472236621,America/Bogota,2025-08-16T00:00:00+00:00
1,5456,2025-08-16T07:00:00-05:00,Barranquilla,10.9685,-74.7813,24.1,93,0,9.4,160.53,True,5456,2025,8,16,7,,VALID,False,,False,False,False,False,False,-1.58051187958,1.06793066144,0.93,0,America/Bogota,2025-08-16T12:00:00+00:00
1,5471,2025-08-16T22:00:00-05:00,Barranquilla,10.9685,-74.7813,24.8,97,0,1.3,124.25,True,5471,2025,8,16,22,,VALID,False,,False,False,False,False,False,-1.29164031263,-1.33204378131,0.97,0,America/Bogota,2025-08-17T03:00:00+00:00
1,5513,2025-08-18T16:00:00-05:00,Barranquilla,10.9685,-74.7813,28.5,77,0.1,4,145.41,True,5513,2025,8,18,16,,VALID,False,,False,False,False,False,False,0.235252255553,0.0677208054778,0.77,0.0953101798043,America/Bogota,2025-08-18T21:00:00+00:00
1,5612,2025-08-22T19:00:00-05:00,Barranquilla,10.9685,-74.7813,27.4,88,0,7.9,177.81,True,5612,2025,8,22,19,,VALID,False,,False,False,False,False,False,-0.218688778231,2.21102763968,0.88,0,America/Bogota,2025-08-23T00:00:00+00:00
1,5615,2025-08-22T22:00:00-05:00,Barranquilla,10.9685,-74.7813,26.8,91,0,6.7,143.03,True,5615,2025,8,22,22,,VALID,False,,False,False,False,False,False,-0.466292978477,-0.0897196348126,0.91,0,America/Bogota,2025-08-23T03:00:00+00:00
1,5628,2025-08-23T11:00:00-05:00,Barranquilla,10.9685,-74.7813,30.9,70,0.2,2.3,140.68,True,5628,2025,8,23,11,,VALID,False,,False,False,False,False,False,1.22566905654,-0.245175531738,0.7,0.182321556794,America/Bogota,2025-08-23T16:00:00+00:00
1,5692,2025-08-26T03:00:00-05:00,Barranquilla,10.9685,-74.7813,26.8,88,0,7.9,134.58,True,5692,2025,8,26,3,,VALID,False,,False,False,False,False,False,-0.466292978477,-0.648699349289,0.88,0,America/Bogota,2025-08-26T08:00:00+00:00
1,5698,2025-08-26T09:00:00-05:00,Barranquilla,10.9685,-74.7813,30.6,75,0.1,6.7,161.99,True,5698,2025,8,26,9,,VALID,False,,False,False,False,False,False,1.10186695641,1.16451177187,0.75,0.0953101798043,America/Bogota,2025-08-26T14:00:00+00:00
1,5706,2025-08-26T17:00:00-05:00,Barranquilla,10.9685,-74.7813,29.7,78,0,11.9,135.44,True,5706,2025,8,26,17,,VALID,False,,False,False,False,False,False,0.730460656046,-0.591809106159,0.78,0,America/Bogota,2025-08-26T22:00:00+00:00
1,5751,2025-08-28T14:00:00-05:00,Barranquilla,10.9685,-74.7813,32.6,65,0.7,5.8,149.93,True,5751,2025,8,28,14,,VALID,False,,False,False,False,False,False,1.92721429057,0.366725339139,0.65,0.530628251062,America/Bogota,2025-08-28T19:00:00+00:00
1,5783,2025-08-29T22:00:00-05:00,Barranquilla,10.9685,-74.7813,27.8,93,0,9.5,140.46,True,5783,2025,8,29,22,,VALID,False,,False,False,False,False,False,-0.0536193114003,-0.259728849748,0.93,0,America/Bogota,2025-08-30T03:00:00+00:00
1,5872,2025-09-02T15:00:00-05:00,Barranquilla,10.9685,-74.7813,30.3,72,0.1,9,141.44,True,5872,2025,9,2,15,,VALID,False,,False,False,False,False,False,0.978064856292,-0.194900433158,0.72,0.0953101798043,America/Bogota,2025-09-02T20:00:00+00:00
1,5887,2025-09-03T06:00:00-05:00,Barranquilla,10.9685,-74.7813,25.4,99,0,7.2,126.94,True,5887,2025,9,3,6,,VALID,False,,False,False,False,False,False,-1.04403611238,-1.15409639291,0.99,0,America/Bogota,2025-09-03T11:00:00+00:00
1,5896,2025-09-03T15:00:00-05:00,Barranquilla,10.9685,-74.7813,29.3,76,0.1,8.1,141.45,True,5896,2025,9,3,15,,VALID,False,,False,False,False,False,False,0.565391189215,-0.194238918703,0.76,0.0953101798043,America/Bogota,2025-09-03T20:00:00+00:00
1,5898,2025-09-03T17:00:00-05:00,Barranquilla,10.9685,-74.7813,29.3,77,0,9.1,133.2,True,5898,2025,9,3,17,,VALID,False,,False,False,False,False,False,0.565391189215,-0.739988344079,0.77,0,America/Bogota,2025-09-03T22:00:00+00:00
1,5919,2025-09-04T14:00:00-05:00,Barranquilla,10.9685,-74.7813,32.7,60,0.5,2.6,150.52,True,5919,2025,9,4,14,,VALID,False,,False,False,False,False,False,1.96848165728,0.405754691984,0.6,0.405465108108,America/Bogota,2025-09-04T19:00:00+00:00
1,5934,2025-09-05T05:00:00-05:00,Barranquilla,10.9685,-74.7813,23.2,98,3.2,11.8,142.62,True,5934,2025,9,5,5,,VALID,False,,False,False,False,False,False,-1.95191817995,-0.116841727468,0.98,1.43508452529,America/Bogota,2025-09-05T10:00:00+00:00
1,5978,2025-09-07T01:00:00-05:00,Barranquilla,10.9685,-74.7813,24.5,95,0,3.1,131.32,True,5978,2025,9,7,1,,VALID,False,,False,False,False,False,False,-1.41544241275,-0.86435306162,0.95,0,America/Bogota,2025-09-07T06:00:00+00:00
1,6031,2025-09-09T06:00:00-05:00,Barranquilla,10.9685,-74.7813,25.2,97,0,4.9,125.63,True,6031,2025,9,9,6,,VALID,False,,False,False,False,False,False,-1.1265708458,-1.24075478652,0.97,0,America/Bogota,2025-09-09T11:00:00+00:00
1,6046,2025-09-09T21:00:00-05:00,Barranquilla,10.9685,-74.7813,27.7,89,0,8.1,158.66,True,6046,2025,9,9,21,,VALID,False,,False,False,False,False,False,-0.094886678108,0.944227458355,0.89,0,America/Bogota,2025-09-10T02:00:00+00:00
1,6092,2025-09-11T19:00:00-05:00,Barranquilla,10.9685,-74.7813,28.3,91,0,6.9,162.02,True,6092,2025,9,11,19,,VALID,False,,False,False,False,False,False,0.152717522138,1.16649631524,0.91,0,America/Bogota,2025-09-12T00:00:00+00:00
1,6123,2025-09-13T02:00:00-05:00,Barranquilla,10.9685,-74.7813,26,94,0,3.6,123.72,True,6123,2025,9,13,2,,VALID,False,,False,False,False,False,False,-0.796431912139,-1.36710404742,0.94,0,America/Bogota,2025-09-13T07:00:00+00:00
1,6125,2025-09-13T04:00:00-05:00,Barranquilla,10.9685,-74.7813,25.9,96,0,7.7,126.86,True,6125,2025,9,13,4,,VALID,False,,False,False,False,False,False,-0.837699278846,-1.15938850855,0.96,0,America/Bogota,2025-09-13T09:00:00+00:00
1,6161,2025-09-14T16:00:00-05:00,Barranquilla,10.9685,-74.7813,29.6,79,0,11.8,135.07,True,6161,2025,9,14,16,,VALID,False,,False,False,False,False,False,0.689193289338,-0.616285140994,0.79,0,America/Bogota,2025-09-14T21:00:00+00:00
1,6173,2025-09-15T04:00:00-05:00,Barranquilla,10.9685,-74.7813,26.4,95,0,8.4,135.55,True,6173,2025,9,15,4,,VALID,False,,False,False,False,False,False,-0.631362445308,-0.584532447154,0.95,0,America/Bogota,2025-09-15T09:00:00+00:00
1,6223,2025-09-17T06:00:00-05:00,Barranquilla,10.9685,-74.7813,24.5,98,0,5.8,133.57,True,6223,2025,9,17,6,,VALID,False,,False,False,False,False,False,-1.41544241275,-0.715512309244,0.98,0,America/Bogota,2025-09-17T11:00:00+00:00
1,6263,2025-09-18T22:00:00-05:00,Barranquilla,10.9685,-74.7813,25.7,97,0,5.1,132.7,True,6263,2025,9,18,22,,VALID,False,,False,False,False,False,False,-0.920234012262,-0.773064066829,0.97,0,America/Bogota,2025-09-19T03:00:00+00:00
1,6281,2025-09-19T16:00:00-05:00,Barranquilla,10.9685,-74.7813,28.1,77,0.1,5.4,132.61,True,6281,2025,9,19,16,,VALID,False,,False,False,False,False,False,0.0701827887227,-0.779017696924,0.77,0.0953101798043,America/Bogota,2025-09-19T21:00:00+00:00
1,6286,2025-09-19T21:00:00-05:00,Barranquilla,10.9685,-74.7813,26.1,93,0,2.2,162.79,True,6286,2025,9,19,21,,VALID,False,,False,False,False,False,False,-0.755164545431,1.21743292827,0.93,0,America/Bogota,2025-09-20T02:00:00+00:00
1,6460,2025-09-27T03:00:00-05:00,Barranquilla,10.9685,-74.7813,24.8,96,0,6,125.58,True,6460,2025,9,27,3,,VALID,False,,False,False,False,False,False,-1.29164031263,-1.24406235879,0.96,0,America/Bogota,2025-09-27T08:00:00+00:00
1,6539,2025-09-30T10:00:00-05:00,Barranquilla,10.9685,-74.7813,30.2,73,0,10.1,148.27,True,6539,2025,9,30,10,,VALID,False,,False,False,False,False,False,0.936797489584,0.256913939608,0.73,0,America/Bogota,2025-09-30T15:00:00+00:00
1,6634,2025-10-04T09:00:00-05:00,Barranquilla,10.9685,-74.7813,27.6,83,0.1,8.8,158.49,True,6634,2025,10,4,9,,VALID,False,,False,False,False,False,False,-0.136154044816,0.93298171262,0.83,0.0953101798043,America/Bogota,2025-10-04T14:00:00+00:00
1,6654,2025-10-05T05:00:00-05:00,Barranquilla,10.9685,-74.7813,25.2,95,0,3.9,128.73,True,6654,2025,10,5,5,,VALID,False,,False,False,False,False,False,-1.1265708458,-1.03568530546,0.95,0,America/Bogota,2025-10-05T10:00:00+00:00
1,6718,2025-10-07T21:00:00-05:00,Barranquilla,10.9685,-74.7813,27.7,86,0,8.3,157.24,True,6718,2025,10,7,21,,VALID,False,,False,False,False,False,False,-0.094886678108,0.850292405745,0.86,0,America/Bogota,2025-10-08T02:00:00+00:00
1,6727,2025-10-08T06:00:00-05:00,Barranquilla,10.9685,-74.7813,26,94,0,4.5,133.57,True,6727,2025,10,8,6,,VALID,False,,False,False,False,False,False,-0.796431912139,-0.715512309244,0.94,0,America/Bogota,2025-10-08T11:00:00+00:00
1,6803,2025-10-11T10:00:00-05:00,Barranquilla,10.9685,-74.7813,28.2,79,0.1,3.3,129.39,True,6803,2025,10,11,10,,VALID,False,,False,False,False,False,False,0.11145015543,-0.992025351435,0.79,0.0953101798043,America/Bogota,2025-10-11T15:00:00+00:00
1,6828,2025-10-12T11:00:00-05:00,Barranquilla,10.9685,-74.7813,30.4,61,0,6.2,125.45,True,6828,2025,10,12,11,,VALID,False,,False,False,False,False,False,1.019332223,-1.25266204671,0.61,0,America/Bogota,2025-10-12T16:00:00+00:00
1,6853,2025-10-13T12:00:00-05:00,Barranquilla,10.9685,-74.7813,29.5,69,0.1,10.8,140.48,True,6853,2025,10,13,12,,VALID,False,,False,False,False,False,False,0.64792592263,-0.258405820838,0.69,0.0953101798043,America/Bogota,2025-10-13T17:00:00+00:00
1,6903,2025-10-15T14:00:00-05:00,Barranquilla,10.9685,-74.7813,28.5,74,2.5,8.7,137.18,True,6903,2025,10,15,14,,VALID,False,,False,False,False,False,False,0.235252255553,-0.476705590989,0.74,1.2527629685,America/Bogota,2025-10-15T19:00:00+00:00
1,6908,2025-10-15T19:00:00-05:00,Barranquilla,10.9685,-74.7813,25.6,93,0,3.8,157.42,True,6908,2025,10,15,19,,VALID,False,,False,False,False,False,False,-0.96150137897,0.862199665935,0.93,0,America/Bogota,2025-10-16T00:00:00+00:00
1,6920,2025-10-16T07:00:00-05:00,Barranquilla,10.9685,-74.7813,24.4,95,0,10.3,146.94,True,6920,2025,10,16,7,,VALID,False,,False,False,False,False,False,-1.45670977946,0.168932517093,0.95,0,America/Bogota,2025-10-16T12:00:00+00:00
1,6935,2025-10-16T22:00:00-05:00,Barranquilla,10.9685,-74.7813,25.6,90,0,4.3,132.63,True,6935,2025,10,16,22,,VALID,False,,False,False,False,False,False,-0.96150137897,-0.777694668014,0.9,0,America/Bogota,2025-10-17T03:00:00+00:00
1,6977,2025-10-18T16:00:00-05:00,Barranquilla,10.9685,-74.7813,27.6,78,0.3,6.2,136.51,True,6977,2025,10,18,16,,VALID,False,,False,False,False,False,False,-0.136154044816,-0.521027059474,0.78,0.262364264467,America/Bogota,2025-10-18T21:00:00+00:00
1,7076,2025-10-22T19:00:00-05:00,Barranquilla,10.9685,-74.7813,26.7,86,0,9.3,159.8,True,7076,2025,10,22,19,,VALID,False,,False,False,False,False,False,-0.507560345185,1.01964010623,0.86,0,America/Bogota,2025-10-23T00:00:00+00:00
1,7079,2025-10-22T22:00:00-05:00,Barranquilla,10.9685,-74.7813,26,89,0.1,8.5,122.74,True,7079,2025,10,22,22,,VALID,False,,False,False,False,False,False,-0.796431912139,-1.43193246401,0.89,0.0953101798043,America/Bogota,2025-10-23T03:00:00+00:00
1,7092,2025-10-23T11:00:00-05:00,Barranquilla,10.9685,-74.7813,29.7,74,0.5,12,147.13,True,7092,2025,10,23,11,,VALID,False,,False,False,False,False,False,0.730460656046,0.181501291738,0.74,0.405465108108,America/Bogota,2025-10-23T16:00:00+00:00
1,7156,2025-10-26T03:00:00-05:00,Barranquilla,10.9685,-74.7813,24.5,94,0.1,7.9,124.11,True,7156,2025,10,26,3,,VALID,False,,False,False,False,False,False,-1.41544241275,-1.34130498368,0.94,0.0953101798043,America/Bogota,2025-10-26T08:00:00+00:00
1,7162,2025-10-26T09:00:00-05:00,Barranquilla,10.9685,-74.7813,28.8,80,0,8.9,152.35,True,7162,2025,10,26,9,,VALID,False,,False,False,False,False,False,0.359054355677,0.526811837249,0.8,0,America/Bogota,2025-10-26T14:00:00+00:00
1,7170,2025-10-26T17:00:00-05:00,Barranquilla,10.9685,-74.7813,27.3,85,0,3.1,132.69,True,7170,2025,10,26,17,,VALID,False,,False,False,False,False,False,-0.259956144939,-0.773725581284,0.85,0,America/Bogota,2025-10-26T22:00:00+00:00
1,7215,2025-10-28T14:00:00-05:00,Barranquilla,10.9685,-74.7813,30.5,65,0.2,15.4,145.33,True,7215,2025,10,28,14,,VALID,False,,False,False,False,False,False,1.06059958971,0.0624286898378,0.65,0.182321556794,America/Bogota,2025-10-28T19:00:00+00:00
1,7247,2025-10-29T22:00:00-05:00,Barranquilla,10.9685,-74.7813,25.8,94,0,2,134.33,True,7247,2025,10,29,22,,VALID,False,,False,False,False,False,False,-0.878966645554,-0.665237210664,0.94,0,America/Bogota,2025-10-30T03:00:00+00:00
1,7336,2025-11-02T15:00:00-05:00,Barranquilla,10.9685,-74.7813,30.8,70,0,6.4,149.36,True,7336,2025,11,2,15,,VALID,False,,False,False,False,False,False,1.18440168983,0.329019015203,0.7,0,America/Bogota,2025-11-02T20:00:00+00:00
1,7351,2025-11-03T06:00:00-05:00,Barranquilla,10.9685,-74.7813,25.5,97,0,6.5,145.29,True,7351,2025,11,3,6,,VALID,False,,False,False,False,False,False,-1.00276874568,0.0597826320177,0.97,0,America/Bogota,2025-11-03T11:00:00+00:00
1,7360,2025-11-03T15:00:00-05:00,Barranquilla,10.9685,-74.7813,30,71,0.8,4.4,149.32,True,7360,2025,11,3,15,,VALID,False,,False,False,False,False,False,0.854262756169,0.326372957383,0.71,0.587786664902,America/Bogota,2025-11-03T20:00:00+00:00
1,7362,2025-11-03T17:00:00-05:00,Barranquilla,10.9685,-74.7813,28.7,79,0,3.9,145.57,True,7362,2025,11,3,17,,VALID,False,,False,False,False,False,False,0.317786988969,0.0783050367578,0.79,0,America/Bogota,2025-11-03T22:00:00+00:00
1,7383,2025-11-04T14:00:00-05:00,Barranquilla,10.9685,-74.7813,30.2,66,0,6.9,141.83,True,7383,2025,11,4,14,,VALID,False,,False,False,False,False,False,0.936797489584,-0.169101369413,0.66,0,America/Bogota,2025-11-04T19:00:00+00:00
1,7398,2025-11-05T05:00:00-05:00,Barranquilla,10.9685,-74.7813,24.6,99,0,6.6,124.97,True,7398,2025,11,5,5,,VALID,False,,False,False,False,False,False,-1.37417504605,-1.28441474055,0.99,0,America/Bogota,2025-11-05T10:00:00+00:00
1,7442,2025-11-07T01:00:00-05:00,Barranquilla,10.9685,-74.7813,27,90,0,8.9,136.43,True,7442,2025,11,7,1,,VALID,False,,False,False,False,False,False,-0.383758245062,-0.526319175114,0.9,0,America/Bogota,2025-11-07T06:00:00+00:00
1,7495,2025-11-09T06:00:00-05:00,Barranquilla,10.9685,-74.7813,26.8,91,0,6.2,129.86,True,7495,2025,11,9,6,,VALID,False,,False,False,False,False,False,-0.466292978477,-0.96093417205,0.91,0,America/Bogota,2025-11-09T11:00:00+00:00
1,7510,2025-11-09T21:00:00-05:00,Barranquilla,10.9685,-74.7813,28.9,86,0,12.5,161.95,True,7510,2025,11,9,21,,VALID,False,,False,False,False,False,False,0.400321722384,1.16186571405,0.86,0,America/Bogota,2025-11-10T02:00:00+00:00
1,7556,2025-11-11T19:00:00-05:00,Barranquilla,10.9685,-74.7813,27.4,84,0,11.7,167.38,True,7556,2025,11,11,19,,VALID,False,,False,False,False,False,False,-0.218688778231,1.52106806312,0.84,0,America/Bogota,2025-11-12T00:00:00+00:00
1,7587,2025-11-13T02:00:00-05:00,Barranquilla,10.9685,-74.7813,26.8,79,0,7.6,136.88,True,7587,2025,11,13,2,,VALID,False,,False,False,False,False,False,-0.466292978477,-0.496551024639,0.79,0,America/Bogota,2025-11-13T07:00:00+00:00
1,7589,2025-11-13T04:00:00-05:00,Barranquilla,10.9685,-74.7813,25.8,87,0,1.3,136.26,True,7589,2025,11,13,4,,VALID,False,,False,False,False,False,False,-0.878966645554,-0.537564920849,0.87,0,America/Bogota,2025-11-13T09:00:00+00:00
1,7625,2025-11-14T16:00:00-05:00,Barranquilla,10.9685,-74.7813,29.4,73,0,7.8,122.4,True,7625,2025,11,14,16,,VALID,False,,False,False,False,False,False,0.606658555923,-1.45442395548,0.73,0,America/Bogota,2025-11-14T21:00:00+00:00
1,7637,2025-11-15T04:00:00-05:00,Barranquilla,10.9685,-74.7813,25.2,97,1.2,3.5,133.48,True,7637,2025,11,15,4,,VALID,False,,False,False,False,False,False,-1.1265708458,-0.721465939339,0.97,0.788457360364,America/Bogota,2025-11-15T09:00:00+00:00
1,7687,2025-11-17T06:00:00-05:00,Barranquilla,10.9685,-74.7813,24,100,0,5.1,123.17,True,7687,2025,11,17,6,,VALID,False,,False,False,False,False,False,-1.62177924629,-1.40348734245,1,0,America/Bogota,2025-11-17T11:00:00+00:00
1,7727,2025-11-18T22:00:00-05:00,Barranquilla,10.9685,-74.7813,26.6,87,0,15.2,131.1,True,7727,2025,11,18,22,,VALID,False,,False,False,False,False,False,-0.548827711893,-0.87890637963,0.87,0,America/Bogota,2025-11-19T03:00:00+00:00
1,7745,2025-11-19T16:00:00-05:00,Barranquilla,10.9685,-74.7813,29.3,77,0,12.8,131.91,True,7745,2025,11,19,16,,VALID,False,,False,False,False,False,False,0.565391189215,-0.825323708774,0.77,0,America/Bogota,2025-11-19T21:00:00+00:00
1,7750,2025-11-19T21:00:00-05:00,Barranquilla,10.9685,-74.7813,27.5,86,0,19.2,171.92,True,7750,2025,11,19,21,,VALID,False,,False,False,False,False,False,-0.177421411523,1.82139562569,0.86,0,America/Bogota,2025-11-20T02:00:00+00:00
1,7924,2025-11-27T03:00:00-05:00,Barranquilla,10.9685,-74.7813,26.9,81,0,11.8,132.03,True,7924,2025,11,27,3,,VALID,False,,False,False,False,False,False,-0.42502561177,-0.817385535314,0.81,0,America/Bogota,2025-11-27T08:00:00+00:00
1,8003,2025-11-30T10:00:00-05:00,Barranquilla,10.9685,-74.7813,28.2,77,0.1,6.3,143.93,True,8003,2025,11,30,10,,VALID,False,,False,False,False,False,False,0.11145015543,-0.0301833338625,0.77,0.0953101798043,America/Bogota,2025-11-30T15:00:00+00:00
1,8098,2025-12-04T09:00:00-05:00,Barranquilla,10.9685,-74.7813,28.8,72,0,4.8,148.62,True,8098,2025,12,4,9,,VALID,False,,False,False,False,False,False,0.359054355677,0.280066945533,0.72,0,America/Bogota,2025-12-04T14:00:00+00:00
1,8118,2025-12-05T05:00:00-05:00,Barranquilla,10.9685,-74.7813,23.5,97,0,2.4,115.18,True,8118,2025,12,5,5,,VALID,False,,False,False,False,False,False,-1.82811607983,-1.93203739199,0.97,0,America/Bogota,2025-12-05T10:00:00+00:00
1,8182,2025-12-07T21:00:00-05:00,Barranquilla,10.9685,-74.7813,27,87,0,3.6,181.48,True,8182,2025,12,7,21,,VALID,False,,False,False,False,False,False,-0.383758245062,2.45380344467,0.87,0,America/Bogota,2025-12-08T02:00:00+00:00
1,8191,2025-12-08T06:00:00-05:00,Barranquilla,10.9685,-74.7813,24.5,96,0,4.9,133.95,True,8191,2025,12,8,6,,VALID,False,,False,False,False,False,False,-1.41544241275,-0.690374759954,0.96,0,America/Bogota,2025-12-08T11:00:00+00:00
1,8267,2025-12-11T10:00:00-05:00,Barranquilla,10.9685,-74.7813,30.8,64,0,8.8,150.84,True,8267,2025,12,11,10,,VALID,False,,False,False,False,False,False,1.18440168983,0.426923154544,0.64,0,America/Bogota,2025-12-11T15:00:00+00:00
1,8292,2025-12-12T11:00:00-05:00,Barranquilla,10.9685,-74.7813,31.3,64,0,6.8,127.55,True,8292,2025,12,12,11,,VALID,False,,False,False,False,False,False,1.39073852337,-1.11374401116,0.64,0,America/Bogota,2025-12-12T16:00:00+00:00
1,8317,2025-12-13T12:00:00-05:00,Barranquilla,10.9685,-74.7813,31.7,58,1.1,5.9,147.79,True,8317,2025,12,13,12,,VALID,False,,False,False,False,False,False,1.5558079902,0.225161245768,0.58,0.741937344729,America/Bogota,2025-12-13T17:00:00+00:00
1,8367,2025-12-15T14:00:00-05:00,Barranquilla,10.9685,-74.7813,31.1,63,0.2,8.7,135.5,True,8367,2025,12,15,14,,VALID,False,,False,False,False,False,False,1.30820378995,-0.587840019429,0.63,0.182321556794,America/Bogota,2025-12-15T19:00:00+00:00
1,8372,2025-12-15T19:00:00-05:00,Barranquilla,10.9685,-74.7813,26.7,88,0,11.6,177.55,True,8372,2025,12,15,19,,VALID,False,,False,False,False,False,False,-0.507560345185,2.19382826385,0.88,0,America/Bogota,2025-12-16T00:00:00+00:00
1,8384,2025-12-16T07:00:00-05:00,Barranquilla,10.9685,-74.7813,25.5,97,0,3.3,156.12,True,8384,2025,12,16,7,,VALID,False,,False,False,False,False,False,-1.00276874568,0.776202786785,0.97,0,America/Bogota,2025-12-16T12:00:00+00:00
1,8399,2025-12-16T22:00:00-05:00,Barranquilla,10.9685,-74.7813,26.6,81,0,14.7,126.31,True,8399,2025,12,16,22,,VALID,False,,False,False,False,False,False,-0.548827711893,-1.19577180358,0.81,0,America/Bogota,2025-12-17T03:00:00+00:00
1,8441,2025-12-18T16:00:00-05:00,Barranquilla,10.9685,-74.7813,28.3,78,0,14.9,126.79,True,8441,2025,12,18,16,,VALID,False,,False,False,False,False,False,0.152717522138,-1.16401910974,0.78,0,America/Bogota,2025-12-18T21:00:00+00:00
1,8540,2025-12-22T19:00:00-05:00,Barranquilla,10.9685,-74.7813,27,84,0,15.9,176.77,True,8540,2025,12,22,19,,VALID,False,,False,False,False,False,False,-0.383758245062,2.14223013636,0.84,0,America/Bogota,2025-12-23T00:00:00+00:00
1,8543,2025-12-22T22:00:00-05:00,Barranquilla,10.9685,-74.7813,26.6,84,0,19.1,135.02,True,8543,2025,12,22,22,,VALID,False,,False,False,False,False,False,-0.548827711893,-0.619592713269,0.84,0,America/Bogota,2025-12-23T03:00:00+00:00
1,8556,2025-12-23T11:00:00-05:00,Barranquilla,10.9685,-74.7813,33.9,45,0,6.2,154.98,True,8556,2025,12,23,11,,VALID,False,,False,False,False,False,False,2.46369005777,0.700790138914,0.45,0,America/Bogota,2025-12-23T16:00:00+00:00
1,8620,2025-12-26T03:00:00-05:00,Barranquilla,10.9685,-74.7813,25.8,73,0,17.1,142.4,True,8620,2025,12,26,3,,VALID,False,,False,False,False,False,False,-0.878966645554,-0.131395045478,0.73,0,America/Bogota,2025-12-26T08:00:00+00:00
1,8626,2025-12-26T09:00:00-05:00,Barranquilla,10.9685,-74.7813,29.6,61,0,6,160.29,True,8626,2025,12,26,9,,VALID,False,,False,False,False,False,False,0.689193289338,1.05205431452,0.61,0,America/Bogota,2025-12-26T14:00:00+00:00
1,8634,2025-12-26T17:00:00-05:00,Barranquilla,10.9685,-74.7813,27.2,76,0,15.9,138.38,True,8634,2025,12,26,17,,VALID,False,,False,False,False,False,False,-0.301223511646,-0.397323856388,0.76,0,America/Bogota,2025-12-26T22:00:00+00:00
1,8679,2025-12-28T14:00:00-05:00,Barranquilla,10.9685,-74.7813,30.9,56,0,13.8,135.93,True,8679,2025,12,28,14,,VALID,False,,False,False,False,False,False,1.22566905654,-0.559394897864,0.56,0,America/Bogota,2025-12-28T19:00:00+00:00
1,8711,2025-12-29T22:00:00-05:00,Barranquilla,10.9685,-74.7813,26.9,80,0,17.2,135.94,True,8711,2025,12,29,22,,VALID,False,,False,False,False,False,False,-0.42502561177,-0.558733383409,0.8,0,America/Bogota,2025-12-30T03:00:00+00:00
2,82,2025-01-04T09:00:00-05:00,Bogota,4.711,-74.0721,15,74,0,0.3,156.64,True,8842,2025,1,4,9,,VALID,False,,False,False,False,False,False,0.288438255059,0.111423101136,0.74,0,America/Bogota,2025-01-04T14:00:00+00:00
2,102,2025-01-05T05:00:00-05:00,Bogota,4.711,-74.0721,9.2,96,0,2.3,158.53,True,8862,2025,1,5,5,,VALID,False,,False,False,False,False,False,-1.36605115676,0.215176611722,0.96,0,America/Bogota,2025-01-05T10:00:00+00:00
2,166,2025-01-07T21:00:00-05:00,Bogota,4.711,-74.0721,13.6,91,0,2.2,189.29,True,8926,2025,1,7,21,,VALID,False,,False,False,False,False,False,-0.110921258138,1.90377872051,0.91,0,America/Bogota,2025-01-08T02:00:00+00:00
2,175,2025-01-08T06:00:00-05:00,Bogota,4.711,-74.0721,10.1,100,0,0.9,165.57,True,8935,2025,1,8,6,,VALID,False,,False,False,False,False,False,-1.10932004113,0.601644714642,1,0,America/Bogota,2025-01-08T11:00:00+00:00
2,251,2025-01-11T10:00:00-05:00,Bogota,4.711,-74.0721,17.3,62,0,2.1,149.98,True,9011,2025,1,11,10,,VALID,False,,False,False,False,False,False,0.944528883882,-0.254184507593,0.62,0,America/Bogota,2025-01-11T15:00:00+00:00
2,276,2025-01-12T11:00:00-05:00,Bogota,4.711,-74.0721,18.5,53,0,1,148.89,True,9036,2025,1,12,11,,VALID,False,,False,False,False,False,False,1.28683703805,-0.3140211883,0.53,0,America/Bogota,2025-01-12T16:00:00+00:00
2,301,2025-01-13T12:00:00-05:00,Bogota,4.711,-74.0721,20.6,44,0,3.6,138.65,True,9061,2025,1,13,12,,VALID,False,,False,False,False,False,False,1.88587630785,-0.87615661073,0.44,0,America/Bogota,2025-01-13T17:00:00+00:00
2,351,2025-01-15T14:00:00-05:00,Bogota,4.711,-74.0721,21.3,39,0,11.9,134.94,True,9111,2025,1,15,14,,VALID,False,,False,False,False,False,False,2.08555606444,-1.07982090929,0.39,0,America/Bogota,2025-01-15T19:00:00+00:00
2,356,2025-01-15T19:00:00-05:00,Bogota,4.711,-74.0721,14.2,83,0,4.3,173.59,True,9116,2025,1,15,19,,VALID,False,,False,False,False,False,False,0.0602328189465,1.04191093416,0.83,0,America/Bogota,2025-01-16T00:00:00+00:00
2,368,2025-01-16T07:00:00-05:00,Bogota,4.711,-74.0721,9.9,99,0,1.8,176.34,True,9128,2025,1,16,7,,VALID,False,,False,False,False,False,False,-1.16637140016,1.19287503687,0.99,0,America/Bogota,2025-01-16T12:00:00+00:00
2,383,2025-01-16T22:00:00-05:00,Bogota,4.711,-74.0721,12.5,94,0.1,1.9,135.28,True,9143,2025,1,16,22,,VALID,False,,False,False,False,False,False,-0.424703732792,-1.06115625659,0.94,0.0953101798043,America/Bogota,2025-01-17T03:00:00+00:00
2,425,2025-01-18T16:00:00-05:00,Bogota,4.711,-74.0721,21,34,0,9.7,126.85,True,9185,2025,1,18,16,,VALID,False,,False,False,False,False,False,1.9999790259,-1.52392985142,0.34,0,America/Bogota,2025-01-18T21:00:00+00:00
2,524,2025-01-22T19:00:00-05:00,Bogota,4.711,-74.0721,14.7,61,0,5.2,164.27,True,9284,2025,1,22,19,,VALID,False,,False,False,False,False,False,0.202861216517,0.530279866091,0.61,0,America/Bogota,2025-01-23T00:00:00+00:00
2,527,2025-01-22T22:00:00-05:00,Bogota,4.711,-74.0721,10.4,79,0,5.2,152.29,True,9287,2025,1,22,22,,VALID,False,,False,False,False,False,False,-1.02374300259,-0.127374661322,0.79,0,America/Bogota,2025-01-23T03:00:00+00:00
2,540,2025-01-23T11:00:00-05:00,Bogota,4.711,-74.0721,19,35,0,13.6,139.75,True,9300,2025,1,23,11,,VALID,True,wind_speed_kmh,False,False,False,True,False,1.42946543562,-0.815770969649,0.35,0,America/Bogota,2025-01-23T16:00:00+00:00
2,604,2025-01-26T03:00:00-05:00,Bogota,4.711,-74.0721,10.6,97,0,4.4,147.19,True,9364,2025,1,26,3,,VALID,False,,False,False,False,False,False,-0.966691643559,-0.40734445179,0.97,0,America/Bogota,2025-01-26T08:00:00+00:00
2,610,2025-01-26T09:00:00-05:00,Bogota,4.711,-74.0721,15.3,72,0.1,8.3,175.13,True,9370,2025,1,26,9,,VALID,False,,False,False,False,False,False,0.374015293601,1.12645083168,0.72,0.0953101798043,America/Bogota,2025-01-26T14:00:00+00:00
2,618,2025-01-26T17:00:00-05:00,Bogota,4.711,-74.0721,17.7,57,0,10.1,137.18,True,9378,2025,1,26,17,,VALID,False,,False,False,False,False,False,1.05863160194,-0.95685378563,0.57,0,America/Bogota,2025-01-26T22:00:00+00:00
2,663,2025-01-28T14:00:00-05:00,Bogota,4.711,-74.0721,20.6,44,0.1,11.3,131.29,True,9423,2025,1,28,14,,VALID,False,,False,False,False,False,False,1.88587630785,-1.2801914456,0.44,0.0953101798043,America/Bogota,2025-01-28T19:00:00+00:00
2,695,2025-01-29T22:00:00-05:00,Bogota,4.711,-74.0721,11.4,90,0,6.7,160.53,True,9455,2025,1,29,22,,VALID,False,,False,False,False,False,False,-0.738486207447,0.324968686415,0.9,0,America/Bogota,2025-01-30T03:00:00+00:00
2,799,2025-02-03T06:00:00-05:00,Bogota,4.711,-74.0721,10.2,97,0,4.5,149.83,True,9559,2025,2,3,6,,VALID,False,,False,False,False,False,False,-1.08079436162,-0.262418913195,0.97,0,America/Bogota,2025-02-03T11:00:00+00:00
2,808,2025-02-03T15:00:00-05:00,Bogota,4.711,-74.0721,20.9,42,0,10.7,124.14,True,9568,2025,2,3,15,,VALID,False,,False,False,False,False,False,1.97145334639,-1.67269811263,0.42,0,America/Bogota,2025-02-03T20:00:00+00:00
2,826,2025-02-04T09:00:00-05:00,Bogota,4.711,-74.0721,16.1,65,0,4.8,163.56,True,9586,2025,2,4,9,,VALID,False,,False,False,False,False,False,0.602220729713,0.491303679575,0.65,0,America/Bogota,2025-02-04T14:00:00+00:00
2,835,2025-02-04T18:00:00-05:00,Bogota,4.711,-74.0721,16.1,69,0.1,9.5,173.37,True,9595,2025,2,4,18,,VALID,False,,False,False,False,False,False,0.602220729713,1.02983380595,0.69,0.0953101798043,America/Bogota,2025-02-04T23:00:00+00:00
2,900,2025-02-07T11:00:00-05:00,Bogota,4.711,-74.0721,19.1,54,0.1,6.2,144.14,True,9660,2025,2,7,11,,VALID,False,,False,False,False,False,False,1.45799111514,-0.574777365697,0.54,0.0953101798043,America/Bogota,2025-02-07T16:00:00+00:00
2,903,2025-02-07T14:00:00-05:00,Bogota,4.711,-74.0721,21.6,41,0,4,128.98,True,9663,2025,2,7,14,,VALID,False,,False,False,False,False,False,2.17113310299,-1.40700129187,0.41,0,America/Bogota,2025-02-07T19:00:00+00:00
2,944,2025-02-09T07:00:00-05:00,Bogota,4.711,-74.0721,11.5,95,0,5.1,172.77,True,9704,2025,2,9,7,,VALID,False,,False,False,False,False,False,-0.709960527933,0.996896183538,0.95,0,America/Bogota,2025-02-09T12:00:00+00:00
2,956,2025-02-09T19:00:00-05:00,Bogota,4.711,-74.0721,14,88,2.8,4.5,192.29,True,9716,2025,2,9,19,,VALID,True,precipitation_mm,False,False,True,False,False,0.00318145991841,2.06846683255,0.88,1.33500106673,America/Bogota,2025-02-10T00:00:00+00:00
2,966,2025-02-10T05:00:00-05:00,Bogota,4.711,-74.0721,11.5,99,1.1,4,138,True,9726,2025,2,10,5,,VALID,True,precipitation_mm,False,False,True,False,False,-0.709960527933,-0.911839035006,0.99,0.741937344729,America/Bogota,2025-02-10T10:00:00+00:00
2,1009,2025-02-12T00:00:00-05:00,Bogota,4.711,-74.0721,11.9,100,0,2.2,152.79,True,9769,2025,2,12,0,,VALID,False,,False,False,False,False,False,-0.595857809877,-0.0999266426484,1,0,America/Bogota,2025-02-12T05:00:00+00:00
2,1020,2025-02-12T11:00:00-05:00,Bogota,4.711,-74.0721,18.9,58,0.3,1.5,123.78,True,9780,2025,2,12,11,,VALID,True,precipitation_mm,False,False,True,False,False,1.40093975611,-1.69246068608,0.58,0.262364264467,America/Bogota,2025-02-12T16:00:00+00:00
2,1044,2025-02-13T11:00:00-05:00,Bogota,4.711,-74.0721,18.4,60,0.1,2.5,124.21,True,9804,2025,2,13,11,,VALID,False,,False,False,False,False,False,1.25831135854,-1.66885539002,0.6,0.0953101798043,America/Bogota,2025-02-13T16:00:00+00:00
2,1055,2025-02-13T22:00:00-05:00,Bogota,4.711,-74.0721,12.2,95,0,3.1,153.29,True,9815,2025,2,13,22,,VALID,False,,False,False,False,False,False,-0.510280771335,-0.0724786239751,0.95,0,America/Bogota,2025-02-14T03:00:00+00:00
2,1099,2025-02-15T18:00:00-05:00,Bogota,4.711,-74.0721,14.3,87,0.4,1.6,174.66,True,9859,2025,2,15,18,,VALID,True,precipitation_mm,False,False,True,False,False,0.0887584984606,1.10064969412,0.87,0.336472236621,America/Bogota,2025-02-15T23:00:00+00:00
2,1106,2025-02-16T01:00:00-05:00,Bogota,4.711,-74.0721,10.9,99,0.1,0.9,152.61,True,9866,2025,2,16,1,,VALID,False,,False,False,False,False,False,-0.881114605017,-0.109807929371,0.99,0.0953101798043,America/Bogota,2025-02-16T06:00:00+00:00
2,1107,2025-02-16T02:00:00-05:00,Bogota,4.711,-74.0721,11.3,98,0.1,0.2,136.02,True,9867,2025,2,16,2,,VALID,False,,False,False,False,False,False,-0.767011886961,-1.02053318895,0.98,0.0953101798043,America/Bogota,2025-02-16T07:00:00+00:00
2,1226,2025-02-21T01:00:00-05:00,Bogota,4.711,-74.0721,12.3,95,0,2.5,155.72,True,9986,2025,2,21,1,,VALID,False,,False,False,False,False,False,-0.48175509182,0.0609187467774,0.95,0,America/Bogota,2025-02-21T06:00:00+00:00
2,1289,2025-02-23T16:00:00-05:00,Bogota,4.711,-74.0721,17.4,70,3.1,7.1,135.8,True,10049,2025,2,23,16,,VALID,True,precipitation_mm,False,False,True,False,False,0.973054563396,-1.03261031717,0.7,1.41098697371,America/Bogota,2025-02-23T21:00:00+00:00
2,1347,2025-02-26T02:00:00-05:00,Bogota,4.711,-74.0721,10.7,100,0,2.4,153.26,True,10107,2025,2,26,2,,VALID,False,,False,False,False,False,False,-0.938165964045,-0.0741255050955,1,0,America/Bogota,2025-02-26T07:00:00+00:00
2,1384,2025-02-27T15:00:00-05:00,Bogota,4.711,-74.0721,16.6,76,6.9,7.8,142.17,True,10144,2025,2,27,15,,VALID,True,precipitation_mm,False,False,True,False,False,0.744849127284,-0.68292255927,0.76,2.06686275947,America/Bogota,2025-02-27T20:00:00+00:00
2,1498,2025-03-04T09:00:00-05:00,Bogota,4.711,-74.0721,14.6,86,0,0.4,182.7,True,10258,2025,3,4,9,,VALID,False,,False,False,False,False,False,0.174335537003,1.54201383439,0.86,0,America/Bogota,2025-03-04T14:00:00+00:00
2,1518,2025-03-05T05:00:00-05:00,Bogota,4.711,-74.0721,10,100,0,0.4,147.73,True,10278,2025,3,5,5,,VALID,False,,False,False,False,False,False,-1.13784572064,-0.377700591623,1,0,America/Bogota,2025-03-05T10:00:00+00:00
2,1582,2025-03-07T21:00:00-05:00,Bogota,4.711,-74.0721,12.8,89,0.5,2,180.94,True,10342,2025,3,7,21,,VALID,True,precipitation_mm,False,False,True,False,False,-0.33912669425,1.44539680866,0.89,0.405465108108,America/Bogota,2025-03-08T02:00:00+00:00
2,1591,2025-03-08T06:00:00-05:00,Bogota,4.711,-74.0721,8.8,99,0,2.1,149.57,True,10351,2025,3,8,6,,VALID,False,,False,False,False,False,False,-1.48015387481,-0.276691882905,0.99,0,America/Bogota,2025-03-08T11:00:00+00:00
2,1667,2025-03-11T10:00:00-05:00,Bogota,4.711,-74.0721,16.7,68,0,1.5,134.96,True,10427,2025,3,11,10,,VALID,False,,False,False,False,False,False,0.773374806798,-1.07872298854,0.68,0,America/Bogota,2025-03-11T15:00:00+00:00
2,1692,2025-03-12T11:00:00-05:00,Bogota,4.711,-74.0721,18.6,63,0.1,7,131.12,True,10452,2025,3,12,11,,VALID,False,,False,False,False,False,False,1.31536271756,-1.28952377195,0.63,0.0953101798043,America/Bogota,2025-03-12T16:00:00+00:00
2,1717,2025-03-13T12:00:00-05:00,Bogota,4.711,-74.0721,18,65,0.9,12.3,129.26,True,10477,2025,3,13,12,,VALID,True,precipitation_mm,False,False,True,False,False,1.14420864048,-1.39163040142,0.65,0.641853886172,America/Bogota,2025-03-13T17:00:00+00:00
2,1767,2025-03-15T14:00:00-05:00,Bogota,4.711,-74.0721,20.1,51,0,8.3,130.04,True,10527,2025,3,15,14,,VALID,False,,False,False,False,False,False,1.74324791028,-1.34881149229,0.51,0,America/Bogota,2025-03-15T19:00:00+00:00
2,1772,2025-03-15T19:00:00-05:00,Bogota,4.711,-74.0721,14.5,81,0,4.7,177.1,True,10532,2025,3,15,19,,VALID,False,,False,False,False,False,False,0.145809857489,1.23459602525,0.81,0,America/Bogota,2025-03-16T00:00:00+00:00
2,1784,2025-03-16T07:00:00-05:00,Bogota,4.711,-74.0721,10.9,98,0,1.8,178.89,True,10544,2025,3,16,7,,VALID,False,,False,False,False,False,False,-0.881114605017,1.3328599321,0.98,0,America/Bogota,2025-03-16T12:00:00+00:00
2,1799,2025-03-16T22:00:00-05:00,Bogota,4.711,-74.0721,12.2,97,0,3.6,150.5,True,10559,2025,3,16,22,,VALID,False,,False,False,False,False,False,-0.510280771335,-0.225638568172,0.97,0,America/Bogota,2025-03-17T03:00:00+00:00
2,1841,2025-03-18T16:00:00-05:00,Bogota,4.711,-74.0721,17.1,66,0.5,9.3,147.54,True,10601,2025,3,18,16,,VALID,True,precipitation_mm,False,False,True,False,False,0.887477524854,-0.388130838718,0.66,0.405465108108,America/Bogota,2025-03-18T21:00:00+00:00
2,1940,2025-03-22T19:00:00-05:00,Bogota,4.711,-74.0721,14.5,80,0,5,197.41,True,10700,2025,3,22,19,,VALID,False,,False,False,False,False,False,0.145809857489,2.34953454376,0.8,0,America/Bogota,2025-03-23T00:00:00+00:00
2,1943,2025-03-22T22:00:00-05:00,Bogota,4.711,-74.0721,11.3,93,0,3.1,143.19,True,10703,2025,3,22,22,,VALID,False,,False,False,False,False,False,-0.767011886961,-0.626928601177,0.93,0,America/Bogota,2025-03-23T03:00:00+00:00
2,1956,2025-03-23T11:00:00-05:00,Bogota,4.711,-74.0721,18.2,58,0,10.4,138.5,True,10716,2025,3,23,11,,VALID,False,,False,False,False,False,False,1.20125999951,-0.884391016332,0.58,0,America/Bogota,2025-03-23T16:00:00+00:00
2,2020,2025-03-26T03:00:00-05:00,Bogota,4.711,-74.0721,8.9,100,0,4.7,153.94,True,10780,2025,3,26,3,,VALID,False,,False,False,False,False,False,-1.4516281953,-0.0367961996997,1,0,America/Bogota,2025-03-26T08:00:00+00:00
2,2026,2025-03-26T09:00:00-05:00,Bogota,4.711,-74.0721,14.9,73,0,2.9,144.44,True,10786,2025,3,26,9,,VALID,False,,False,False,False,False,False,0.259912575545,-0.558308554493,0.73,0,America/Bogota,2025-03-26T14:00:00+00:00
2,2034,2025-03-26T17:00:00-05:00,Bogota,4.711,-74.0721,18.5,61,0,12.1,137.26,True,10794,2025,3,26,17,,VALID,False,,False,False,False,False,False,1.28683703805,-0.952462102642,0.61,0,America/Bogota,2025-03-26T22:00:00+00:00
2,2079,2025-03-28T14:00:00-05:00,Bogota,4.711,-74.0721,19.2,59,0.1,4.4,138.39,True,10839,2025,3,28,14,,VALID,False,,False,False,False,False,False,1.48651679465,-0.890429580441,0.59,0.0953101798043,America/Bogota,2025-03-28T19:00:00+00:00
2,2111,2025-03-29T22:00:00-05:00,Bogota,4.711,-74.0721,12.1,99,0,1.8,145.39,True,10871,2025,3,29,22,,VALID,False,,False,False,False,False,False,-0.538806450849,-0.506157319014,0.99,0,America/Bogota,2025-03-30T03:00:00+00:00
2,2200,2025-04-02T15:00:00-05:00,Bogota,4.711,-74.0721,18.2,68,0,7.2,137.89,True,10960,2025,4,2,15,,VALID,False,,False,False,False,False,False,1.20125999951,-0.917877599114,0.68,0,America/Bogota,2025-04-02T20:00:00+00:00
2,2215,2025-04-03T06:00:00-05:00,Bogota,4.711,-74.0721,8.4,100,0,2.2,169.51,True,10975,2025,4,3,6,,VALID,False,,False,False,False,False,False,-1.59425659287,0.817935101788,1,0,America/Bogota,2025-04-03T11:00:00+00:00
2,2224,2025-04-03T15:00:00-05:00,Bogota,4.711,-74.0721,19.8,60,0,6.9,127.82,True,10984,2025,4,3,15,,VALID,False,,False,False,False,False,False,1.65767087173,-1.4706806952,0.6,0,America/Bogota,2025-04-03T20:00:00+00:00
2,2226,2025-04-03T17:00:00-05:00,Bogota,4.711,-74.0721,14.8,82,10,5.2,165.14,True,10986,2025,4,3,17,,VALID,True,precipitation_mm,False,False,True,False,False,0.231386896031,0.578039418583,0.82,2.3978952728,America/Bogota,2025-04-03T22:00:00+00:00
2,2247,2025-04-04T14:00:00-05:00,Bogota,4.711,-74.0721,18,68,3.3,7.8,136.83,True,11007,2025,4,4,14,,VALID,True,precipitation_mm,False,False,True,False,False,1.14420864048,-0.976067398701,0.68,1.4586150227,America/Bogota,2025-04-04T19:00:00+00:00
2,2262,2025-04-05T05:00:00-05:00,Bogota,4.711,-74.0721,10.7,99,0,2.6,152.24,True,11022,2025,4,5,5,,VALID,False,,False,False,False,False,False,-0.938165964045,-0.130119463189,0.99,0,America/Bogota,2025-04-05T10:00:00+00:00
2,2306,2025-04-07T01:00:00-05:00,Bogota,4.711,-74.0721,13,95,0.3,0.9,150.78,True,11066,2025,4,7,1,,VALID,True,precipitation_mm,False,False,True,False,False,-0.282075335222,-0.210267677715,0.95,0.262364264467,America/Bogota,2025-04-07T06:00:00+00:00
2,2359,2025-04-09T06:00:00-05:00,Bogota,4.711,-74.0721,11.2,99,0,4.7,147.25,True,11119,2025,4,9,6,,VALID,False,,False,False,False,False,False,-0.795537566475,-0.404050689549,0.99,0,America/Bogota,2025-04-09T11:00:00+00:00
2,2374,2025-04-09T21:00:00-05:00,Bogota,4.711,-74.0721,13,92,2.3,0.9,174.26,True,11134,2025,4,9,21,,VALID,True,precipitation_mm,False,False,True,False,False,-0.282075335222,1.07869127918,0.92,1.19392246847,America/Bogota,2025-04-10T02:00:00+00:00
2,2420,2025-04-11T19:00:00-05:00,Bogota,4.711,-74.0721,13.4,89,0,3.4,181.48,True,11180,2025,4,11,19,,VALID,False,,False,False,False,False,False,-0.167972617166,1.47504066883,0.89,0,America/Bogota,2025-04-12T00:00:00+00:00
2,2451,2025-04-13T02:00:00-05:00,Bogota,4.711,-74.0721,10.4,97,0,2,154.91,True,11211,2025,4,13,2,,VALID,False,,False,False,False,False,False,-1.02374300259,0.0164529565266,0.97,0,America/Bogota,2025-04-13T07:00:00+00:00
2,2453,2025-04-13T04:00:00-05:00,Bogota,4.711,-74.0721,9.3,98,0,1.9,171.67,True,11213,2025,4,13,4,,VALID,False,,False,False,False,False,False,-1.33752547724,0.936510542457,0.98,0,America/Bogota,2025-04-13T09:00:00+00:00
2,2489,2025-04-14T16:00:00-05:00,Bogota,4.711,-74.0721,21.4,43,0,6.4,131.58,True,11249,2025,4,14,16,,VALID,False,,False,False,False,False,False,2.11408174396,-1.26427159477,0.43,0,America/Bogota,2025-04-14T21:00:00+00:00
2,2501,2025-04-15T04:00:00-05:00,Bogota,4.711,-74.0721,8.7,96,0,3.2,151.99,True,11261,2025,4,15,4,,VALID,False,,False,False,False,False,False,-1.50867955433,-0.143843472526,0.96,0,America/Bogota,2025-04-15T09:00:00+00:00
2,2551,2025-04-17T06:00:00-05:00,Bogota,4.711,-74.0721,10.1,97,0,3.2,156.7,True,11311,2025,4,17,6,,VALID,False,,False,False,False,False,False,-1.10932004113,0.114716863377,0.97,0,America/Bogota,2025-04-17T11:00:00+00:00
2,2591,2025-04-18T22:00:00-05:00,Bogota,4.711,-74.0721,13,95,0,3.2,145.43,True,11351,2025,4,18,22,,VALID,False,,False,False,False,False,False,-0.282075335222,-0.50396147752,0.95,0,America/Bogota,2025-04-19T03:00:00+00:00
2,2609,2025-04-19T16:00:00-05:00,Bogota,4.711,-74.0721,19.9,54,0.1,11.4,130.8,True,11369,2025,4,19,16,,VALID,False,,False,False,False,False,False,1.68619655125,-1.3070905039,0.54,0.0953101798043,America/Bogota,2025-04-19T21:00:00+00:00
2,2614,2025-04-19T21:00:00-05:00,Bogota,4.711,-74.0721,13.9,88,0,2.7,192.11,True,11374,2025,4,19,21,,VALID,False,,False,False,False,False,False,-0.0253442195956,2.05858554582,0.88,0,America/Bogota,2025-04-20T02:00:00+00:00
2,2788,2025-04-27T03:00:00-05:00,Bogota,4.711,-74.0721,12,97,0,3.1,155,True,11548,2025,4,27,3,,VALID,False,,False,False,False,False,False,-0.567332130363,0.0213935998878,0.97,0,America/Bogota,2025-04-27T08:00:00+00:00
2,2867,2025-04-30T10:00:00-05:00,Bogota,4.711,-74.0721,15.3,80,0.5,3.1,141.27,True,11627,2025,4,30,10,,VALID,True,precipitation_mm,False,False,True,False,False,0.374015293601,-0.732328992882,0.8,0.405465108108,America/Bogota,2025-04-30T15:00:00+00:00
2,2962,2025-05-04T09:00:00-05:00,Bogota,4.711,-74.0721,15.7,74,0.1,3.5,160.39,True,11722,2025,5,4,9,,VALID,False,,False,False,False,False,False,0.488118011657,0.317283241186,0.74,0.0953101798043,America/Bogota,2025-05-04T14:00:00+00:00
2,2982,2025-05-05T05:00:00-05:00,Bogota,4.711,-74.0721,11.6,94,0,0,156.23,True,11742,2025,5,5,5,,VALID,False,,False,False,False,False,False,-0.681434848419,0.0889157258242,0.94,0,America/Bogota,2025-05-05T10:00:00+00:00
2,3046,2025-05-07T21:00:00-05:00,Bogota,4.711,-74.0721,12.3,98,0,1.8,186.23,True,11806,2025,5,7,21,,VALID,False,,False,False,False,False,False,-0.48175509182,1.73579684622,0.98,0,America/Bogota,2025-05-08T02:00:00+00:00
2,3055,2025-05-08T06:00:00-05:00,Bogota,4.711,-74.0721,9.6,100,0,0.8,155.68,True,11815,2025,5,8,6,,VALID,False,,False,False,False,False,False,-1.2519484387,0.0587229052835,1,0,America/Bogota,2025-05-08T11:00:00+00:00
2,3131,2025-05-11T10:00:00-05:00,Bogota,4.711,-74.0721,16.2,71,0.2,7.9,138.96,True,11891,2025,5,11,10,,VALID,False,,False,False,False,False,False,0.630746409228,-0.859138839153,0.71,0.182321556794,America/Bogota,2025-05-11T15:00:00+00:00
2,3156,2025-05-12T11:00:00-05:00,Bogota,4.711,-74.0721,18.7,60,0.2,7.5,137.23,True,11916,2025,5,12,11,,VALID,False,,False,False,False,False,False,1.34388839708,-0.954108983763,0.6,0.182321556794,America/Bogota,2025-05-12T16:00:00+00:00
2,3181,2025-05-13T12:00:00-05:00,Bogota,4.711,-74.0721,17.4,68,0.1,9,144.26,True,11941,2025,5,13,12,,VALID,False,,False,False,False,False,False,0.973054563396,-0.568189841216,0.68,0.0953101798043,America/Bogota,2025-05-13T17:00:00+00:00
2,3231,2025-05-15T14:00:00-05:00,Bogota,4.711,-74.0721,16.5,75,5.8,6.5,143.75,True,11991,2025,5,15,14,,VALID,True,precipitation_mm,False,False,True,False,False,0.71632344777,-0.596186820262,0.75,1.91692261218,America/Bogota,2025-05-15T19:00:00+00:00
2,3236,2025-05-15T19:00:00-05:00,Bogota,4.711,-74.0721,14.2,92,0.2,4.7,184.26,True,11996,2025,5,15,19,,VALID,False,,False,False,False,False,False,0.0602328189465,1.62765165265,0.92,0.182321556794,America/Bogota,2025-05-16T00:00:00+00:00
2,3248,2025-05-16T07:00:00-05:00,Bogota,4.711,-74.0721,11.4,94,0,3.5,181.63,True,12008,2025,5,16,7,,VALID,False,,False,False,False,False,False,-0.738486207447,1.48327507443,0.94,0,America/Bogota,2025-05-16T12:00:00+00:00
2,3263,2025-05-16T22:00:00-05:00,Bogota,4.711,-74.0721,13.2,92,0,1.4,152.63,True,12023,2025,5,16,22,,VALID,False,,False,False,False,False,False,-0.225023976194,-0.108710008624,0.92,0,America/Bogota,2025-05-17T03:00:00+00:00
2,3305,2025-05-18T16:00:00-05:00,Bogota,4.711,-74.0721,16,77,2.5,6.2,136.76,True,12065,2025,5,18,16,,VALID,True,precipitation_mm,False,False,True,False,False,0.573695050199,-0.979910121316,0.77,1.2527629685,America/Bogota,2025-05-18T21:00:00+00:00
2,3404,2025-05-22T19:00:00-05:00,Bogota,4.711,-74.0721,12.4,96,0,2.4,181.02,True,12164,2025,5,22,19,,VALID,False,,False,False,False,False,False,-0.453229412306,1.44978849165,0.96,0,America/Bogota,2025-05-23T00:00:00+00:00
2,3407,2025-05-22T22:00:00-05:00,Bogota,4.711,-74.0721,11.9,94,0,2.6,149.76,True,12167,2025,5,22,22,,VALID,False,,False,False,False,False,False,-0.595857809877,-0.266261635809,0.94,0,America/Bogota,2025-05-23T03:00:00+00:00
2,3420,2025-05-23T11:00:00-05:00,Bogota,4.711,-74.0721,18.3,60,0.1,9.7,143.6,True,12180,2025,5,23,11,,VALID,False,,False,False,False,False,False,1.22978567902,-0.604421225864,0.6,0.0953101798043,America/Bogota,2025-05-23T16:00:00+00:00
2,3484,2025-05-26T03:00:00-05:00,Bogota,4.711,-74.0721,12,91,0.1,1.1,143.17,True,12244,2025,5,26,3,,VALID,False,,False,False,False,False,False,-0.567332130363,-0.628026521923,0.91,0.0953101798043,America/Bogota,2025-05-26T08:00:00+00:00
2,3490,2025-05-26T09:00:00-05:00,Bogota,4.711,-74.0721,15.3,80,0.3,2.3,158.46,True,12250,2025,5,26,9,,VALID,True,precipitation_mm,False,False,True,False,False,0.374015293601,0.211333889107,0.8,0.262364264467,America/Bogota,2025-05-26T14:00:00+00:00
2,3498,2025-05-26T17:00:00-05:00,Bogota,4.711,-74.0721,17.3,66,0.3,7.9,141.81,True,12258,2025,5,26,17,,VALID,True,precipitation_mm,False,False,True,False,False,0.944528883882,-0.702685132715,0.66,0.262364264467,America/Bogota,2025-05-26T22:00:00+00:00
2,3543,2025-05-28T14:00:00-05:00,Bogota,4.711,-74.0721,19.4,56,0.5,8.9,132.49,True,12303,2025,5,28,14,,VALID,True,precipitation_mm,False,False,True,False,False,1.54356815368,-1.21431620079,0.56,0.405465108108,America/Bogota,2025-05-28T19:00:00+00:00
2,3575,2025-05-29T22:00:00-05:00,Bogota,4.711,-74.0721,12,93,0,2.2,155.21,True,12335,2025,5,29,22,,VALID,False,,False,False,False,False,False,-0.567332130363,0.0329217677306,0.93,0,America/Bogota,2025-05-30T03:00:00+00:00
2,3664,2025-06-02T15:00:00-05:00,Bogota,4.711,-74.0721,17.9,62,0.1,8.9,133.47,True,12424,2025,6,2,15,,VALID,False,,False,False,False,False,False,1.11568296097,-1.16051808419,0.62,0.0953101798043,America/Bogota,2025-06-02T20:00:00+00:00
2,3679,2025-06-03T06:00:00-05:00,Bogota,4.711,-74.0721,11.6,93,0,0.3,146.02,True,12439,2025,6,3,6,,VALID,False,,False,False,False,False,False,-0.681434848419,-0.471572815485,0.93,0,America/Bogota,2025-06-03T11:00:00+00:00
2,3688,2025-06-03T15:00:00-05:00,Bogota,4.711,-74.0721,18.1,65,0.5,9.4,139.04,True,12448,2025,6,3,15,,VALID,True,precipitation_mm,False,False,True,False,False,1.17273431999,-0.854747156165,0.65,0.405465108108,America/Bogota,2025-06-03T20:00:00+00:00
2,3690,2025-06-03T17:00:00-05:00,Bogota,4.711,-74.0721,15.7,80,2.2,9,134.7,True,12450,2025,6,3,17,,VALID,True,precipitation_mm,False,False,True,False,False,0.488118011657,-1.09299595825,0.8,1.16315080981,America/Bogota,2025-06-03T22:00:00+00:00
2,3711,2025-06-04T14:00:00-05:00,Bogota,4.711,-74.0721,18.1,67,4.2,9.6,137.22,True,12471,2025,6,4,14,,VALID,True,precipitation_mm,False,False,True,False,False,1.17273431999,-0.954657944136,0.67,1.64865862559,America/Bogota,2025-06-04T19:00:00+00:00
2,3726,2025-06-05T05:00:00-05:00,Bogota,4.711,-74.0721,10.5,97,0,2.5,150.72,True,12486,2025,6,5,5,,VALID,False,,False,False,False,False,False,-0.995217323073,-0.213561439956,0.97,0,America/Bogota,2025-06-05T10:00:00+00:00
2,3770,2025-06-07T01:00:00-05:00,Bogota,4.711,-74.0721,10.3,96,0,1.8,160.9,True,12530,2025,6,7,1,,VALID,False,,False,False,False,False,False,-1.0522686821,0.345280220233,0.96,0,America/Bogota,2025-06-07T06:00:00+00:00
2,3823,2025-06-09T06:00:00-05:00,Bogota,4.711,-74.0721,8.8,96,0.1,1.8,165.18,True,12583,2025,6,9,6,,VALID,False,,False,False,False,False,False,-1.48015387481,0.580235260077,0.96,0.0953101798043,America/Bogota,2025-06-09T11:00:00+00:00
2,3838,2025-06-09T21:00:00-05:00,Bogota,4.711,-74.0721,12.7,92,0.6,4.4,178.15,True,12598,2025,6,9,21,,VALID,True,precipitation_mm,False,False,True,False,False,-0.367652373764,1.29223686446,0.92,0.470003629246,America/Bogota,2025-06-10T02:00:00+00:00
2,3884,2025-06-11T19:00:00-05:00,Bogota,4.711,-74.0721,13.9,96,1.3,2.9,181.42,True,12644,2025,6,11,19,,VALID,True,precipitation_mm,False,False,True,False,False,-0.0253442195956,1.47174690659,0.96,0.832909122935,America/Bogota,2025-06-12T00:00:00+00:00
2,3915,2025-06-13T02:00:00-05:00,Bogota,4.711,-74.0721,11.6,98,0.2,1.9,146.96,True,12675,2025,6,13,2,,VALID,False,,False,False,False,False,False,-0.681434848419,-0.41997054038,0.98,0.182321556794,America/Bogota,2025-06-13T07:00:00+00:00
2,3917,2025-06-13T04:00:00-05:00,Bogota,4.711,-74.0721,11.4,97,0,3.5,158.4,True,12677,2025,6,13,4,,VALID,False,,False,False,False,False,False,-0.738486207447,0.208040126866,0.97,0,America/Bogota,2025-06-13T09:00:00+00:00
2,3953,2025-06-14T16:00:00-05:00,Bogota,4.711,-74.0721,16.1,72,0.4,5.2,140.23,True,12713,2025,6,14,16,,VALID,True,precipitation_mm,False,False,True,False,False,0.602220729713,-0.789420871723,0.72,0.336472236621,America/Bogota,2025-06-14T21:00:00+00:00
2,3965,2025-06-15T04:00:00-05:00,Bogota,4.711,-74.0721,11.5,97,0.1,1.8,151.04,True,12725,2025,6,15,4,,VALID,False,,False,False,False,False,False,-0.709960527933,-0.195994708005,0.97,0.0953101798043,America/Bogota,2025-06-15T09:00:00+00:00
2,4015,2025-06-17T06:00:00-05:00,Bogota,4.711,-74.0721,8.5,99,0,3.1,152.38,True,12775,2025,6,17,6,,VALID,False,,False,False,False,False,False,-1.56573091335,-0.122434017961,0.99,0,America/Bogota,2025-06-17T11:00:00+00:00
2,4055,2025-06-18T22:00:00-05:00,Bogota,4.711,-74.0721,10.2,93,0,3.1,156.08,True,12815,2025,6,18,22,,VALID,False,,False,False,False,False,False,-1.08079436162,0.0806813202222,0.93,0,America/Bogota,2025-06-19T03:00:00+00:00
2,4073,2025-06-19T16:00:00-05:00,Bogota,4.711,-74.0721,17.1,65,0.1,9,134.4,True,12833,2025,6,19,16,,VALID,False,,False,False,False,False,False,0.887477524854,-1.10946476945,0.65,0.0953101798043,America/Bogota,2025-06-19T21:00:00+00:00
2,4078,2025-06-19T21:00:00-05:00,Bogota,4.711,-74.0721,13,95,0,3.8,184.47,True,12838,2025,6,19,21,,VALID,False,,False,False,False,False,False,-0.282075335222,1.63917982049,0.95,0,America/Bogota,2025-06-20T02:00:00+00:00
2,4252,2025-06-27T03:00:00-05:00,Bogota,4.711,-74.0721,9.1,100,0,1.3,157.49,True,13012,2025,6,27,3,,VALID,False,,False,False,False,False,False,-1.39457683627,0.158084732881,1,0,America/Bogota,2025-06-27T08:00:00+00:00
2,4331,2025-06-30T10:00:00-05:00,Bogota,4.711,-74.0721,15.1,78,0.1,7.4,147.31,True,13091,2025,6,30,10,,VALID,False,,False,False,False,False,False,0.316963934573,-0.400756927308,0.78,0.0953101798043,America/Bogota,2025-06-30T15:00:00+00:00
2,4426,2025-07-04T09:00:00-05:00,Bogota,4.711,-74.0721,13.3,79,0,3.3,164.58,True,13186,2025,7,4,9,,VALID,False,,False,False,False,False,False,-0.19649829668,0.547297637669,0.79,0,America/Bogota,2025-07-04T14:00:00+00:00
2,4446,2025-07-05T05:00:00-05:00,Bogota,4.711,-74.0721,10.3,94,0,2.5,160.7,True,13206,2025,7,5,5,,VALID,False,,False,False,False,False,False,-1.0522686821,0.334301012764,0.94,0,America/Bogota,2025-07-05T10:00:00+00:00
2,4510,2025-07-07T21:00:00-05:00,Bogota,4.711,-74.0721,12,90,0,3.2,187.86,True,13270,2025,7,7,21,,VALID,False,,False,False,False,False,False,-0.567332130363,1.8252773871,0.9,0,America/Bogota,2025-07-08T02:00:00+00:00
2,4519,2025-07-08T06:00:00-05:00,Bogota,4.711,-74.0721,8.8,97,0,1.7,164.06,True,13279,2025,7,8,6,,VALID,False,,False,False,False,False,False,-1.48015387481,0.518751698249,0.97,0,America/Bogota,2025-07-08T11:00:00+00:00
2,4595,2025-07-11T10:00:00-05:00,Bogota,4.711,-74.0721,14.8,76,0.1,4.7,133.74,True,13355,2025,7,11,10,,VALID,False,,False,False,False,False,False,0.231386896031,-1.1456961541,0.76,0.0953101798043,America/Bogota,2025-07-11T15:00:00+00:00
2,4620,2025-07-12T11:00:00-05:00,Bogota,4.711,-74.0721,14.8,73,0,7.3,162.98,True,13380,2025,7,12,11,,VALID,False,,False,False,False,False,False,0.231386896031,0.459463977914,0.73,0,America/Bogota,2025-07-12T16:00:00+00:00
2,4645,2025-07-13T12:00:00-05:00,Bogota,4.711,-74.0721,17.6,60,0.2,9.6,136.93,True,13405,2025,7,13,12,,VALID,False,,False,False,False,False,False,1.03010592242,-0.970577794967,0.6,0.182321556794,America/Bogota,2025-07-13T17:00:00+00:00
2,4695,2025-07-15T14:00:00-05:00,Bogota,4.711,-74.0721,18.1,60,0.2,14.2,127.55,True,13455,2025,7,15,14,,VALID,True,wind_speed_kmh,False,False,False,True,False,1.17273431999,-1.48550262528,0.6,0.182321556794,America/Bogota,2025-07-15T19:00:00+00:00
2,4700,2025-07-15T19:00:00-05:00,Bogota,4.711,-74.0721,13.1,81,0,9.1,174.78,True,13460,2025,7,15,19,,VALID,False,,False,False,False,False,False,-0.253549655708,1.10723721861,0.81,0,America/Bogota,2025-07-16T00:00:00+00:00
2,4712,2025-07-16T07:00:00-05:00,Bogota,4.711,-74.0721,10,93,0,1.8,172.52,True,13472,2025,7,16,7,,VALID,False,,False,False,False,False,False,-1.13784572064,0.983172174202,0.93,0,America/Bogota,2025-07-16T12:00:00+00:00
2,4727,2025-07-16T22:00:00-05:00,Bogota,4.711,-74.0721,12,95,0,3.6,142.76,True,13487,2025,7,16,22,,VALID,False,,False,False,False,False,False,-0.567332130363,-0.650533897236,0.95,0,America/Bogota,2025-07-17T03:00:00+00:00
2,4769,2025-07-18T16:00:00-05:00,Bogota,4.711,-74.0721,16.9,63,0.1,9.7,143.76,True,13529,2025,7,18,16,,VALID,False,,False,False,False,False,False,0.830426165826,-0.595637859889,0.63,0.0953101798043,America/Bogota,2025-07-18T21:00:00+00:00
2,4868,2025-07-22T19:00:00-05:00,Bogota,4.711,-74.0721,14,88,0.3,5.4,180.16,True,13628,2025,7,22,19,,VALID,True,precipitation_mm,False,False,True,False,False,0.00318145991841,1.40257789953,0.88,0.262364264467,America/Bogota,2025-07-23T00:00:00+00:00
2,4871,2025-07-22T22:00:00-05:00,Bogota,4.711,-74.0721,13,94,0.7,3,142.61,True,13631,2025,7,22,22,,VALID,True,precipitation_mm,False,False,True,False,False,-0.282075335222,-0.658768302838,0.94,0.530628251062,America/Bogota,2025-07-23T03:00:00+00:00
2,4884,2025-07-23T11:00:00-05:00,Bogota,4.711,-74.0721,17.4,63,0.1,7.3,135.64,True,13644,2025,7,23,11,,VALID,False,,False,False,False,False,False,0.973054563396,-1.04139368314,0.63,0.0953101798043,America/Bogota,2025-07-23T16:00:00+00:00
2,4948,2025-07-26T03:00:00-05:00,Bogota,4.711,-74.0721,10.4,99,0,3.1,155.23,True,13708,2025,7,26,3,,VALID,False,,False,False,False,False,False,-1.02374300259,0.0340196884775,0.99,0,America/Bogota,2025-07-26T08:00:00+00:00
2,4954,2025-07-26T09:00:00-05:00,Bogota,4.711,-74.0721,15.5,73,0.2,2,180.08,True,13714,2025,7,26,9,,VALID,False,,False,False,False,False,False,0.431066652629,1.39818621654,0.73,0.182321556794,America/Bogota,2025-07-26T14:00:00+00:00
2,4962,2025-07-26T17:00:00-05:00,Bogota,4.711,-74.0721,16.6,63,0,7.5,142.04,True,13722,2025,7,26,17,,VALID,False,,False,False,False,False,False,0.744849127284,-0.690059044125,0.63,0,America/Bogota,2025-07-26T22:00:00+00:00
2,5007,2025-07-28T14:00:00-05:00,Bogota,4.711,-74.0721,18.9,52,0.2,10.3,139.54,True,13767,2025,7,28,14,,VALID,False,,False,False,False,False,False,1.40093975611,-0.827299137492,0.52,0.182321556794,America/Bogota,2025-07-28T19:00:00+00:00
2,5039,2025-07-29T22:00:00-05:00,Bogota,4.711,-74.0721,12.1,92,0.1,6.3,172.54,True,13799,2025,7,29,22,,VALID,False,,False,False,False,False,False,-0.538806450849,0.984270094949,0.92,0.0953101798043,America/Bogota,2025-07-30T03:00:00+00:00
2,5170,2025-08-04T09:00:00-05:00,Bogota,4.711,-74.0721,14.2,72,0.1,6.7,157.18,True,13930,2025,8,4,9,,VALID,False,,False,False,False,False,False,0.0602328189465,0.141066961304,0.72,0.0953101798043,America/Bogota,2025-08-04T14:00:00+00:00
2,5190,2025-08-05T05:00:00-05:00,Bogota,4.711,-74.0721,6.3,100,0,1.3,159.85,True,13950,2025,8,5,5,,VALID,False,,False,False,False,False,False,-2.19329586266,0.287639381019,1,0,America/Bogota,2025-08-05T10:00:00+00:00
2,5254,2025-08-07T21:00:00-05:00,Bogota,4.711,-74.0721,12.4,88,1.9,2.9,190.97,True,14014,2025,8,7,21,,VALID,True,precipitation_mm,False,False,True,False,False,-0.453229412306,1.99600406325,0.88,1.06471073699,America/Bogota,2025-08-08T02:00:00+00:00
2,5263,2025-08-08T06:00:00-05:00,Bogota,4.711,-74.0721,11.3,99,0,0.4,153.14,True,14023,2025,8,8,6,,VALID,False,,False,False,False,False,False,-0.767011886961,-0.0807130295771,0.99,0,America/Bogota,2025-08-08T11:00:00+00:00
2,5339,2025-08-11T10:00:00-05:00,Bogota,4.711,-74.0721,15.4,68,0.1,6.9,138.95,True,14099,2025,8,11,10,,VALID,False,,False,False,False,False,False,0.402540973115,-0.859687799526,0.68,0.0953101798043,America/Bogota,2025-08-11T15:00:00+00:00
2,5364,2025-08-12T11:00:00-05:00,Bogota,4.711,-74.0721,18.1,53,0,10.4,136.21,True,14124,2025,8,12,11,,VALID,False,,False,False,False,False,False,1.17273431999,-1.01010294186,0.53,0,America/Bogota,2025-08-12T16:00:00+00:00
2,5389,2025-08-13T12:00:00-05:00,Bogota,4.711,-74.0721,16.4,64,0.3,6.5,121.15,True,14149,2025,8,13,12,,VALID,True,precipitation_mm,False,False,True,False,False,0.687797768256,-1.8368372643,0.64,0.262364264467,America/Bogota,2025-08-13T17:00:00+00:00
2,5439,2025-08-15T14:00:00-05:00,Bogota,4.711,-74.0721,18.1,54,0,15.5,141.69,True,14199,2025,8,15,14,,VALID,True,wind_speed_kmh,False,False,False,True,False,1.17273431999,-0.709272657197,0.54,0,America/Bogota,2025-08-15T19:00:00+00:00
2,5444,2025-08-15T19:00:00-05:00,Bogota,4.711,-74.0721,14.2,75,0,7,175.1,True,14204,2025,8,15,19,,VALID,False,,False,False,False,False,False,0.0602328189465,1.12480395056,0.75,0,America/Bogota,2025-08-16T00:00:00+00:00
2,5456,2025-08-16T07:00:00-05:00,Bogota,4.711,-74.0721,10.3,95,0,3.3,173.69,True,14216,2025,8,16,7,,VALID,False,,False,False,False,False,False,-1.0522686821,1.0474005379,0.95,0,America/Bogota,2025-08-16T12:00:00+00:00
2,5471,2025-08-16T22:00:00-05:00,Bogota,4.711,-74.0721,12,95,0,2.3,146.81,True,14231,2025,8,16,22,,VALID,False,,False,False,False,False,False,-0.567332130363,-0.428204945982,0.95,0,America/Bogota,2025-08-17T03:00:00+00:00
2,5513,2025-08-18T16:00:00-05:00,Bogota,4.711,-74.0721,18.7,50,0,13.5,126.67,True,14273,2025,8,18,16,,VALID,True,wind_speed_kmh,False,False,False,True,False,1.34388839708,-1.53381113814,0.5,0,America/Bogota,2025-08-18T21:00:00+00:00
2,5612,2025-08-22T19:00:00-05:00,Bogota,4.711,-74.0721,14.5,81,0,5.4,199.87,True,14372,2025,8,22,19,,VALID,False,,False,False,False,False,False,0.145809857489,2.48457879563,0.81,0,America/Bogota,2025-08-23T00:00:00+00:00
2,5615,2025-08-22T22:00:00-05:00,Bogota,4.711,-74.0721,13.1,89,0.1,4.1,150.83,True,14375,2025,8,22,22,,VALID,False,,False,False,False,False,False,-0.253549655708,-0.207522875848,0.89,0.0953101798043,America/Bogota,2025-08-23T03:00:00+00:00
2,5628,2025-08-23T11:00:00-05:00,Bogota,4.711,-74.0721,18.5,53,0.1,9.7,131.12,True,14388,2025,8,23,11,,VALID,False,,False,False,False,False,False,1.28683703805,-1.28952377195,0.53,0.0953101798043,America/Bogota,2025-08-23T16:00:00+00:00
2,5692,2025-08-26T03:00:00-05:00,Bogota,4.711,-74.0721,9.2,96,0,5.8,149.95,True,14452,2025,8,26,3,,VALID,False,,False,False,False,False,False,-1.36605115676,-0.255831388713,0.96,0,America/Bogota,2025-08-26T08:00:00+00:00
2,5698,2025-08-26T09:00:00-05:00,Bogota,4.711,-74.0721,15.2,68,0.2,7.6,156.27,True,14458,2025,8,26,9,,VALID,False,,False,False,False,False,False,0.345489614087,0.091111567318,0.68,0.182321556794,America/Bogota,2025-08-26T14:00:00+00:00
2,5706,2025-08-26T17:00:00-05:00,Bogota,4.711,-74.0721,14,78,0.1,7.6,146.01,True,14466,2025,8,26,17,,VALID,False,,False,False,False,False,False,0.00318145991841,-0.472121775859,0.78,0.0953101798043,America/Bogota,2025-08-26T22:00:00+00:00
2,5751,2025-08-28T14:00:00-05:00,Bogota,4.711,-74.0721,18,54,0,14.7,137.37,True,14511,2025,8,28,14,,VALID,True,wind_speed_kmh,False,False,False,True,False,1.14420864048,-0.946423538534,0.54,0,America/Bogota,2025-08-28T19:00:00+00:00
2,5783,2025-08-29T22:00:00-05:00,Bogota,4.711,-74.0721,12,82,0,4.9,153.33,True,14543,2025,8,29,22,,VALID,False,,False,False,False,False,False,-0.567332130363,-0.0702827824812,0.82,0,America/Bogota,2025-08-30T03:00:00+00:00
2,5872,2025-09-02T15:00:00-05:00,Bogota,4.711,-74.0721,18.4,57,0.1,13.8,140.34,True,14632,2025,9,2,15,,VALID,True,wind_speed_kmh,False,False,False,True,False,1.25831135854,-0.783382307615,0.57,0.0953101798043,America/Bogota,2025-09-02T20:00:00+00:00
2,5887,2025-09-03T06:00:00-05:00,Bogota,4.711,-74.0721,7.2,97,0,1.9,156.82,True,14647,2025,9,3,6,,VALID,False,,False,False,False,False,False,-1.93656474704,0.121304387859,0.97,0,America/Bogota,2025-09-03T11:00:00+00:00
2,5896,2025-09-03T15:00:00-05:00,Bogota,4.711,-74.0721,18,58,0.1,8.6,137.05,True,14656,2025,9,3,15,,VALID,False,,False,False,False,False,False,1.14420864048,-0.963990270485,0.58,0.0953101798043,America/Bogota,2025-09-03T20:00:00+00:00
2,5898,2025-09-03T17:00:00-05:00,Bogota,4.711,-74.0721,17.2,59,0,11.4,137.55,True,14658,2025,9,3,17,,VALID,False,,False,False,False,False,False,0.916003204368,-0.936542251812,0.59,0,America/Bogota,2025-09-03T22:00:00+00:00
2,5919,2025-09-04T14:00:00-05:00,Bogota,4.711,-74.0721,18.2,61,0.1,10.2,134.39,True,14679,2025,9,4,14,,VALID,False,,False,False,False,False,False,1.20125999951,-1.11001372983,0.61,0.0953101798043,America/Bogota,2025-09-04T19:00:00+00:00
2,5934,2025-09-05T05:00:00-05:00,Bogota,4.711,-74.0721,8.2,98,0,3.4,171.68,True,14694,2025,9,5,5,,VALID,False,,False,False,False,False,False,-1.6513079519,0.93705950283,0.98,0,America/Bogota,2025-09-05T10:00:00+00:00
2,5978,2025-09-07T01:00:00-05:00,Bogota,4.711,-74.0721,10.2,96,0,3.5,152.38,True,14738,2025,9,7,1,,VALID,False,,False,False,False,False,False,-1.08079436162,-0.122434017961,0.96,0,America/Bogota,2025-09-07T06:00:00+00:00
2,6031,2025-09-09T06:00:00-05:00,Bogota,4.711,-74.0721,8.2,99,0,4.3,155.09,True,14791,2025,9,9,6,,VALID,False,,False,False,False,False,False,-1.6513079519,0.026334243249,0.99,0,America/Bogota,2025-09-09T11:00:00+00:00
2,6046,2025-09-09T21:00:00-05:00,Bogota,4.711,-74.0721,12.4,88,0,3.6,185.31,True,14806,2025,9,9,21,,VALID,False,,False,False,False,False,False,-0.453229412306,1.68529249187,0.88,0,America/Bogota,2025-09-10T02:00:00+00:00
2,6092,2025-09-11T19:00:00-05:00,Bogota,4.711,-74.0721,13.7,76,0,9.6,190.08,True,14852,2025,9,11,19,,VALID,False,,False,False,False,False,False,-0.0823955786238,1.94714659001,0.76,0,America/Bogota,2025-09-12T00:00:00+00:00
2,6123,2025-09-13T02:00:00-05:00,Bogota,4.711,-74.0721,10,100,0,3.2,159.69,True,14883,2025,9,13,2,,VALID,False,,False,False,False,False,False,-1.13784572064,0.278856015044,1,0,America/Bogota,2025-09-13T07:00:00+00:00
2,6125,2025-09-13T04:00:00-05:00,Bogota,4.711,-74.0721,9.6,100,0,1.3,140.03,True,14885,2025,9,13,4,,VALID,False,,False,False,False,False,False,-1.2519484387,-0.800400079192,1,0,America/Bogota,2025-09-13T09:00:00+00:00
2,6161,2025-09-14T16:00:00-05:00,Bogota,4.711,-74.0721,18.5,51,0,13.9,148.46,True,14921,2025,9,14,16,,VALID,True,wind_speed_kmh,False,False,False,True,False,1.28683703805,-0.33762648436,0.51,0,America/Bogota,2025-09-14T21:00:00+00:00
2,6173,2025-09-15T04:00:00-05:00,Bogota,4.711,-74.0721,10.5,99,0.1,2.2,146.28,True,14933,2025,9,15,4,,VALID,False,,False,False,False,False,False,-0.995217323073,-0.457299845775,0.99,0.0953101798043,America/Bogota,2025-09-15T09:00:00+00:00
2,6223,2025-09-17T06:00:00-05:00,Bogota,4.711,-74.0721,7.9,93,0,3,157.93,True,14983,2025,9,17,6,,VALID,False,,False,False,False,False,False,-1.73688499044,0.182238989314,0.93,0,America/Bogota,2025-09-17T11:00:00+00:00
2,6263,2025-09-18T22:00:00-05:00,Bogota,4.711,-74.0721,11,98,0,1.5,155.35,True,15023,2025,9,18,22,,VALID,False,,False,False,False,False,False,-0.852588925503,0.0406072129591,0.98,0,America/Bogota,2025-09-19T03:00:00+00:00
2,6281,2025-09-19T16:00:00-05:00,Bogota,4.711,-74.0721,18.7,50,0,3.6,142.29,True,15041,2025,9,19,16,,VALID,False,,False,False,False,False,False,1.34388839708,-0.676335034789,0.5,0,America/Bogota,2025-09-19T21:00:00+00:00
2,6286,2025-09-19T21:00:00-05:00,Bogota,4.711,-74.0721,12.7,92,0.8,2.1,196.08,True,15046,2025,9,19,21,,VALID,True,precipitation_mm,False,False,True,False,False,-0.367652373764,2.27652281409,0.92,0.587786664902,America/Bogota,2025-09-20T02:00:00+00:00
2,6460,2025-09-27T03:00:00-05:00,Bogota,4.711,-74.0721,10.3,96,0,2.3,166.39,True,15220,2025,9,27,3,,VALID,False,,False,False,False,False,False,-1.0522686821,0.646659465266,0.96,0,America/Bogota,2025-09-27T08:00:00+00:00
2,6539,2025-09-30T10:00:00-05:00,Bogota,4.711,-74.0721,16,73,0.1,4,126.07,True,15299,2025,9,30,10,,VALID,False,,False,False,False,False,False,0.573695050199,-1.56674876055,0.73,0.0953101798043,America/Bogota,2025-09-30T15:00:00+00:00
2,6634,2025-10-04T09:00:00-05:00,Bogota,4.711,-74.0721,15.3,71,0,2.6,169.72,True,15394,2025,10,4,9,,VALID,False,,False,False,False,False,False,0.374015293601,0.829463269631,0.71,0,America/Bogota,2025-10-04T14:00:00+00:00
2,6654,2025-10-05T05:00:00-05:00,Bogota,4.711,-74.0721,10,100,0,0.9,145.8,True,15414,2025,10,5,5,,VALID,False,,False,False,False,False,False,-1.13784572064,-0.483649943702,1,0,America/Bogota,2025-10-05T10:00:00+00:00
2,6718,2025-10-07T21:00:00-05:00,Bogota,4.711,-74.0721,13.2,90,0,0.6,184.64,True,15478,2025,10,7,21,,VALID,False,,False,False,False,False,False,-0.225023976194,1.64851214684,0.9,0,America/Bogota,2025-10-08T02:00:00+00:00
2,6727,2025-10-08T06:00:00-05:00,Bogota,4.711,-74.0721,8.2,97,0,0.9,167.52,True,15487,2025,10,8,6,,VALID,False,,False,False,False,False,False,-1.6513079519,0.708691987468,0.97,0,America/Bogota,2025-10-08T11:00:00+00:00
2,6803,2025-10-11T10:00:00-05:00,Bogota,4.711,-74.0721,17.9,64,0,2.5,136.97,True,15563,2025,10,11,10,,VALID,False,,False,False,False,False,False,1.11568296097,-0.968381953473,0.64,0,America/Bogota,2025-10-11T15:00:00+00:00
2,6828,2025-10-12T11:00:00-05:00,Bogota,4.711,-74.0721,17.5,68,0,6.4,146.48,True,15588,2025,10,12,11,,VALID,False,,False,False,False,False,False,1.00158024291,-0.446320638306,0.68,0,America/Bogota,2025-10-12T16:00:00+00:00
2,6853,2025-10-13T12:00:00-05:00,Bogota,4.711,-74.0721,18.9,58,0,6.9,133.1,True,15613,2025,10,13,12,,VALID,False,,False,False,False,False,False,1.40093975611,-1.180829618,0.58,0,America/Bogota,2025-10-13T17:00:00+00:00
2,6903,2025-10-15T14:00:00-05:00,Bogota,4.711,-74.0721,19.4,51,0,11.4,139.23,True,15663,2025,10,15,14,,VALID,False,,False,False,False,False,False,1.54356815368,-0.844316909069,0.51,0,America/Bogota,2025-10-15T19:00:00+00:00
2,6908,2025-10-15T19:00:00-05:00,Bogota,4.711,-74.0721,13.6,91,0,1.5,200.34,True,15668,2025,10,15,19,,VALID,False,,False,False,False,False,False,-0.110921258138,2.51037993319,0.91,0,America/Bogota,2025-10-16T00:00:00+00:00
2,6920,2025-10-16T07:00:00-05:00,Bogota,4.711,-74.0721,10.9,96,0.1,3.1,167.58,True,15680,2025,10,16,7,,VALID,False,,False,False,False,False,False,-0.881114605017,0.711985749709,0.96,0.0953101798043,America/Bogota,2025-10-16T12:00:00+00:00
2,6935,2025-10-16T22:00:00-05:00,Bogota,4.711,-74.0721,11.4,99,0,4.8,151.61,True,15695,2025,10,16,22,,VALID,False,,False,False,False,False,False,-0.738486207447,-0.164703966717,0.99,0,America/Bogota,2025-10-17T03:00:00+00:00
2,6977,2025-10-18T16:00:00-05:00,Bogota,4.711,-74.0721,17.2,60,0,12.2,136.34,True,15737,2025,10,18,16,,VALID,False,,False,False,False,False,False,0.916003204368,-1.002966457,0.6,0,America/Bogota,2025-10-18T21:00:00+00:00
2,7076,2025-10-22T19:00:00-05:00,Bogota,4.711,-74.0721,13.3,94,0.5,7.6,191.92,True,15836,2025,10,22,19,,VALID,True,precipitation_mm,False,False,True,False,False,-0.19649829668,2.04815529873,0.94,0.405465108108,America/Bogota,2025-10-23T00:00:00+00:00
2,7079,2025-10-22T22:00:00-05:00,Bogota,4.711,-74.0721,12.1,96,0,1.2,153.1,True,15839,2025,10,22,22,,VALID,False,,False,False,False,False,False,-0.538806450849,-0.0829088710709,0.96,0,America/Bogota,2025-10-23T03:00:00+00:00
2,7092,2025-10-23T11:00:00-05:00,Bogota,4.711,-74.0721,19.9,52,0,8,125.87,True,15852,2025,10,23,11,,VALID,False,,False,False,False,False,False,1.68619655125,-1.57772796802,0.52,0,America/Bogota,2025-10-23T16:00:00+00:00
2,7156,2025-10-26T03:00:00-05:00,Bogota,4.711,-74.0721,10.7,100,0,1.5,135.56,True,15916,2025,10,26,3,,VALID,False,,False,False,False,False,False,-0.938165964045,-1.04578536613,1,0,America/Bogota,2025-10-26T08:00:00+00:00
2,7162,2025-10-26T09:00:00-05:00,Bogota,4.711,-74.0721,15.5,82,0.1,2,152.85,True,15922,2025,10,26,9,,VALID,False,,False,False,False,False,False,0.431066652629,-0.0966328804076,0.82,0.0953101798043,America/Bogota,2025-10-26T14:00:00+00:00
2,7170,2025-10-26T17:00:00-05:00,Bogota,4.711,-74.0721,16.9,70,0,6.5,129.92,True,15930,2025,10,26,17,,VALID,False,,False,False,False,False,False,0.830426165826,-1.35539901677,0.7,0,America/Bogota,2025-10-26T22:00:00+00:00
2,7215,2025-10-28T14:00:00-05:00,Bogota,4.711,-74.0721,18.8,56,0.1,8.1,136.27,True,15975,2025,10,28,14,,VALID,False,,False,False,False,False,False,1.37241407659,-1.00680917962,0.56,0.0953101798043,America/Bogota,2025-10-28T19:00:00+00:00
2,7247,2025-10-29T22:00:00-05:00,Bogota,4.711,-74.0721,12.1,91,0,3.7,152.35,True,16007,2025,10,29,22,,VALID,False,,False,False,False,False,False,-0.538806450849,-0.124080899081,0.91,0,America/Bogota,2025-10-30T03:00:00+00:00
2,7336,2025-11-02T15:00:00-05:00,Bogota,4.711,-74.0721,20.2,49,0,10.3,119.91,True,16096,2025,11,2,15,,VALID,False,,False,False,False,False,False,1.77177358979,-1.90490835061,0.49,0,America/Bogota,2025-11-02T20:00:00+00:00
2,7351,2025-11-03T06:00:00-05:00,Bogota,4.711,-74.0721,8.7,97,0,3.6,162.3,True,16111,2025,11,3,6,,VALID,False,,False,False,False,False,False,-1.50867955433,0.422134672519,0.97,0,America/Bogota,2025-11-03T11:00:00+00:00
2,7360,2025-11-03T15:00:00-05:00,Bogota,4.711,-74.0721,18.1,56,0.1,6.8,126.96,True,16120,2025,11,3,15,,VALID,False,,False,False,False,False,False,1.17273431999,-1.51789128731,0.56,0.0953101798043,America/Bogota,2025-11-03T20:00:00+00:00
2,7362,2025-11-03T17:00:00-05:00,Bogota,4.711,-74.0721,16.8,67,0,7.8,148.87,True,16122,2025,11,3,17,,VALID,False,,False,False,False,False,False,0.801900486312,-0.315119109047,0.67,0,America/Bogota,2025-11-03T22:00:00+00:00
2,7383,2025-11-04T14:00:00-05:00,Bogota,4.711,-74.0721,18.5,57,0.4,13.1,136.08,True,16143,2025,11,4,14,,VALID,True,precipitation_mm,False,False,True,False,False,1.28683703805,-1.01723942671,0.57,0.336472236621,America/Bogota,2025-11-04T19:00:00+00:00
2,7398,2025-11-05T05:00:00-05:00,Bogota,4.711,-74.0721,10.4,93,0,4.5,141.66,True,16158,2025,11,5,5,,VALID,False,,False,False,False,False,False,-1.02374300259,-0.710919538317,0.93,0,America/Bogota,2025-11-05T10:00:00+00:00
2,7442,2025-11-07T01:00:00-05:00,Bogota,4.711,-74.0721,10.6,96,0,0.6,161.5,True,16202,2025,11,7,1,,VALID,False,,False,False,False,False,False,-0.966691643559,0.378217842641,0.96,0,America/Bogota,2025-11-07T06:00:00+00:00
2,7495,2025-11-09T06:00:00-05:00,Bogota,4.711,-74.0721,9.7,100,0,3.4,161.69,True,16255,2025,11,9,6,,VALID,False,,False,False,False,False,False,-1.22342275919,0.388648089737,1,0,America/Bogota,2025-11-09T11:00:00+00:00
2,7510,2025-11-09T21:00:00-05:00,Bogota,4.711,-74.0721,13,82,0,7.9,180.32,True,16270,2025,11,9,21,,VALID,False,,False,False,False,False,False,-0.282075335222,1.41136126551,0.82,0,America/Bogota,2025-11-10T02:00:00+00:00
2,7556,2025-11-11T19:00:00-05:00,Bogota,4.711,-74.0721,15.3,85,0,4,182.52,True,16316,2025,11,11,19,,VALID,False,,False,False,False,False,False,0.374015293601,1.53213254767,0.85,0,America/Bogota,2025-11-12T00:00:00+00:00
2,7587,2025-11-13T02:00:00-05:00,Bogota,4.711,-74.0721,11.7,98,0,2.1,139.66,True,16347,2025,11,13,2,,VALID,False,,False,False,False,False,False,-0.652909168905,-0.82071161301,0.98,0,America/Bogota,2025-11-13T07:00:00+00:00
2,7589,2025-11-13T04:00:00-05:00,Bogota,4.711,-74.0721,11.3,96,0,3.6,152.82,True,16349,2025,11,13,4,,VALID,False,,False,False,False,False,False,-0.767011886961,-0.098279761528,0.96,0,America/Bogota,2025-11-13T09:00:00+00:00
2,7625,2025-11-14T16:00:00-05:00,Bogota,4.711,-74.0721,18.2,52,0,3.2,141.95,True,16385,2025,11,14,16,,VALID,False,,False,False,False,False,False,1.20125999951,-0.694999687486,0.52,0,America/Bogota,2025-11-14T21:00:00+00:00
2,7637,2025-11-15T04:00:00-05:00,Bogota,4.711,-74.0721,11.5,98,0.1,2.4,158.77,True,16397,2025,11,15,4,,VALID,False,,False,False,False,False,False,-0.709960527933,0.228351660685,0.98,0.0953101798043,America/Bogota,2025-11-15T09:00:00+00:00
2,7687,2025-11-17T06:00:00-05:00,Bogota,4.711,-74.0721,11.5,95,0,0.4,153.94,True,16447,2025,11,17,6,,VALID,False,,False,False,False,False,False,-0.709960527933,-0.0367961996997,0.95,0,America/Bogota,2025-11-17T11:00:00+00:00
2,7727,2025-11-18T22:00:00-05:00,Bogota,4.711,-74.0721,12.6,96,0,3.3,147.47,True,16487,2025,11,18,22,,VALID,False,,False,False,False,False,False,-0.396178053278,-0.391973561333,0.96,0,America/Bogota,2025-11-19T03:00:00+00:00
2,7745,2025-11-19T16:00:00-05:00,Bogota,4.711,-74.0721,18.2,60,0.4,7.3,148.45,True,16505,2025,11,19,16,,VALID,True,precipitation_mm,False,False,True,False,False,1.20125999951,-0.338175444733,0.6,0.336472236621,America/Bogota,2025-11-19T21:00:00+00:00
2,7750,2025-11-19T21:00:00-05:00,Bogota,4.711,-74.0721,12.3,97,0,5.7,183.46,True,16510,2025,11,19,21,,VALID,False,,False,False,False,False,False,-0.48175509182,1.58373482277,0.97,0,America/Bogota,2025-11-20T02:00:00+00:00
2,7924,2025-11-27T03:00:00-05:00,Bogota,4.711,-74.0721,11.2,95,0,2.3,154.49,True,16684,2025,11,27,3,,VALID,False,,False,False,False,False,False,-0.795537566475,-0.00660337915905,0.95,0,America/Bogota,2025-11-27T08:00:00+00:00
2,8003,2025-11-30T10:00:00-05:00,Bogota,4.711,-74.0721,17.3,71,0,1.5,151.89,True,16763,2025,11,30,10,,VALID,False,,False,False,False,False,False,0.944528883882,-0.14933307626,0.71,0,America/Bogota,2025-11-30T15:00:00+00:00
2,8098,2025-12-04T09:00:00-05:00,Bogota,4.711,-74.0721,15.5,76,0,1.7,175.77,True,16858,2025,12,4,9,,VALID,False,,False,False,False,False,False,0.431066652629,1.16158429558,0.76,0,America/Bogota,2025-12-04T14:00:00+00:00
2,8118,2025-12-05T05:00:00-05:00,Bogota,4.711,-74.0721,11.6,98,0.2,1.1,149.83,True,16878,2025,12,5,5,,VALID,False,,False,False,False,False,False,-0.681434848419,-0.262418913195,0.98,0.182321556794,America/Bogota,2025-12-05T10:00:00+00:00
2,8182,2025-12-07T21:00:00-05:00,Bogota,4.711,-74.0721,11.2,95,0,0.5,197.88,True,16942,2025,12,7,21,,VALID,False,,False,False,False,False,False,-0.795537566475,2.37533568131,0.95,0,America/Bogota,2025-12-08T02:00:00+00:00
2,8191,2025-12-08T06:00:00-05:00,Bogota,4.711,-74.0721,7.8,100,0,2.2,155.55,True,16951,2025,12,8,6,,VALID,False,,False,False,False,False,False,-1.76541066995,0.0515864204284,1,0,America/Bogota,2025-12-08T11:00:00+00:00
2,8267,2025-12-11T10:00:00-05:00,Bogota,4.711,-74.0721,16.8,66,0,4.7,123.42,True,17027,2025,12,11,10,,VALID,False,,False,False,False,False,False,0.801900486312,-1.71222325952,0.66,0,America/Bogota,2025-12-11T15:00:00+00:00
2,8292,2025-12-12T11:00:00-05:00,Bogota,4.711,-74.0721,18.4,56,0,7.4,131.65,True,17052,2025,12,12,11,,VALID,False,,False,False,False,False,False,1.25831135854,-1.26042887216,0.56,0,America/Bogota,2025-12-12T16:00:00+00:00
2,8317,2025-12-13T12:00:00-05:00,Bogota,4.711,-74.0721,19.8,52,0,10.4,146.87,True,17077,2025,12,13,12,,VALID,False,,False,False,False,False,False,1.65767087173,-0.424911183741,0.52,0,America/Bogota,2025-12-13T17:00:00+00:00
2,8367,2025-12-15T14:00:00-05:00,Bogota,4.711,-74.0721,21.1,44,0.1,6,130.8,True,17127,2025,12,15,14,,VALID,False,,False,False,False,False,False,2.02850470542,-1.3070905039,0.44,0.0953101798043,America/Bogota,2025-12-15T19:00:00+00:00
2,8372,2025-12-15T19:00:00-05:00,Bogota,4.711,-74.0721,14.5,87,0,5,180.97,True,17132,2025,12,15,19,,VALID,False,,False,False,False,False,False,0.145809857489,1.44704368978,0.87,0,America/Bogota,2025-12-16T00:00:00+00:00
2,8384,2025-12-16T07:00:00-05:00,Bogota,4.711,-74.0721,10.9,91,0,4,182.49,True,17144,2025,12,16,7,,VALID,False,,False,False,False,False,False,-0.881114605017,1.53048566655,0.91,0,America/Bogota,2025-12-16T12:00:00+00:00
2,8399,2025-12-16T22:00:00-05:00,Bogota,4.711,-74.0721,12.7,94,0,1.6,144.51,True,17159,2025,12,16,22,,VALID,False,,False,False,False,False,False,-0.367652373764,-0.554465831879,0.94,0,America/Bogota,2025-12-17T03:00:00+00:00
2,8441,2025-12-18T16:00:00-05:00,Bogota,4.711,-74.0721,16.6,67,0,11.9,137.19,True,17201,2025,12,18,16,,VALID,False,,False,False,False,False,False,0.744849127284,-0.956304825257,0.67,0,America/Bogota,2025-12-18T21:00:00+00:00
2,8540,2025-12-22T19:00:00-05:00,Bogota,4.711,-74.0721,14.5,89,0.1,5.1,158.02,True,17300,2025,12,22,19,,VALID,False,,False,False,False,False,False,0.145809857489,0.187179632675,0.89,0.0953101798043,America/Bogota,2025-12-23T00:00:00+00:00
2,8543,2025-12-22T22:00:00-05:00,Bogota,4.711,-74.0721,13.3,97,1.5,3.3,146.6,True,17303,2025,12,22,22,,VALID,True,precipitation_mm,False,False,True,False,False,-0.19649829668,-0.439733113824,0.97,0.916290731874,America/Bogota,2025-12-23T03:00:00+00:00
2,8556,2025-12-23T11:00:00-05:00,Bogota,4.711,-74.0721,19.3,56,0,2.4,129.87,True,17316,2025,12,23,11,,VALID,False,,False,False,False,False,False,1.51504247416,-1.35814381863,0.56,0,America/Bogota,2025-12-23T16:00:00+00:00
2,8620,2025-12-26T03:00:00-05:00,Bogota,4.711,-74.0721,11,100,0,2.5,155.05,True,17380,2025,12,26,3,,VALID,False,,False,False,False,False,False,-0.852588925503,0.0241384017551,1,0,America/Bogota,2025-12-26T08:00:00+00:00
2,8626,2025-12-26T09:00:00-05:00,Bogota,4.711,-74.0721,14.7,69,0,3.6,158.91,True,17386,2025,12,26,9,,VALID,False,,False,False,False,False,False,0.202861216517,0.236037105913,0.69,0,America/Bogota,2025-12-26T14:00:00+00:00
2,8634,2025-12-26T17:00:00-05:00,Bogota,4.711,-74.0721,17.1,60,0,10.3,141.86,True,17394,2025,12,26,17,,VALID,False,,False,False,False,False,False,0.887477524854,-0.699940330848,0.6,0,America/Bogota,2025-12-26T22:00:00+00:00
2,8679,2025-12-28T14:00:00-05:00,Bogota,4.711,-74.0721,19.6,38,0,18.1,149.31,True,17439,2025,12,28,14,,VALID,True,wind_speed_kmh,False,False,False,True,False,1.60061951271,-0.290964852615,0.38,0,America/Bogota,2025-12-28T19:00:00+00:00
2,8711,2025-12-29T22:00:00-05:00,Bogota,4.711,-74.0721,12.6,86,0,6.7,135.7,True,17471,2025,12,29,22,,VALID,False,,False,False,False,False,False,-0.396178053278,-1.0380999209,0.86,0,America/Bogota,2025-12-30T03:00:00+00:00
3,82,2025-01-04T09:00:00-05:00,Bucaramanga,7.1193,-73.1227,22.5,78,0,3.6,102.67,True,17602,2025,1,4,9,,VALID,False,,False,False,False,False,False,0.256255811797,-0.593171229473,0.78,0,America/Bogota,2025-01-04T14:00:00+00:00
3,102,2025-01-05T05:00:00-05:00,Bucaramanga,7.1193,-73.1227,19,98,0.5,5.7,107.5,True,17622,2025,1,5,5,,VALID,False,,False,False,False,False,False,-1.29023721822,-0.153935007113,0.98,0.405465108108,America/Bogota,2025-01-05T10:00:00+00:00
3,166,2025-01-07T21:00:00-05:00,Bucaramanga,7.1193,-73.1227,21.4,93,0.3,1.5,121.75,True,17686,2025,1,7,21,,VALID,False,,False,False,False,False,False,-0.22978485478,1.14194825762,0.93,0.262364264467,America/Bogota,2025-01-08T02:00:00+00:00
3,175,2025-01-08T06:00:00-05:00,Bucaramanga,7.1193,-73.1227,18.2,93,0,1.8,108.59,True,17695,2025,1,8,6,,VALID,False,,False,False,False,False,False,-1.64372133937,-0.054811304758,0.93,0,America/Bogota,2025-01-08T11:00:00+00:00
3,251,2025-01-11T10:00:00-05:00,Bucaramanga,7.1193,-73.1227,24.5,71,0,3.3,99.43,True,17771,2025,1,11,10,,VALID,False,,False,False,False,False,False,1.13996611466,-0.887814161243,0.71,0,America/Bogota,2025-01-11T15:00:00+00:00
3,276,2025-01-12T11:00:00-05:00,Bucaramanga,7.1193,-73.1227,24.9,74,0,5.2,104.63,True,17796,2025,1,12,11,,VALID,False,,False,False,False,False,False,1.31670817524,-0.414930443588,0.74,0,America/Bogota,2025-01-12T16:00:00+00:00
3,301,2025-01-13T12:00:00-05:00,Bucaramanga,7.1193,-73.1227,26,60,0,5.2,103.14,True,17821,2025,1,13,12,,VALID,False,,False,False,False,False,False,1.80274884182,-0.550429816532,0.6,0,America/Bogota,2025-01-13T17:00:00+00:00
3,351,2025-01-15T14:00:00-05:00,Bucaramanga,7.1193,-73.1227,25,61,0,8.2,103,True,17871,2025,1,15,14,,VALID,False,,False,False,False,False,False,1.36089369038,-0.563161301238,0.61,0,America/Bogota,2025-01-15T19:00:00+00:00
3,356,2025-01-15T19:00:00-05:00,Bucaramanga,7.1193,-73.1227,20.7,85,0,4,125.38,True,17876,2025,1,15,19,,VALID,False,,False,False,False,False,False,-0.539083460784,1.47205746821,0.85,0,America/Bogota,2025-01-16T00:00:00+00:00
3,368,2025-01-16T07:00:00-05:00,Bucaramanga,7.1193,-73.1227,17.8,89,0,2.9,130.93,True,17888,2025,1,16,7,,VALID,False,,False,False,False,False,False,-1.82046339994,1.97676989763,0.89,0,America/Bogota,2025-01-16T12:00:00+00:00
3,383,2025-01-16T22:00:00-05:00,Bucaramanga,7.1193,-73.1227,20.4,88,0,2.2,106.11,True,17903,2025,1,16,22,,VALID,False,,False,False,False,False,False,-0.671640006214,-0.280340462409,0.88,0,America/Bogota,2025-01-17T03:00:00+00:00
3,425,2025-01-18T16:00:00-05:00,Bucaramanga,7.1193,-73.1227,24.2,63,0,8.8,114.35,True,17945,2025,1,18,16,,VALID,False,,False,False,False,False,False,1.00740956923,0.468998351722,0.63,0,America/Bogota,2025-01-18T21:00:00+00:00
3,524,2025-01-22T19:00:00-05:00,Bucaramanga,7.1193,-73.1227,21.4,77,0,2,133.16,True,18044,2025,1,22,19,,VALID,False,,False,False,False,False,False,-0.22978485478,2.17956426116,0.77,0,America/Bogota,2025-01-23T00:00:00+00:00
3,527,2025-01-22T22:00:00-05:00,Bucaramanga,7.1193,-73.1227,19.5,84,0,4,100.25,True,18047,2025,1,22,22,,VALID,False,,False,False,False,False,False,-1.0693096425,-0.813244036536,0.84,0,America/Bogota,2025-01-23T03:00:00+00:00
3,540,2025-01-23T11:00:00-05:00,Bucaramanga,7.1193,-73.1227,25.4,61,0,5.1,102.7,True,18060,2025,1,23,11,,VALID,False,,False,False,False,False,False,1.53763575096,-0.590443054179,0.61,0,America/Bogota,2025-01-23T16:00:00+00:00
3,604,2025-01-26T03:00:00-05:00,Bucaramanga,7.1193,-73.1227,20.2,83,0,1.8,99.31,True,18124,2025,1,26,3,,VALID,False,,False,False,False,False,False,-0.7600110365,-0.89872686242,0.83,0,America/Bogota,2025-01-26T08:00:00+00:00
3,610,2025-01-26T09:00:00-05:00,Bucaramanga,7.1193,-73.1227,23.1,76,0,6.1,122.13,True,18130,2025,1,26,9,,VALID,False,,False,False,False,False,False,0.521368902658,1.17650514468,0.76,0,America/Bogota,2025-01-26T14:00:00+00:00
3,618,2025-01-26T17:00:00-05:00,Bucaramanga,7.1193,-73.1227,23.6,78,0,7.5,103.51,True,18138,2025,1,26,17,,VALID,False,,False,False,False,False,False,0.742296478374,-0.516782321237,0.78,0,America/Bogota,2025-01-26T22:00:00+00:00
3,663,2025-01-28T14:00:00-05:00,Bucaramanga,7.1193,-73.1227,25.4,66,0,8.9,102.64,True,18183,2025,1,28,14,,VALID,False,,False,False,False,False,False,1.53763575096,-0.595899404768,0.66,0,America/Bogota,2025-01-28T19:00:00+00:00
3,695,2025-01-29T22:00:00-05:00,Bucaramanga,7.1193,-73.1227,20.7,88,0,6.7,96.82,True,18215,2025,1,29,22,,VALID,False,,False,False,False,False,False,-0.539083460784,-1.12516541184,0.88,0,America/Bogota,2025-01-30T03:00:00+00:00
3,799,2025-02-03T06:00:00-05:00,Bucaramanga,7.1193,-73.1227,19.6,89,0,2,98.69,True,18319,2025,2,3,6,,VALID,False,,False,False,False,False,False,-1.02512412736,-0.955109151833,0.89,0,America/Bogota,2025-02-03T11:00:00+00:00
3,808,2025-02-03T15:00:00-05:00,Bucaramanga,7.1193,-73.1227,25.5,73,0.1,9.4,104.72,True,18328,2025,2,3,15,,VALID,False,,False,False,False,False,False,1.5818212661,-0.406745917705,0.73,0.0953101798043,America/Bogota,2025-02-03T20:00:00+00:00
3,826,2025-02-04T09:00:00-05:00,Bucaramanga,7.1193,-73.1227,22.8,83,0,2.9,108.37,True,18346,2025,2,4,9,,VALID,False,,False,False,False,False,False,0.388812357227,-0.0748179235819,0.83,0,America/Bogota,2025-02-04T14:00:00+00:00
3,835,2025-02-04T18:00:00-05:00,Bucaramanga,7.1193,-73.1227,22,90,3.4,6.6,129.07,True,18355,2025,2,4,18,,VALID,True,precipitation_mm,False,False,True,False,False,0.0353282360804,1.80762302939,0.9,1.48160454092,America/Bogota,2025-02-04T23:00:00+00:00
3,900,2025-02-07T11:00:00-05:00,Bucaramanga,7.1193,-73.1227,25.9,70,0.2,6.5,105.3,True,18420,2025,2,7,11,,VALID,False,,False,False,False,False,False,1.75856332667,-0.354001195352,0.7,0.182321556794,America/Bogota,2025-02-07T16:00:00+00:00
3,903,2025-02-07T14:00:00-05:00,Bucaramanga,7.1193,-73.1227,25.9,66,0.5,10.5,106.65,True,18423,2025,2,7,14,,VALID,False,,False,False,False,False,False,1.75856332667,-0.231233307114,0.66,0.405465108108,America/Bogota,2025-02-07T19:00:00+00:00
3,944,2025-02-09T07:00:00-05:00,Bucaramanga,7.1193,-73.1227,20,90,0.2,0.2,122.71,True,18464,2025,2,9,7,,VALID,False,,False,False,False,False,False,-0.848382066787,1.22924986703,0.9,0.182321556794,America/Bogota,2025-02-09T12:00:00+00:00
3,956,2025-02-09T19:00:00-05:00,Bucaramanga,7.1193,-73.1227,21.1,90,0,1.1,124.03,True,18476,2025,2,9,19,,VALID,False,,False,False,False,False,False,-0.36234140021,1.34928957997,0.9,0,America/Bogota,2025-02-10T00:00:00+00:00
3,966,2025-02-10T05:00:00-05:00,Bucaramanga,7.1193,-73.1227,19.3,93,0,1.3,102.56,True,18486,2025,2,10,5,,VALID,False,,False,False,False,False,False,-1.15768067279,-0.603174538885,0.93,0,America/Bogota,2025-02-10T10:00:00+00:00
3,1009,2025-02-12T00:00:00-05:00,Bucaramanga,7.1193,-73.1227,20,93,0.4,7.4,105.55,True,18529,2025,2,12,0,,VALID,False,,False,False,False,False,False,-0.848382066787,-0.331266401234,0.93,0.336472236621,America/Bogota,2025-02-12T05:00:00+00:00
3,1020,2025-02-12T11:00:00-05:00,Bucaramanga,7.1193,-73.1227,25,75,0.1,4.2,104.36,True,18540,2025,2,12,11,,VALID,False,,False,False,False,False,False,1.36089369038,-0.439484021235,0.75,0.0953101798043,America/Bogota,2025-02-12T16:00:00+00:00
3,1044,2025-02-13T11:00:00-05:00,Bucaramanga,7.1193,-73.1227,25.2,73,0.1,4.2,103.49,True,18564,2025,2,13,11,,VALID,False,,False,False,False,False,False,1.44926472067,-0.518601104766,0.73,0.0953101798043,America/Bogota,2025-02-13T16:00:00+00:00
3,1055,2025-02-13T22:00:00-05:00,Bucaramanga,7.1193,-73.1227,20.7,87,0.1,7.5,107.98,True,18575,2025,2,13,22,,VALID,False,,False,False,False,False,False,-0.539083460784,-0.110284202406,0.87,0.0953101798043,America/Bogota,2025-02-14T03:00:00+00:00
3,1099,2025-02-15T18:00:00-05:00,Bucaramanga,7.1193,-73.1227,21.9,89,0,1.6,112.04,True,18619,2025,2,15,18,,VALID,False,,False,False,False,False,False,-0.00885727906299,0.258928854071,0.89,0,America/Bogota,2025-02-15T23:00:00+00:00
3,1106,2025-02-16T01:00:00-05:00,Bucaramanga,7.1193,-73.1227,19,98,2.1,7,103.36,True,18626,2025,2,16,1,,VALID,True,precipitation_mm,False,False,True,False,False,-1.29023721822,-0.530423197708,0.98,1.13140211149,America/Bogota,2025-02-16T06:00:00+00:00
3,1107,2025-02-16T02:00:00-05:00,Bucaramanga,7.1193,-73.1227,18.9,98,6.8,3.2,113.47,True,18627,2025,2,16,2,,VALID,True,precipitation_mm,False,False,True,False,False,-1.33442273336,0.388971876426,0.98,2.0541237337,America/Bogota,2025-02-16T07:00:00+00:00
3,1226,2025-02-21T01:00:00-05:00,Bucaramanga,7.1193,-73.1227,19.8,93,0,5.9,109.86,True,18746,2025,2,21,1,,VALID,False,,False,False,False,False,False,-0.936753097074,0.0606814493617,0.93,0,America/Bogota,2025-02-21T06:00:00+00:00
3,1289,2025-02-23T16:00:00-05:00,Bucaramanga,7.1193,-73.1227,24.9,76,0.1,6.2,105.3,True,18809,2025,2,23,16,,VALID,False,,False,False,False,False,False,1.31670817524,-0.354001195352,0.76,0.0953101798043,America/Bogota,2025-02-23T21:00:00+00:00
3,1347,2025-02-26T02:00:00-05:00,Bucaramanga,7.1193,-73.1227,19.9,90,2.4,2.6,101.52,True,18867,2025,2,26,2,,VALID,True,precipitation_mm,False,False,True,False,False,-0.892567581931,-0.697751282416,0.9,1.22377543162,America/Bogota,2025-02-26T07:00:00+00:00
3,1384,2025-02-27T15:00:00-05:00,Bucaramanga,7.1193,-73.1227,25.2,78,0.1,6.8,104.43,True,18904,2025,2,27,15,,VALID,False,,False,False,False,False,False,1.44926472067,-0.433118278882,0.78,0.0953101798043,America/Bogota,2025-02-27T20:00:00+00:00
3,1498,2025-03-04T09:00:00-05:00,Bucaramanga,7.1193,-73.1227,22.4,86,0.1,2.1,117.11,True,19018,2025,3,4,9,,VALID,False,,False,False,False,False,False,0.212070296654,0.719990478785,0.86,0.0953101798043,America/Bogota,2025-03-04T14:00:00+00:00
3,1518,2025-03-05T05:00:00-05:00,Bucaramanga,7.1193,-73.1227,19.8,91,0.2,2.9,99.41,True,19038,2025,3,5,5,,VALID,False,,False,False,False,False,False,-0.936753097074,-0.889632944773,0.91,0.182321556794,America/Bogota,2025-03-05T10:00:00+00:00
3,1582,2025-03-07T21:00:00-05:00,Bucaramanga,7.1193,-73.1227,20.4,96,0.1,1.9,127,True,19102,2025,3,7,21,,VALID,False,,False,False,False,False,False,-0.671640006214,1.6193789341,0.96,0.0953101798043,America/Bogota,2025-03-08T02:00:00+00:00
3,1591,2025-03-08T06:00:00-05:00,Bucaramanga,7.1193,-73.1227,18.6,94,0,1.5,106.48,True,19111,2025,3,8,6,,VALID,False,,False,False,False,False,False,-1.46697927879,-0.246692967114,0.94,0,America/Bogota,2025-03-08T11:00:00+00:00
3,1667,2025-03-11T10:00:00-05:00,Bucaramanga,7.1193,-73.1227,25.3,70,0,4.1,112.1,True,19187,2025,3,11,10,,VALID,False,,False,False,False,False,False,1.49345023581,0.264385204659,0.7,0,America/Bogota,2025-03-11T15:00:00+00:00
3,1692,2025-03-12T11:00:00-05:00,Bucaramanga,7.1193,-73.1227,24.8,72,0.1,5.6,108.86,True,19212,2025,3,12,11,,VALID,False,,False,False,False,False,False,1.27252266009,-0.0302577271105,0.72,0.0953101798043,America/Bogota,2025-03-12T16:00:00+00:00
3,1717,2025-03-13T12:00:00-05:00,Bucaramanga,7.1193,-73.1227,26.2,67,0.4,8.2,111.5,True,19237,2025,3,13,12,,VALID,False,,False,False,False,False,False,1.8911198721,0.209821698776,0.67,0.336472236621,America/Bogota,2025-03-13T17:00:00+00:00
3,1767,2025-03-15T14:00:00-05:00,Bucaramanga,7.1193,-73.1227,24.6,72,0.1,7.5,103.09,True,19287,2025,3,15,14,,VALID,False,,False,False,False,False,False,1.18415162981,-0.554976775355,0.72,0.0953101798043,America/Bogota,2025-03-15T19:00:00+00:00
3,1772,2025-03-15T19:00:00-05:00,Bucaramanga,7.1193,-73.1227,20.4,99,1.2,9,137.01,True,19292,2025,3,15,19,,VALID,True,precipitation_mm|energy_kwh,False,False,True,False,True,-0.671640006214,2.52968009058,0.99,0.788457360364,America/Bogota,2025-03-16T00:00:00+00:00
3,1784,2025-03-16T07:00:00-05:00,Bucaramanga,7.1193,-73.1227,19.8,94,0.1,1.5,116.31,True,19304,2025,3,16,7,,VALID,False,,False,False,False,False,False,-0.936753097074,0.647239137607,0.94,0.0953101798043,America/Bogota,2025-03-16T12:00:00+00:00
3,1799,2025-03-16T22:00:00-05:00,Bucaramanga,7.1193,-73.1227,21,88,0,5.2,108.8,True,19319,2025,3,16,22,,VALID,False,,False,False,False,False,False,-0.406526915353,-0.0357140776989,0.88,0,America/Bogota,2025-03-17T03:00:00+00:00
3,1841,2025-03-18T16:00:00-05:00,Bucaramanga,7.1193,-73.1227,24.7,73,0,3,103.62,True,19361,2025,3,18,16,,VALID,False,,False,False,False,False,False,1.22833714495,-0.506779011825,0.73,0,America/Bogota,2025-03-18T21:00:00+00:00
3,1940,2025-03-22T19:00:00-05:00,Bucaramanga,7.1193,-73.1227,22.5,87,0,3.7,116.32,True,19460,2025,3,22,19,,VALID,False,,False,False,False,False,False,0.256255811797,0.648148529372,0.87,0,America/Bogota,2025-03-23T00:00:00+00:00
3,1943,2025-03-22T22:00:00-05:00,Bucaramanga,7.1193,-73.1227,22.8,80,0,5.7,102.88,True,19463,2025,3,22,22,,VALID,False,,False,False,False,False,False,0.388812357227,-0.574074002414,0.8,0,America/Bogota,2025-03-23T03:00:00+00:00
3,1956,2025-03-23T11:00:00-05:00,Bucaramanga,7.1193,-73.1227,26.5,70,0,6,107.17,True,19476,2025,3,23,11,,VALID,False,,False,False,False,False,False,2.02367641753,-0.183944935349,0.7,0,America/Bogota,2025-03-23T16:00:00+00:00
3,2020,2025-03-26T03:00:00-05:00,Bucaramanga,7.1193,-73.1227,19.6,88,0,2.5,104.91,True,19540,2025,3,26,3,,VALID,False,,False,False,False,False,False,-1.02512412736,-0.389467474176,0.88,0,America/Bogota,2025-03-26T08:00:00+00:00
3,2026,2025-03-26T09:00:00-05:00,Bucaramanga,7.1193,-73.1227,23.2,84,0.1,3.7,125.73,True,19546,2025,3,26,9,,VALID,False,,False,False,False,False,False,0.565554417801,1.50388617998,0.84,0.0953101798043,America/Bogota,2025-03-26T14:00:00+00:00
3,2034,2025-03-26T17:00:00-05:00,Bucaramanga,7.1193,-73.1227,22.6,90,0,8.9,103.5,True,19554,2025,3,26,17,,VALID,False,,False,False,False,False,False,0.300441326941,-0.517691713002,0.9,0,America/Bogota,2025-03-26T22:00:00+00:00
3,2079,2025-03-28T14:00:00-05:00,Bucaramanga,7.1193,-73.1227,23.8,82,0.2,7.8,102.65,True,19599,2025,3,28,14,,VALID,False,,False,False,False,False,False,0.830667508661,-0.594990013003,0.82,0.182321556794,America/Bogota,2025-03-28T19:00:00+00:00
3,2111,2025-03-29T22:00:00-05:00,Bucaramanga,7.1193,-73.1227,21.9,82,0,1.7,94.83,True,19631,2025,3,29,22,,VALID,False,,False,False,False,False,False,-0.00885727906299,-1.30613437302,0.82,0,America/Bogota,2025-03-30T03:00:00+00:00
3,2200,2025-04-02T15:00:00-05:00,Bucaramanga,7.1193,-73.1227,23.6,85,0.3,8.5,95.36,True,19720,2025,4,2,15,,VALID,False,,False,False,False,False,False,0.742296478374,-1.25793660949,0.85,0.262364264467,America/Bogota,2025-04-02T20:00:00+00:00
3,2215,2025-04-03T06:00:00-05:00,Bucaramanga,7.1193,-73.1227,20.3,88,0,4.6,95.81,True,19735,2025,4,3,6,,VALID,False,,False,False,False,False,False,-0.715825521357,-1.21701398007,0.88,0,America/Bogota,2025-04-03T11:00:00+00:00
3,2224,2025-04-03T15:00:00-05:00,Bucaramanga,7.1193,-73.1227,23.4,89,0.8,8,111.92,True,19744,2025,4,3,15,,VALID,True,precipitation_mm,False,False,True,False,False,0.653925448088,0.248016152894,0.89,0.587786664902,America/Bogota,2025-04-03T20:00:00+00:00
3,2226,2025-04-03T17:00:00-05:00,Bucaramanga,7.1193,-73.1227,22,87,1.6,5.1,106.06,True,19746,2025,4,3,17,,VALID,True,precipitation_mm,False,False,True,False,False,0.0353282360804,-0.284887421233,0.87,0.955511445027,America/Bogota,2025-04-03T22:00:00+00:00
3,2247,2025-04-04T14:00:00-05:00,Bucaramanga,7.1193,-73.1227,24.2,81,0.5,8.1,101.53,True,19767,2025,4,4,14,,VALID,False,,False,False,False,False,False,1.00740956923,-0.696841890652,0.81,0.405465108108,America/Bogota,2025-04-04T19:00:00+00:00
3,2262,2025-04-05T05:00:00-05:00,Bucaramanga,7.1193,-73.1227,19.2,86,0,0.4,110.41,True,19782,2025,4,5,5,,VALID,False,,False,False,False,False,False,-1.20186618793,0.110697996421,0.86,0,America/Bogota,2025-04-05T10:00:00+00:00
3,2306,2025-04-07T01:00:00-05:00,Bucaramanga,7.1193,-73.1227,21.2,87,0.1,3.7,96.5,True,19826,2025,4,7,1,,VALID,False,,False,False,False,False,False,-0.318155885067,-1.15426594831,0.87,0.0953101798043,America/Bogota,2025-04-07T06:00:00+00:00
3,2359,2025-04-09T06:00:00-05:00,Bucaramanga,7.1193,-73.1227,20.2,86,0,2.6,99.8,True,19879,2025,4,9,6,,VALID,False,,False,False,False,False,False,-0.7600110365,-0.854166665949,0.86,0,America/Bogota,2025-04-09T11:00:00+00:00
3,2374,2025-04-09T21:00:00-05:00,Bucaramanga,7.1193,-73.1227,20.9,100,1.7,5.6,126.19,True,19894,2025,4,9,21,,VALID,True,precipitation_mm,False,False,True,False,False,-0.450712430497,1.54571820115,1,0.99325177301,America/Bogota,2025-04-10T02:00:00+00:00
3,2420,2025-04-11T19:00:00-05:00,Bucaramanga,7.1193,-73.1227,20.6,95,0.4,3.8,125.34,True,19940,2025,4,11,19,,VALID,False,,False,False,False,False,False,-0.583268975927,1.46841990115,0.95,0.336472236621,America/Bogota,2025-04-12T00:00:00+00:00
3,2451,2025-04-13T02:00:00-05:00,Bucaramanga,7.1193,-73.1227,18.2,94,0,3.8,107.24,True,19971,2025,4,13,2,,VALID,False,,False,False,False,False,False,-1.64372133937,-0.177579192995,0.94,0,America/Bogota,2025-04-13T07:00:00+00:00
3,2453,2025-04-13T04:00:00-05:00,Bucaramanga,7.1193,-73.1227,17.4,91,0,5.7,108.89,True,19973,2025,4,13,4,,VALID,False,,False,False,False,False,False,-1.99720546051,-0.0275295518164,0.91,0,America/Bogota,2025-04-13T09:00:00+00:00
3,2489,2025-04-14T16:00:00-05:00,Bucaramanga,7.1193,-73.1227,25.6,68,0,6.5,104.93,True,20009,2025,4,14,16,,VALID,False,,False,False,False,False,False,1.62600678124,-0.387648690646,0.68,0,America/Bogota,2025-04-14T21:00:00+00:00
3,2501,2025-04-15T04:00:00-05:00,Bucaramanga,7.1193,-73.1227,18.4,81,0,6.3,110.17,True,20021,2025,4,15,4,,VALID,False,,False,False,False,False,False,-1.55535030908,0.0888725940681,0.81,0,America/Bogota,2025-04-15T09:00:00+00:00
3,2551,2025-04-17T06:00:00-05:00,Bucaramanga,7.1193,-73.1227,20.3,89,0,3.5,97.48,True,20071,2025,4,17,6,,VALID,False,,False,False,False,False,False,-0.715825521357,-1.06514555536,0.89,0,America/Bogota,2025-04-17T11:00:00+00:00
3,2591,2025-04-18T22:00:00-05:00,Bucaramanga,7.1193,-73.1227,21.3,92,8.5,10.8,114.56,True,20111,2025,4,18,22,,VALID,True,precipitation_mm,False,False,True,False,False,-0.273970369923,0.488095578781,0.92,2.25129179861,America/Bogota,2025-04-19T03:00:00+00:00
3,2609,2025-04-19T16:00:00-05:00,Bucaramanga,7.1193,-73.1227,23.6,89,6.4,8.2,114.19,True,20129,2025,4,19,16,,VALID,True,precipitation_mm,False,False,True,False,False,0.742296478374,0.454448083486,0.89,2.00148000021,America/Bogota,2025-04-19T21:00:00+00:00
3,2614,2025-04-19T21:00:00-05:00,Bucaramanga,7.1193,-73.1227,21.8,93,0.3,8.2,129.8,True,20134,2025,4,19,21,,VALID,False,,False,False,False,False,False,-0.0530427942064,1.87400862822,0.93,0.262364264467,America/Bogota,2025-04-20T02:00:00+00:00
3,2788,2025-04-27T03:00:00-05:00,Bucaramanga,7.1193,-73.1227,19.7,91,1,1.1,105.28,True,20308,2025,4,27,3,,VALID,True,precipitation_mm,False,False,True,False,False,-0.980938612217,-0.355819978881,0.91,0.69314718056,America/Bogota,2025-04-27T08:00:00+00:00
3,2867,2025-04-30T10:00:00-05:00,Bucaramanga,7.1193,-73.1227,25.2,71,0,4.2,106.58,True,20387,2025,4,30,10,,VALID,False,,False,False,False,False,False,1.44926472067,-0.237599049467,0.71,0,America/Bogota,2025-04-30T15:00:00+00:00
3,2962,2025-05-04T09:00:00-05:00,Bucaramanga,7.1193,-73.1227,23.8,76,0,1,116.98,True,20482,2025,5,4,9,,VALID,False,,False,False,False,False,False,0.830667508661,0.708168385844,0.76,0,America/Bogota,2025-05-04T14:00:00+00:00
3,2982,2025-05-05T05:00:00-05:00,Bucaramanga,7.1193,-73.1227,19.3,96,0.1,3.5,102.33,True,20502,2025,5,5,5,,VALID,False,,False,False,False,False,False,-1.15768067279,-0.624090549474,0.96,0.0953101798043,America/Bogota,2025-05-05T10:00:00+00:00
3,3046,2025-05-07T21:00:00-05:00,Bucaramanga,7.1193,-73.1227,20.9,100,0,2.7,126.49,True,20566,2025,5,7,21,,VALID,False,,False,False,False,False,False,-0.450712430497,1.57299995409,1,0,America/Bogota,2025-05-08T02:00:00+00:00
3,3055,2025-05-08T06:00:00-05:00,Bucaramanga,7.1193,-73.1227,20.3,83,0,2.4,105.14,True,20575,2025,5,8,6,,VALID,False,,False,False,False,False,False,-0.715825521357,-0.368551463587,0.83,0,America/Bogota,2025-05-08T11:00:00+00:00
3,3131,2025-05-11T10:00:00-05:00,Bucaramanga,7.1193,-73.1227,26.4,61,0,3.3,101.02,True,20651,2025,5,11,10,,VALID,False,,False,False,False,False,False,1.97949090239,-0.743220870653,0.61,0,America/Bogota,2025-05-11T15:00:00+00:00
3,3156,2025-05-12T11:00:00-05:00,Bucaramanga,7.1193,-73.1227,26.2,61,0,5.8,113.46,True,20676,2025,5,12,11,,VALID,False,,False,False,False,False,False,1.8911198721,0.388062484662,0.61,0,America/Bogota,2025-05-12T16:00:00+00:00
3,3181,2025-05-13T12:00:00-05:00,Bucaramanga,7.1193,-73.1227,26,70,0.9,5.9,96.97,True,20701,2025,5,13,12,,VALID,True,precipitation_mm,False,False,True,False,False,1.80274884182,-1.11152453537,0.7,0.641853886172,America/Bogota,2025-05-13T17:00:00+00:00
3,3231,2025-05-15T14:00:00-05:00,Bucaramanga,7.1193,-73.1227,24.3,75,0.1,6.6,107.27,True,20751,2025,5,15,14,,VALID,False,,False,False,False,False,False,1.05159508438,-0.174851017701,0.75,0.0953101798043,America/Bogota,2025-05-15T19:00:00+00:00
3,3236,2025-05-15T19:00:00-05:00,Bucaramanga,7.1193,-73.1227,20.8,98,4.4,5.5,127.74,True,20756,2025,5,15,19,,VALID,True,precipitation_mm,False,False,True,False,False,-0.49489794564,1.68667392468,0.98,1.68639895357,America/Bogota,2025-05-16T00:00:00+00:00
3,3248,2025-05-16T07:00:00-05:00,Bucaramanga,7.1193,-73.1227,20.2,95,0,6.2,115.28,True,20768,2025,5,16,7,,VALID,False,,False,False,False,False,False,-0.7600110365,0.553571785841,0.95,0,America/Bogota,2025-05-16T12:00:00+00:00
3,3263,2025-05-16T22:00:00-05:00,Bucaramanga,7.1193,-73.1227,20.2,100,3,1.7,99.18,True,20783,2025,5,16,22,,VALID,True,precipitation_mm,False,False,True,False,False,-0.7600110365,-0.910548955361,1,1.38629436112,America/Bogota,2025-05-17T03:00:00+00:00
3,3305,2025-05-18T16:00:00-05:00,Bucaramanga,7.1193,-73.1227,23.6,79,0.1,4.3,100.93,True,20825,2025,5,18,16,,VALID,False,,False,False,False,False,False,0.742296478374,-0.751405396535,0.79,0.0953101798043,America/Bogota,2025-05-18T21:00:00+00:00
3,3404,2025-05-22T19:00:00-05:00,Bucaramanga,7.1193,-73.1227,21.4,94,0,2.1,124.49,True,20924,2025,5,22,19,,VALID,False,,False,False,False,False,False,-0.22978485478,1.39112160115,0.94,0,America/Bogota,2025-05-23T00:00:00+00:00
3,3407,2025-05-22T22:00:00-05:00,Bucaramanga,7.1193,-73.1227,21,82,0,1.9,88.57,True,20927,2025,5,22,22,,VALID,False,,False,False,False,False,False,-0.406526915353,-1.87541361773,0.82,0,America/Bogota,2025-05-23T03:00:00+00:00
3,3420,2025-05-23T11:00:00-05:00,Bucaramanga,7.1193,-73.1227,26.3,58,0,5.1,97.48,True,20940,2025,5,23,11,,VALID,False,,False,False,False,False,False,1.93530538725,-1.06514555536,0.58,0,America/Bogota,2025-05-23T16:00:00+00:00
3,3484,2025-05-26T03:00:00-05:00,Bucaramanga,7.1193,-73.1227,21,88,0,5.7,94.83,True,21004,2025,5,26,3,,VALID,False,,False,False,False,False,False,-0.406526915353,-1.30613437302,0.88,0,America/Bogota,2025-05-26T08:00:00+00:00
3,3490,2025-05-26T09:00:00-05:00,Bucaramanga,7.1193,-73.1227,23.1,81,0,5.9,128.61,True,21010,2025,5,26,9,,VALID,False,,False,False,False,False,False,0.521368902658,1.76579100822,0.81,0,America/Bogota,2025-05-26T14:00:00+00:00
3,3498,2025-05-26T17:00:00-05:00,Bucaramanga,7.1193,-73.1227,22.8,80,1,6.3,97.02,True,21018,2025,5,26,17,,VALID,True,precipitation_mm,False,False,True,False,False,0.388812357227,-1.10697757654,0.8,0.69314718056,America/Bogota,2025-05-26T22:00:00+00:00
3,3543,2025-05-28T14:00:00-05:00,Bucaramanga,7.1193,-73.1227,25.6,75,0,9.5,99.26,True,21063,2025,5,28,14,,VALID,False,,False,False,False,False,False,1.62600678124,-0.903273821244,0.75,0,America/Bogota,2025-05-28T19:00:00+00:00
3,3575,2025-05-29T22:00:00-05:00,Bucaramanga,7.1193,-73.1227,21.4,91,0.7,7.2,91.39,True,21095,2025,5,29,22,,VALID,True,precipitation_mm,False,False,True,False,False,-0.22978485478,-1.61896514008,0.91,0.530628251062,America/Bogota,2025-05-30T03:00:00+00:00
3,3664,2025-06-02T15:00:00-05:00,Bucaramanga,7.1193,-73.1227,22.4,88,2.2,4.1,107.21,True,21184,2025,6,2,15,,VALID,True,precipitation_mm,False,False,True,False,False,0.212070296654,-0.18030736829,0.88,1.16315080981,America/Bogota,2025-06-02T20:00:00+00:00
3,3679,2025-06-03T06:00:00-05:00,Bucaramanga,7.1193,-73.1227,19.9,94,1,5.1,103.83,True,21199,2025,6,3,6,,VALID,True,precipitation_mm,False,False,True,False,False,-0.892567581931,-0.487681784766,0.94,0.69314718056,America/Bogota,2025-06-03T11:00:00+00:00
3,3688,2025-06-03T15:00:00-05:00,Bucaramanga,7.1193,-73.1227,23.7,78,0.5,8.1,99.44,True,21208,2025,6,3,15,,VALID,False,,False,False,False,False,False,0.786481993518,-0.886904769479,0.78,0.405465108108,America/Bogota,2025-06-03T20:00:00+00:00
3,3690,2025-06-03T17:00:00-05:00,Bucaramanga,7.1193,-73.1227,21.9,91,3.6,5,98.35,True,21210,2025,6,3,17,,VALID,True,precipitation_mm,False,False,True,False,False,-0.00885727906299,-0.986028471833,0.91,1.5260563035,America/Bogota,2025-06-03T22:00:00+00:00
3,3711,2025-06-04T14:00:00-05:00,Bucaramanga,7.1193,-73.1227,23.8,82,0.6,8.2,94.43,True,21231,2025,6,4,14,,VALID,True,precipitation_mm,False,False,True,False,False,0.830667508661,-1.3425100436,0.82,0.470003629246,America/Bogota,2025-06-04T19:00:00+00:00
3,3726,2025-06-05T05:00:00-05:00,Bucaramanga,7.1193,-73.1227,19.7,94,0,4.8,108.9,True,21246,2025,6,5,5,,VALID,False,,False,False,False,False,False,-0.980938612217,-0.0266201600516,0.94,0,America/Bogota,2025-06-05T10:00:00+00:00
3,3770,2025-06-07T01:00:00-05:00,Bucaramanga,7.1193,-73.1227,20.7,91,0,3.5,103.9,True,21290,2025,6,7,1,,VALID,False,,False,False,False,False,False,-0.539083460784,-0.481316042413,0.91,0,America/Bogota,2025-06-07T06:00:00+00:00
3,3823,2025-06-09T06:00:00-05:00,Bucaramanga,7.1193,-73.1227,19.8,90,0,2.6,102.95,True,21343,2025,6,9,6,,VALID,False,,False,False,False,False,False,-0.936753097074,-0.567708260061,0.9,0,America/Bogota,2025-06-09T11:00:00+00:00
3,3838,2025-06-09T21:00:00-05:00,Bucaramanga,7.1193,-73.1227,20.4,93,7,2.4,137.38,True,21358,2025,6,9,21,,VALID,True,precipitation_mm|energy_kwh,False,False,True,False,True,-0.671640006214,2.56332758588,0.93,2.07944154168,America/Bogota,2025-06-10T02:00:00+00:00
3,3884,2025-06-11T19:00:00-05:00,Bucaramanga,7.1193,-73.1227,21.7,91,0.3,0.9,132.13,True,21404,2025,6,11,19,,VALID,False,,False,False,False,False,False,-0.0972283093497,2.0858969094,0.91,0.262364264467,America/Bogota,2025-06-12T00:00:00+00:00
3,3915,2025-06-13T02:00:00-05:00,Bucaramanga,7.1193,-73.1227,20,96,1.6,4.1,105.77,True,21435,2025,6,13,2,,VALID,True,precipitation_mm,False,False,True,False,False,-0.848382066787,-0.31125978241,0.96,0.955511445027,America/Bogota,2025-06-13T07:00:00+00:00
3,3917,2025-06-13T04:00:00-05:00,Bucaramanga,7.1193,-73.1227,20.2,89,0.1,4.6,113.15,True,21437,2025,6,13,4,,VALID,False,,False,False,False,False,False,-0.7600110365,0.359871339955,0.89,0.0953101798043,America/Bogota,2025-06-13T09:00:00+00:00
3,3953,2025-06-14T16:00:00-05:00,Bucaramanga,7.1193,-73.1227,24.6,67,0,7.5,110.55,True,21473,2025,6,14,16,,VALID,False,,False,False,False,False,False,1.18415162981,0.123429481127,0.67,0,America/Bogota,2025-06-14T21:00:00+00:00
3,3965,2025-06-15T04:00:00-05:00,Bucaramanga,7.1193,-73.1227,19.3,88,0,4.9,92.88,True,21485,2025,6,15,4,,VALID,False,,False,False,False,False,False,-1.15768067279,-1.48346576714,0.88,0,America/Bogota,2025-06-15T09:00:00+00:00
3,4015,2025-06-17T06:00:00-05:00,Bucaramanga,7.1193,-73.1227,20,82,0,2.4,93.8,True,21535,2025,6,17,6,,VALID,False,,False,False,False,False,False,-0.848382066787,-1.39980172478,0.82,0,America/Bogota,2025-06-17T11:00:00+00:00
3,4055,2025-06-18T22:00:00-05:00,Bucaramanga,7.1193,-73.1227,21,80,0,2.1,99.51,True,21575,2025,6,18,22,,VALID,False,,False,False,False,False,False,-0.406526915353,-0.880539027126,0.8,0,America/Bogota,2025-06-19T03:00:00+00:00
3,4073,2025-06-19T16:00:00-05:00,Bucaramanga,7.1193,-73.1227,24.4,71,0,5.9,104.77,True,21593,2025,6,19,16,,VALID,False,,False,False,False,False,False,1.09578059952,-0.402198958882,0.71,0,America/Bogota,2025-06-19T21:00:00+00:00
3,4078,2025-06-19T21:00:00-05:00,Bucaramanga,7.1193,-73.1227,22.7,84,0,4.5,120.84,True,21598,2025,6,19,21,,VALID,False,,False,False,False,False,False,0.344626842084,1.05919360703,0.84,0,America/Bogota,2025-06-20T02:00:00+00:00
3,4252,2025-06-27T03:00:00-05:00,Bucaramanga,7.1193,-73.1227,19.6,90,0,2.2,105.84,True,21772,2025,6,27,3,,VALID,False,,False,False,False,False,False,-1.02512412736,-0.304894040057,0.9,0,America/Bogota,2025-06-27T08:00:00+00:00
3,4331,2025-06-30T10:00:00-05:00,Bucaramanga,7.1193,-73.1227,25.1,61,0,4.9,107.73,True,21851,2025,6,30,10,,VALID,False,,False,False,False,False,False,1.40507920553,-0.133018996524,0.61,0,America/Bogota,2025-06-30T15:00:00+00:00
3,4426,2025-07-04T09:00:00-05:00,Bucaramanga,7.1193,-73.1227,21.8,85,0.3,2.1,119.61,True,21946,2025,7,4,9,,VALID,False,,False,False,False,False,False,-0.0530427942064,0.947338419966,0.85,0.262364264467,America/Bogota,2025-07-04T14:00:00+00:00
3,4446,2025-07-05T05:00:00-05:00,Bucaramanga,7.1193,-73.1227,19.3,85,0,3.6,110.42,True,21966,2025,7,5,5,,VALID,False,,False,False,False,False,False,-1.15768067279,0.111607388186,0.85,0,America/Bogota,2025-07-05T10:00:00+00:00
3,4510,2025-07-07T21:00:00-05:00,Bucaramanga,7.1193,-73.1227,20.2,98,1,7.2,133.68,True,22030,2025,7,7,21,,VALID,True,precipitation_mm,False,False,True,False,False,-0.7600110365,2.22685263293,0.98,0.69314718056,America/Bogota,2025-07-08T02:00:00+00:00
3,4519,2025-07-08T06:00:00-05:00,Bucaramanga,7.1193,-73.1227,17.7,87,0,5.9,108.79,True,22039,2025,7,8,6,,VALID,False,,False,False,False,False,False,-1.86464891508,-0.0366234694636,0.87,0,America/Bogota,2025-07-08T11:00:00+00:00
3,4595,2025-07-11T10:00:00-05:00,Bucaramanga,7.1193,-73.1227,24.1,71,0,3.2,106.7,True,22115,2025,7,11,10,,VALID,False,,False,False,False,False,False,0.963224054091,-0.22668634829,0.71,0,America/Bogota,2025-07-11T15:00:00+00:00
3,4620,2025-07-12T11:00:00-05:00,Bucaramanga,7.1193,-73.1227,23.7,75,0,4.6,112.75,True,22140,2025,7,12,11,,VALID,False,,False,False,False,False,False,0.786481993518,0.323495669366,0.75,0,America/Bogota,2025-07-12T16:00:00+00:00
3,4645,2025-07-13T12:00:00-05:00,Bucaramanga,7.1193,-73.1227,24.5,60,0,3.5,95.82,True,22165,2025,7,13,12,,VALID,False,,False,False,False,False,False,1.13996611466,-1.21610458831,0.6,0,America/Bogota,2025-07-13T17:00:00+00:00
3,4695,2025-07-15T14:00:00-05:00,Bucaramanga,7.1193,-73.1227,25.1,66,0.1,9.2,117.31,True,22215,2025,7,15,14,,VALID,False,,False,False,False,False,False,1.40507920553,0.73817831408,0.66,0.0953101798043,America/Bogota,2025-07-15T19:00:00+00:00
3,4700,2025-07-15T19:00:00-05:00,Bucaramanga,7.1193,-73.1227,21,97,0.7,5.5,114.16,True,22220,2025,7,15,19,,VALID,True,precipitation_mm,False,False,True,False,False,-0.406526915353,0.451719908192,0.97,0.530628251062,America/Bogota,2025-07-16T00:00:00+00:00
3,4712,2025-07-16T07:00:00-05:00,Bucaramanga,7.1193,-73.1227,21.4,83,0,5.9,115.18,True,22232,2025,7,16,7,,VALID,False,,False,False,False,False,False,-0.22978485478,0.544477868194,0.83,0,America/Bogota,2025-07-16T12:00:00+00:00
3,4727,2025-07-16T22:00:00-05:00,Bucaramanga,7.1193,-73.1227,21.9,77,0,5.9,94.37,True,22247,2025,7,16,22,,VALID,False,,False,False,False,False,False,-0.00885727906299,-1.34796639419,0.77,0,America/Bogota,2025-07-17T03:00:00+00:00
3,4769,2025-07-18T16:00:00-05:00,Bucaramanga,7.1193,-73.1227,25.5,69,0,7.6,111.35,True,22289,2025,7,18,16,,VALID,False,,False,False,False,False,False,1.5818212661,0.196180822305,0.69,0,America/Bogota,2025-07-18T21:00:00+00:00
3,4868,2025-07-22T19:00:00-05:00,Bucaramanga,7.1193,-73.1227,20.6,100,8.1,1.5,130.84,True,22388,2025,7,22,19,,VALID,True,precipitation_mm,False,False,True,False,False,-0.583268975927,1.96858537175,1,2.20827441352,America/Bogota,2025-07-23T00:00:00+00:00
3,4871,2025-07-22T22:00:00-05:00,Bucaramanga,7.1193,-73.1227,20.2,97,5.2,4.1,108.1,True,22391,2025,7,22,22,,VALID,True,precipitation_mm,False,False,True,False,False,-0.7600110365,-0.0993715012294,0.97,1.82454929205,America/Bogota,2025-07-23T03:00:00+00:00
3,4884,2025-07-23T11:00:00-05:00,Bucaramanga,7.1193,-73.1227,25.4,69,0.1,4.7,103.74,True,22404,2025,7,23,11,,VALID,False,,False,False,False,False,False,1.53763575096,-0.495866310648,0.69,0.0953101798043,America/Bogota,2025-07-23T16:00:00+00:00
3,4948,2025-07-26T03:00:00-05:00,Bucaramanga,7.1193,-73.1227,20.6,86,0,6.2,101.36,True,22468,2025,7,26,3,,VALID,False,,False,False,False,False,False,-0.583268975927,-0.712301550652,0.86,0,America/Bogota,2025-07-26T08:00:00+00:00
3,4954,2025-07-26T09:00:00-05:00,Bucaramanga,7.1193,-73.1227,24,76,0,4.8,123.97,True,22474,2025,7,26,9,,VALID,False,,False,False,False,False,False,0.919038538948,1.34383322938,0.76,0,America/Bogota,2025-07-26T14:00:00+00:00
3,4962,2025-07-26T17:00:00-05:00,Bucaramanga,7.1193,-73.1227,23,80,0,5.2,95.11,True,22482,2025,7,26,17,,VALID,False,,False,False,False,False,False,0.477183387514,-1.2806714036,0.8,0,America/Bogota,2025-07-26T22:00:00+00:00
3,5007,2025-07-28T14:00:00-05:00,Bucaramanga,7.1193,-73.1227,25,74,0,5.9,108.88,True,22527,2025,7,28,14,,VALID,False,,False,False,False,False,False,1.36089369038,-0.0284389435811,0.74,0,America/Bogota,2025-07-28T19:00:00+00:00
3,5039,2025-07-29T22:00:00-05:00,Bucaramanga,7.1193,-73.1227,21.5,92,1.1,3.5,96.05,True,22559,2025,7,29,22,,VALID,True,precipitation_mm,False,False,True,False,False,-0.185599339636,-1.19518857772,0.92,0.741937344729,America/Bogota,2025-07-30T03:00:00+00:00
3,5170,2025-08-04T09:00:00-05:00,Bucaramanga,7.1193,-73.1227,22.6,76,0,4.3,120.33,True,22690,2025,8,4,9,,VALID,False,,False,False,False,False,False,0.300441326941,1.01281462703,0.76,0,America/Bogota,2025-08-04T14:00:00+00:00
3,5190,2025-08-05T05:00:00-05:00,Bucaramanga,7.1193,-73.1227,18.6,85,0,6.6,106.13,True,22710,2025,8,5,5,,VALID,False,,False,False,False,False,False,-1.46697927879,-0.27852167888,0.85,0,America/Bogota,2025-08-05T10:00:00+00:00
3,5254,2025-08-07T21:00:00-05:00,Bucaramanga,7.1193,-73.1227,20.2,94,0.3,6.4,133.64,True,22774,2025,8,7,21,,VALID,False,,False,False,False,False,False,-0.7600110365,2.22321506587,0.94,0.262364264467,America/Bogota,2025-08-08T02:00:00+00:00
3,5263,2025-08-08T06:00:00-05:00,Bucaramanga,7.1193,-73.1227,18.9,81,0,2.2,100.43,True,22783,2025,8,8,6,,VALID,False,,False,False,False,False,False,-1.33442273336,-0.796874984771,0.81,0,America/Bogota,2025-08-08T11:00:00+00:00
3,5339,2025-08-11T10:00:00-05:00,Bucaramanga,7.1193,-73.1227,24.9,67,0,6.3,93.51,True,22859,2025,8,11,10,,VALID,False,,False,False,False,False,False,1.31670817524,-1.42617408596,0.67,0,America/Bogota,2025-08-11T15:00:00+00:00
3,5364,2025-08-12T11:00:00-05:00,Bucaramanga,7.1193,-73.1227,24.8,65,0,6.1,96.35,True,22884,2025,8,12,11,,VALID,False,,False,False,False,False,False,1.27252266009,-1.16790682478,0.65,0,America/Bogota,2025-08-12T16:00:00+00:00
3,5389,2025-08-13T12:00:00-05:00,Bucaramanga,7.1193,-73.1227,24.4,73,0,5.9,112.46,True,22909,2025,8,13,12,,VALID,False,,False,False,False,False,False,1.09578059952,0.297123308189,0.73,0,America/Bogota,2025-08-13T17:00:00+00:00
3,5439,2025-08-15T14:00:00-05:00,Bucaramanga,7.1193,-73.1227,24.6,74,0.1,8,110.93,True,22959,2025,8,15,14,,VALID,False,,False,False,False,False,False,1.18415162981,0.157986368187,0.74,0.0953101798043,America/Bogota,2025-08-15T19:00:00+00:00
3,5444,2025-08-15T19:00:00-05:00,Bucaramanga,7.1193,-73.1227,21.5,91,0,3.1,118.96,True,22964,2025,8,15,19,,VALID,False,,False,False,False,False,False,-0.185599339636,0.888227955259,0.91,0,America/Bogota,2025-08-16T00:00:00+00:00
3,5456,2025-08-16T07:00:00-05:00,Bucaramanga,7.1193,-73.1227,19.4,98,1.8,1.1,117.87,True,22976,2025,8,16,7,,VALID,True,precipitation_mm,False,False,True,False,False,-1.11349515765,0.789104252904,0.98,1.02961941718,America/Bogota,2025-08-16T12:00:00+00:00
3,5471,2025-08-16T22:00:00-05:00,Bucaramanga,7.1193,-73.1227,20.5,95,0,2.6,99.2,True,22991,2025,8,16,22,,VALID,False,,False,False,False,False,False,-0.62745449107,-0.908730171832,0.95,0,America/Bogota,2025-08-17T03:00:00+00:00
3,5513,2025-08-18T16:00:00-05:00,Bucaramanga,7.1193,-73.1227,24.7,64,0,1.8,103.77,True,23033,2025,8,18,16,,VALID,False,,False,False,False,False,False,1.22833714495,-0.493138135354,0.64,0,America/Bogota,2025-08-18T21:00:00+00:00
3,5612,2025-08-22T19:00:00-05:00,Bucaramanga,7.1193,-73.1227,21.3,92,0,3.7,126.05,True,23132,2025,8,22,19,,VALID,False,,False,False,False,False,False,-0.273970369923,1.53298671645,0.92,0,America/Bogota,2025-08-23T00:00:00+00:00
3,5615,2025-08-22T22:00:00-05:00,Bucaramanga,7.1193,-73.1227,20.7,95,0.6,3.1,100.75,True,23135,2025,8,22,22,,VALID,True,precipitation_mm,False,False,True,False,False,-0.539083460784,-0.7677744483,0.95,0.470003629246,America/Bogota,2025-08-23T03:00:00+00:00
3,5628,2025-08-23T11:00:00-05:00,Bucaramanga,7.1193,-73.1227,25.6,65,0,3.9,102.7,True,23148,2025,8,23,11,,VALID,False,,False,False,False,False,False,1.62600678124,-0.590443054179,0.65,0,America/Bogota,2025-08-23T16:00:00+00:00
3,5692,2025-08-26T03:00:00-05:00,Bucaramanga,7.1193,-73.1227,20.8,83,0.1,5.7,108.26,True,23212,2025,8,26,3,,VALID,False,,False,False,False,False,False,-0.49489794564,-0.0848212329939,0.83,0.0953101798043,America/Bogota,2025-08-26T08:00:00+00:00
3,5698,2025-08-26T09:00:00-05:00,Bucaramanga,7.1193,-73.1227,25.1,65,0,8.9,119.58,True,23218,2025,8,26,9,,VALID,False,,False,False,False,False,False,1.40507920553,0.944610244671,0.65,0,America/Bogota,2025-08-26T14:00:00+00:00
3,5706,2025-08-26T17:00:00-05:00,Bucaramanga,7.1193,-73.1227,24.5,68,0,1.5,104.97,True,23226,2025,8,26,17,,VALID,False,,False,False,False,False,False,1.13996611466,-0.384011123587,0.68,0,America/Bogota,2025-08-26T22:00:00+00:00
3,5751,2025-08-28T14:00:00-05:00,Bucaramanga,7.1193,-73.1227,26.5,56,0,7.7,117.57,True,23271,2025,8,28,14,,VALID,False,,False,False,False,False,False,2.02367641753,0.761822499962,0.56,0,America/Bogota,2025-08-28T19:00:00+00:00
3,5783,2025-08-29T22:00:00-05:00,Bucaramanga,7.1193,-73.1227,22.3,75,0,7.5,112.57,True,23303,2025,8,29,22,,VALID,False,,False,False,False,False,False,0.167884781511,0.307126617601,0.75,0,America/Bogota,2025-08-30T03:00:00+00:00
3,5872,2025-09-02T15:00:00-05:00,Bucaramanga,7.1193,-73.1227,24.9,73,0,7.7,102.96,True,23392,2025,9,2,15,,VALID,False,,False,False,False,False,False,1.31670817524,-0.566798868297,0.73,0,America/Bogota,2025-09-02T20:00:00+00:00
3,5887,2025-09-03T06:00:00-05:00,Bucaramanga,7.1193,-73.1227,17.8,94,0,5.1,102.73,True,23407,2025,9,3,6,,VALID,False,,False,False,False,False,False,-1.82046339994,-0.587714878885,0.94,0,America/Bogota,2025-09-03T11:00:00+00:00
3,5896,2025-09-03T15:00:00-05:00,Bucaramanga,7.1193,-73.1227,24.6,69,0,6.8,106.46,True,23416,2025,9,3,15,,VALID,False,,False,False,False,False,False,1.18415162981,-0.248511750644,0.69,0,America/Bogota,2025-09-03T20:00:00+00:00
3,5898,2025-09-03T17:00:00-05:00,Bucaramanga,7.1193,-73.1227,23.3,77,0,4.6,107.14,True,23418,2025,9,3,17,,VALID,False,,False,False,False,False,False,0.609739932944,-0.186673110643,0.77,0,America/Bogota,2025-09-03T22:00:00+00:00
3,5919,2025-09-04T14:00:00-05:00,Bucaramanga,7.1193,-73.1227,23.8,77,0.2,8.5,106.1,True,23439,2025,9,4,14,,VALID,False,,False,False,False,False,False,0.830667508661,-0.281249854174,0.77,0.182321556794,America/Bogota,2025-09-04T19:00:00+00:00
3,5934,2025-09-05T05:00:00-05:00,Bucaramanga,7.1193,-73.1227,19.4,90,0.4,5.5,100.86,True,23454,2025,9,5,5,,VALID,False,,False,False,False,False,False,-1.11349515765,-0.757771138888,0.9,0.336472236621,America/Bogota,2025-09-05T10:00:00+00:00
3,5978,2025-09-07T01:00:00-05:00,Bucaramanga,7.1193,-73.1227,19.4,92,2,3.3,106.13,True,23498,2025,9,7,1,,VALID,True,precipitation_mm,False,False,True,False,False,-1.11349515765,-0.27852167888,0.92,1.09861228867,America/Bogota,2025-09-07T06:00:00+00:00
3,6031,2025-09-09T06:00:00-05:00,Bucaramanga,7.1193,-73.1227,17,94,0,5.5,112.26,True,23551,2025,9,9,6,,VALID,False,,False,False,False,False,False,-2.17394752109,0.278935472895,0.94,0,America/Bogota,2025-09-09T11:00:00+00:00
3,6046,2025-09-09T21:00:00-05:00,Bucaramanga,7.1193,-73.1227,20.1,97,0,3.2,128.82,True,23566,2025,9,9,21,,VALID,False,,False,False,False,False,False,-0.804196551644,1.78488823527,0.97,0,America/Bogota,2025-09-10T02:00:00+00:00
3,6092,2025-09-11T19:00:00-05:00,Bucaramanga,7.1193,-73.1227,21.5,95,0,1.6,116.34,True,23612,2025,9,11,19,,VALID,False,,False,False,False,False,False,-0.185599339636,0.649967312902,0.95,0,America/Bogota,2025-09-12T00:00:00+00:00
3,6123,2025-09-13T02:00:00-05:00,Bucaramanga,7.1193,-73.1227,20.8,80,0.1,5.1,105.29,True,23643,2025,9,13,2,,VALID,False,,False,False,False,False,False,-0.49489794564,-0.354910587116,0.8,0.0953101798043,America/Bogota,2025-09-13T07:00:00+00:00
3,6125,2025-09-13T04:00:00-05:00,Bucaramanga,7.1193,-73.1227,20.7,77,0,3.5,100.36,True,23645,2025,9,13,4,,VALID,False,,False,False,False,False,False,-0.539083460784,-0.803240727124,0.77,0,America/Bogota,2025-09-13T09:00:00+00:00
3,6161,2025-09-14T16:00:00-05:00,Bucaramanga,7.1193,-73.1227,24.2,67,0,4.5,105.29,True,23681,2025,9,14,16,,VALID,False,,False,False,False,False,False,1.00740956923,-0.354910587116,0.67,0,America/Bogota,2025-09-14T21:00:00+00:00
3,6173,2025-09-15T04:00:00-05:00,Bucaramanga,7.1193,-73.1227,21.1,81,0,6.7,107.65,True,23693,2025,9,15,4,,VALID,False,,False,False,False,False,False,-0.36234140021,-0.140294130642,0.81,0,America/Bogota,2025-09-15T09:00:00+00:00
3,6223,2025-09-17T06:00:00-05:00,Bucaramanga,7.1193,-73.1227,20,87,0,1.8,107.17,True,23743,2025,9,17,6,,VALID,False,,False,False,False,False,False,-0.848382066787,-0.183944935349,0.87,0,America/Bogota,2025-09-17T11:00:00+00:00
3,6263,2025-09-18T22:00:00-05:00,Bucaramanga,7.1193,-73.1227,20.1,100,8.4,2.2,102.04,True,23783,2025,9,18,22,,VALID,True,precipitation_mm,False,False,True,False,False,-0.804196551644,-0.650462910651,1,2.24070968928,America/Bogota,2025-09-19T03:00:00+00:00
3,6281,2025-09-19T16:00:00-05:00,Bucaramanga,7.1193,-73.1227,24.3,70,0,5.8,106.79,True,23801,2025,9,19,16,,VALID,False,,False,False,False,False,False,1.05159508438,-0.218501822408,0.7,0,America/Bogota,2025-09-19T21:00:00+00:00
3,6286,2025-09-19T21:00:00-05:00,Bucaramanga,7.1193,-73.1227,20.3,96,0.1,1.1,132.62,True,23806,2025,9,19,21,,VALID,False,,False,False,False,False,False,-0.715825521357,2.13045710587,0.96,0.0953101798043,America/Bogota,2025-09-20T02:00:00+00:00
3,6460,2025-09-27T03:00:00-05:00,Bucaramanga,7.1193,-73.1227,19.6,83,0,2,102.62,True,23980,2025,9,27,3,,VALID,False,,False,False,False,False,False,-1.02512412736,-0.597718188297,0.83,0,America/Bogota,2025-09-27T08:00:00+00:00
3,6539,2025-09-30T10:00:00-05:00,Bucaramanga,7.1193,-73.1227,24.2,73,0,5.6,102.47,True,24059,2025,9,30,10,,VALID,False,,False,False,False,False,False,1.00740956923,-0.611359064768,0.73,0,America/Bogota,2025-09-30T15:00:00+00:00
3,6634,2025-10-04T09:00:00-05:00,Bucaramanga,7.1193,-73.1227,23.4,74,0,7.4,119.98,True,24154,2025,10,4,9,,VALID,False,,False,False,False,False,False,0.653925448088,0.98098591526,0.74,0,America/Bogota,2025-10-04T14:00:00+00:00
3,6654,2025-10-05T05:00:00-05:00,Bucaramanga,7.1193,-73.1227,19.8,92,0.3,4,92.33,True,24174,2025,10,5,5,,VALID,False,,False,False,False,False,False,-0.936753097074,-1.5334823142,0.92,0.262364264467,America/Bogota,2025-10-05T10:00:00+00:00
3,6718,2025-10-07T21:00:00-05:00,Bucaramanga,7.1193,-73.1227,21.8,84,0,2.2,124.15,True,24238,2025,10,7,21,,VALID,False,,False,False,False,False,False,-0.0530427942064,1.36020228115,0.84,0,America/Bogota,2025-10-08T02:00:00+00:00
3,6727,2025-10-08T06:00:00-05:00,Bucaramanga,7.1193,-73.1227,20,83,0,1.7,97.64,True,24247,2025,10,8,6,,VALID,False,,False,False,False,False,False,-0.848382066787,-1.05059528713,0.83,0,America/Bogota,2025-10-08T11:00:00+00:00
3,6803,2025-10-11T10:00:00-05:00,Bucaramanga,7.1193,-73.1227,26.2,66,0,3.6,116.55,True,24323,2025,10,11,10,,VALID,False,,False,False,False,False,False,1.8911198721,0.669064539961,0.66,0,America/Bogota,2025-10-11T15:00:00+00:00
3,6828,2025-10-12T11:00:00-05:00,Bucaramanga,7.1193,-73.1227,23.8,73,0,3,105.92,True,24348,2025,10,12,11,,VALID,False,,False,False,False,False,False,0.830667508661,-0.297618905939,0.73,0,America/Bogota,2025-10-12T16:00:00+00:00
3,6853,2025-10-13T12:00:00-05:00,Bucaramanga,7.1193,-73.1227,24,74,0.2,5.8,109.55,True,24373,2025,10,13,12,,VALID,False,,False,False,False,False,False,0.919038538948,0.0324903046553,0.74,0.182321556794,America/Bogota,2025-10-13T17:00:00+00:00
3,6903,2025-10-15T14:00:00-05:00,Bucaramanga,7.1193,-73.1227,26.1,72,0.1,6.3,102.74,True,24423,2025,10,15,14,,VALID,False,,False,False,False,False,False,1.84693435696,-0.58680548712,0.72,0.0953101798043,America/Bogota,2025-10-15T19:00:00+00:00
3,6908,2025-10-15T19:00:00-05:00,Bucaramanga,7.1193,-73.1227,21,91,0,0.6,137.19,True,24428,2025,10,15,19,,VALID,True,energy_kwh,False,False,False,False,True,-0.406526915353,2.54604914235,0.91,0,America/Bogota,2025-10-16T00:00:00+00:00
3,6920,2025-10-16T07:00:00-05:00,Bucaramanga,7.1193,-73.1227,20.8,86,0,5.4,112.61,True,24440,2025,10,16,7,,VALID,False,,False,False,False,False,False,-0.49489794564,0.31076418466,0.86,0,America/Bogota,2025-10-16T12:00:00+00:00
3,6935,2025-10-16T22:00:00-05:00,Bucaramanga,7.1193,-73.1227,21.5,85,0,3.3,103.76,True,24455,2025,10,16,22,,VALID,False,,False,False,False,False,False,-0.185599339636,-0.494047527119,0.85,0,America/Bogota,2025-10-17T03:00:00+00:00
3,6977,2025-10-18T16:00:00-05:00,Bucaramanga,7.1193,-73.1227,22.6,86,2.6,4.9,109.33,True,24497,2025,10,18,16,,VALID,True,precipitation_mm,False,False,True,False,False,0.300441326941,0.0124836858314,0.86,1.28093384546,America/Bogota,2025-10-18T21:00:00+00:00
3,7076,2025-10-22T19:00:00-05:00,Bucaramanga,7.1193,-73.1227,21.9,97,0,0.6,134.99,True,24596,2025,10,22,19,,VALID,False,,False,False,False,False,False,-0.00885727906299,2.34598295411,0.97,0,America/Bogota,2025-10-23T00:00:00+00:00
3,7079,2025-10-22T22:00:00-05:00,Bucaramanga,7.1193,-73.1227,21.8,84,0,1.1,100.04,True,24599,2025,10,22,22,,VALID,False,,False,False,False,False,False,-0.0530427942064,-0.832341263595,0.84,0,America/Bogota,2025-10-23T03:00:00+00:00
3,7092,2025-10-23T11:00:00-05:00,Bucaramanga,7.1193,-73.1227,26.6,69,0,6.5,104.71,True,24612,2025,10,23,11,,VALID,False,,False,False,False,False,False,2.06786193268,-0.40765530947,0.69,0,America/Bogota,2025-10-23T16:00:00+00:00
3,7156,2025-10-26T03:00:00-05:00,Bucaramanga,7.1193,-73.1227,20.2,86,0,1.8,102.27,True,24676,2025,10,26,3,,VALID,False,,False,False,False,False,False,-0.7600110365,-0.629546900062,0.86,0,America/Bogota,2025-10-26T08:00:00+00:00
3,7162,2025-10-26T09:00:00-05:00,Bucaramanga,7.1193,-73.1227,24.6,75,0,5.5,131.99,True,24682,2025,10,26,9,,VALID,False,,False,False,False,False,False,1.18415162981,2.07316542469,0.75,0,America/Bogota,2025-10-26T14:00:00+00:00
3,7170,2025-10-26T17:00:00-05:00,Bucaramanga,7.1193,-73.1227,23.1,85,0,5.9,100.56,True,24690,2025,10,26,17,,VALID,False,,False,False,False,False,False,0.521368902658,-0.78505289183,0.85,0,America/Bogota,2025-10-26T22:00:00+00:00
3,7215,2025-10-28T14:00:00-05:00,Bucaramanga,7.1193,-73.1227,25.3,75,0,5.4,105.56,True,24735,2025,10,28,14,,VALID,False,,False,False,False,False,False,1.49345023581,-0.330357009469,0.75,0,America/Bogota,2025-10-28T19:00:00+00:00
3,7247,2025-10-29T22:00:00-05:00,Bucaramanga,7.1193,-73.1227,21.3,86,0,1.2,101.35,True,24767,2025,10,29,22,,VALID,False,,False,False,False,False,False,-0.273970369923,-0.713210942417,0.86,0,America/Bogota,2025-10-30T03:00:00+00:00
3,7336,2025-11-02T15:00:00-05:00,Bucaramanga,7.1193,-73.1227,23.4,76,0.3,6.7,98.59,True,24856,2025,11,2,15,,VALID,False,,False,False,False,False,False,0.653925448088,-0.96420306948,0.76,0.262364264467,America/Bogota,2025-11-02T20:00:00+00:00
3,7351,2025-11-03T06:00:00-05:00,Bucaramanga,7.1193,-73.1227,20.2,97,0.1,4.4,100.46,True,24871,2025,11,3,6,,VALID,False,,False,False,False,False,False,-0.7600110365,-0.794146809477,0.97,0.0953101798043,America/Bogota,2025-11-03T11:00:00+00:00
3,7360,2025-11-03T15:00:00-05:00,Bucaramanga,7.1193,-73.1227,22.5,86,0.1,6.4,97.48,True,24880,2025,11,3,15,,VALID,False,,False,False,False,False,False,0.256255811797,-1.06514555536,0.86,0.0953101798043,America/Bogota,2025-11-03T20:00:00+00:00
3,7362,2025-11-03T17:00:00-05:00,Bucaramanga,7.1193,-73.1227,21.1,92,0.5,5.7,105.28,True,24882,2025,11,3,17,,VALID,False,,False,False,False,False,False,-0.36234140021,-0.355819978881,0.92,0.405465108108,America/Bogota,2025-11-03T22:00:00+00:00
3,7383,2025-11-04T14:00:00-05:00,Bucaramanga,7.1193,-73.1227,23.8,79,0.1,3.8,96.89,True,24903,2025,11,4,14,,VALID,False,,False,False,False,False,False,0.830667508661,-1.11879966948,0.79,0.0953101798043,America/Bogota,2025-11-04T19:00:00+00:00
3,7398,2025-11-05T05:00:00-05:00,Bucaramanga,7.1193,-73.1227,18.9,96,0.1,5.3,101.8,True,24918,2025,11,5,5,,VALID,False,,False,False,False,False,False,-1.33442273336,-0.672288313004,0.96,0.0953101798043,America/Bogota,2025-11-05T10:00:00+00:00
3,7442,2025-11-07T01:00:00-05:00,Bucaramanga,7.1193,-73.1227,21.1,87,0.1,0.6,95.74,True,24962,2025,11,7,1,,VALID,False,,False,False,False,False,False,-0.36234140021,-1.22337972243,0.87,0.0953101798043,America/Bogota,2025-11-07T06:00:00+00:00
3,7495,2025-11-09T06:00:00-05:00,Bucaramanga,7.1193,-73.1227,18.3,91,0,4.4,110.62,True,25015,2025,11,9,6,,VALID,False,,False,False,False,False,False,-1.59953582422,0.129795223481,0.91,0,America/Bogota,2025-11-09T11:00:00+00:00
3,7510,2025-11-09T21:00:00-05:00,Bucaramanga,7.1193,-73.1227,21.6,93,0,8.4,128.86,True,25030,2025,11,9,21,,VALID,False,,False,False,False,False,False,-0.141413824493,1.78852580233,0.93,0,America/Bogota,2025-11-10T02:00:00+00:00
3,7556,2025-11-11T19:00:00-05:00,Bucaramanga,7.1193,-73.1227,21.9,85,1.5,4.3,125.71,True,25076,2025,11,11,19,,VALID,True,precipitation_mm,False,False,True,False,False,-0.00885727906299,1.50206739645,0.85,0.916290731874,America/Bogota,2025-11-12T00:00:00+00:00
3,7587,2025-11-13T02:00:00-05:00,Bucaramanga,7.1193,-73.1227,20.2,92,0.1,1.5,100.07,True,25107,2025,11,13,2,,VALID,False,,False,False,False,False,False,-0.7600110365,-0.829613088301,0.92,0.0953101798043,America/Bogota,2025-11-13T07:00:00+00:00
3,7589,2025-11-13T04:00:00-05:00,Bucaramanga,7.1193,-73.1227,19.2,95,0.1,5.9,109.1,True,25109,2025,11,13,4,,VALID,False,,False,False,False,False,False,-1.20186618793,-0.0084323247572,0.95,0.0953101798043,America/Bogota,2025-11-13T09:00:00+00:00
3,7625,2025-11-14T16:00:00-05:00,Bucaramanga,7.1193,-73.1227,22.6,86,1.1,7.4,96.69,True,25145,2025,11,14,16,,VALID,True,precipitation_mm,False,False,True,False,False,0.300441326941,-1.13698750478,0.86,0.741937344729,America/Bogota,2025-11-14T21:00:00+00:00
3,7637,2025-11-15T04:00:00-05:00,Bucaramanga,7.1193,-73.1227,19.4,95,0.4,1,100.82,True,25157,2025,11,15,4,,VALID,False,,False,False,False,False,False,-1.11349515765,-0.761408705947,0.95,0.336472236621,America/Bogota,2025-11-15T09:00:00+00:00
3,7687,2025-11-17T06:00:00-05:00,Bucaramanga,7.1193,-73.1227,19.8,92,0.2,6.4,104.69,True,25207,2025,11,17,6,,VALID,False,,False,False,False,False,False,-0.936753097074,-0.409474093,0.92,0.182321556794,America/Bogota,2025-11-17T11:00:00+00:00
3,7727,2025-11-18T22:00:00-05:00,Bucaramanga,7.1193,-73.1227,20.3,92,0,1.5,100.14,True,25247,2025,11,18,22,,VALID,False,,False,False,False,False,False,-0.715825521357,-0.823247345948,0.92,0,America/Bogota,2025-11-19T03:00:00+00:00
3,7745,2025-11-19T16:00:00-05:00,Bucaramanga,7.1193,-73.1227,24.1,69,0,2.4,111.36,True,25265,2025,11,19,16,,VALID,False,,False,False,False,False,False,0.963224054091,0.19709021407,0.69,0,America/Bogota,2025-11-19T21:00:00+00:00
3,7750,2025-11-19T21:00:00-05:00,Bucaramanga,7.1193,-73.1227,19.8,98,0,5.5,123.74,True,25270,2025,11,19,21,,VALID,False,,False,False,False,False,False,-0.936753097074,1.3229172188,0.98,0,America/Bogota,2025-11-20T02:00:00+00:00
3,7924,2025-11-27T03:00:00-05:00,Bucaramanga,7.1193,-73.1227,20.6,95,2.5,2.8,109.23,True,25444,2025,11,27,3,,VALID,True,precipitation_mm,False,False,True,False,False,-0.583268975927,0.00338976818419,0.95,1.2527629685,America/Bogota,2025-11-27T08:00:00+00:00
3,8003,2025-11-30T10:00:00-05:00,Bucaramanga,7.1193,-73.1227,24.4,76,0.1,5.6,103.99,True,25523,2025,11,30,10,,VALID,False,,False,False,False,False,False,1.09578059952,-0.47313151653,0.76,0.0953101798043,America/Bogota,2025-11-30T15:00:00+00:00
3,8098,2025-12-04T09:00:00-05:00,Bucaramanga,7.1193,-73.1227,23.2,79,0.1,5,121.01,True,25618,2025,12,4,9,,VALID,False,,False,False,False,False,False,0.565554417801,1.07465326703,0.79,0.0953101798043,America/Bogota,2025-12-04T14:00:00+00:00
3,8118,2025-12-05T05:00:00-05:00,Bucaramanga,7.1193,-73.1227,18.7,97,0.4,4.8,109.84,True,25638,2025,12,5,5,,VALID,False,,False,False,False,False,False,-1.42279376365,0.0588626658322,0.97,0.336472236621,America/Bogota,2025-12-05T10:00:00+00:00
3,8182,2025-12-07T21:00:00-05:00,Bucaramanga,7.1193,-73.1227,20.3,98,0,6.2,129.64,True,25702,2025,12,7,21,,VALID,False,,False,False,False,False,False,-0.715825521357,1.85945835998,0.98,0,America/Bogota,2025-12-08T02:00:00+00:00
3,8191,2025-12-08T06:00:00-05:00,Bucaramanga,7.1193,-73.1227,19,85,0,1,105.66,True,25711,2025,12,8,6,,VALID,False,,False,False,False,False,False,-1.29023721822,-0.321263091822,0.85,0,America/Bogota,2025-12-08T11:00:00+00:00
3,8267,2025-12-11T10:00:00-05:00,Bucaramanga,7.1193,-73.1227,25.2,65,0,4.9,102.5,True,25787,2025,12,11,10,,VALID,False,,False,False,False,False,False,1.44926472067,-0.608630889474,0.65,0,America/Bogota,2025-12-11T15:00:00+00:00
3,8292,2025-12-12T11:00:00-05:00,Bucaramanga,7.1193,-73.1227,24.4,76,0.1,3.1,100.51,True,25812,2025,12,12,11,,VALID,False,,False,False,False,False,False,1.09578059952,-0.789599850653,0.76,0.0953101798043,America/Bogota,2025-12-12T16:00:00+00:00
3,8317,2025-12-13T12:00:00-05:00,Bucaramanga,7.1193,-73.1227,24.3,80,0.2,7.2,98.32,True,25837,2025,12,13,12,,VALID,False,,False,False,False,False,False,1.05159508438,-0.988756647128,0.8,0.182321556794,America/Bogota,2025-12-13T17:00:00+00:00
3,8367,2025-12-15T14:00:00-05:00,Bucaramanga,7.1193,-73.1227,24.3,79,0.2,7.1,111.54,True,25887,2025,12,15,14,,VALID,False,,False,False,False,False,False,1.05159508438,0.213459265835,0.79,0.182321556794,America/Bogota,2025-12-15T19:00:00+00:00
3,8372,2025-12-15T19:00:00-05:00,Bucaramanga,7.1193,-73.1227,21.2,97,5.1,2.9,134.92,True,25892,2025,12,15,19,,VALID,True,precipitation_mm,False,False,True,False,False,-0.318155885067,2.33961721176,0.97,1.80828877118,America/Bogota,2025-12-16T00:00:00+00:00
3,8384,2025-12-16T07:00:00-05:00,Bucaramanga,7.1193,-73.1227,20.3,97,0,4.5,122.25,True,25904,2025,12,16,7,,VALID,False,,False,False,False,False,False,-0.715825521357,1.18741784585,0.97,0,America/Bogota,2025-12-16T12:00:00+00:00
3,8399,2025-12-16T22:00:00-05:00,Bucaramanga,7.1193,-73.1227,20.4,89,0,2.1,93.6,True,25919,2025,12,16,22,,VALID,False,,False,False,False,False,False,-0.671640006214,-1.41798956008,0.89,0,America/Bogota,2025-12-17T03:00:00+00:00
3,8441,2025-12-18T16:00:00-05:00,Bucaramanga,7.1193,-73.1227,23.3,78,0.2,5.7,104.4,True,25961,2025,12,18,16,,VALID,False,,False,False,False,False,False,0.609739932944,-0.435846454177,0.78,0.182321556794,America/Bogota,2025-12-18T21:00:00+00:00
3,8540,2025-12-22T19:00:00-05:00,Bucaramanga,7.1193,-73.1227,21.3,91,0,4.1,127.56,True,26060,2025,12,22,19,,VALID,False,,False,False,False,False,False,-0.273970369923,1.67030487292,0.91,0,America/Bogota,2025-12-23T00:00:00+00:00
3,8543,2025-12-22T22:00:00-05:00,Bucaramanga,7.1193,-73.1227,20.5,90,0,0.4,98.43,True,26063,2025,12,22,22,,VALID,False,,False,False,False,False,False,-0.62745449107,-0.978753337716,0.9,0,America/Bogota,2025-12-23T03:00:00+00:00
3,8556,2025-12-23T11:00:00-05:00,Bucaramanga,7.1193,-73.1227,24.8,74,0.1,4.8,96.16,True,26076,2025,12,23,11,,VALID,False,,False,False,False,False,False,1.27252266009,-1.18518526831,0.74,0.0953101798043,America/Bogota,2025-12-23T16:00:00+00:00
3,8620,2025-12-26T03:00:00-05:00,Bucaramanga,7.1193,-73.1227,19.4,88,0.6,1.1,104.19,True,26140,2025,12,26,3,,VALID,True,precipitation_mm,False,False,True,False,False,-1.11349515765,-0.454943681236,0.88,0.470003629246,America/Bogota,2025-12-26T08:00:00+00:00
3,8626,2025-12-26T09:00:00-05:00,Bucaramanga,7.1193,-73.1227,23.2,72,0,3.7,118.95,True,26146,2025,12,26,9,,VALID,False,,False,False,False,False,False,0.565554417801,0.887318563494,0.72,0,America/Bogota,2025-12-26T14:00:00+00:00
3,8634,2025-12-26T17:00:00-05:00,Bucaramanga,7.1193,-73.1227,23.2,77,0,5.1,106.66,True,26154,2025,12,26,17,,VALID,False,,False,False,False,False,False,0.565554417801,-0.230323915349,0.77,0,America/Bogota,2025-12-26T22:00:00+00:00
3,8679,2025-12-28T14:00:00-05:00,Bucaramanga,7.1193,-73.1227,25.9,63,0,9.8,101.72,True,26199,2025,12,28,14,,VALID,False,,False,False,False,False,False,1.75856332667,-0.679563447122,0.63,0,America/Bogota,2025-12-28T19:00:00+00:00
3,8711,2025-12-29T22:00:00-05:00,Bucaramanga,7.1193,-73.1227,21.9,80,0.3,5.3,104.64,True,26231,2025,12,29,22,,VALID,False,,False,False,False,False,False,-0.00885727906299,-0.414021051823,0.8,0.262364264467,America/Bogota,2025-12-30T03:00:00+00:00
4,82,2025-01-04T09:00:00-05:00,Cali,3.4516,-76.532,21.3,81,0.1,0.8,138.26,True,26362,2025,1,4,9,,VALID,False,,False,False,False,False,False,-0.281282110249,0.969776092124,0.81,0.0953101798043,America/Bogota,2025-01-04T14:00:00+00:00
4,102,2025-01-05T05:00:00-05:00,Cali,3.4516,-76.532,18.9,95,0,3.6,114.37,True,26382,2025,1,5,5,,VALID,False,,False,False,False,False,False,-1.15224665793,-0.998721251568,0.95,0,America/Bogota,2025-01-05T10:00:00+00:00
4,166,2025-01-07T21:00:00-05:00,Cali,3.4516,-76.532,20.8,95,0.6,3.6,152.22,True,26446,2025,1,7,21,,VALID,True,precipitation_mm,False,False,True,False,False,-0.462733057683,2.12005750351,0.95,0.470003629246,America/Bogota,2025-01-08T02:00:00+00:00
4,175,2025-01-08T06:00:00-05:00,Cali,3.4516,-76.532,18.9,95,0.3,1.7,112.84,True,26455,2025,1,8,6,,VALID,False,,False,False,False,False,False,-1.15224665793,-1.12479077588,0.95,0.262364264467,America/Bogota,2025-01-08T11:00:00+00:00
4,251,2025-01-11T10:00:00-05:00,Cali,3.4516,-76.532,23.8,67,0,4,128.55,True,26531,2025,1,11,10,,VALID,False,,False,False,False,False,False,0.625972626923,0.169687803834,0.67,0,America/Bogota,2025-01-11T15:00:00+00:00
4,276,2025-01-12T11:00:00-05:00,Cali,3.4516,-76.532,25.3,66,0,4.7,116.68,True,26556,2025,1,12,11,,VALID,False,,False,False,False,False,False,1.17032546923,-0.808380989369,0.66,0,America/Bogota,2025-01-12T16:00:00+00:00
4,301,2025-01-13T12:00:00-05:00,Cali,3.4516,-76.532,26.8,58,0,2.4,120.58,True,26581,2025,1,13,12,,VALID,False,,False,False,False,False,False,1.71467831153,-0.487027299943,0.58,0,America/Bogota,2025-01-13T17:00:00+00:00
4,351,2025-01-15T14:00:00-05:00,Cali,3.4516,-76.532,28.4,47,0,5.3,126.65,True,26631,2025,1,15,14,,VALID,False,,False,False,False,False,False,2.29532134332,0.0131308782158,0.47,0,America/Bogota,2025-01-15T19:00:00+00:00
4,356,2025-01-15T19:00:00-05:00,Cali,3.4516,-76.532,21.3,89,0.4,2.2,131.77,True,26636,2025,1,15,19,,VALID,False,,False,False,False,False,False,-0.281282110249,0.435010593565,0.89,0.336472236621,America/Bogota,2025-01-16T00:00:00+00:00
4,368,2025-01-16T07:00:00-05:00,Cali,3.4516,-76.532,19.2,88,0,1.3,146.17,True,26648,2025,1,16,7,,VALID,False,,False,False,False,False,False,-1.04337608947,1.62154729299,0.88,0,America/Bogota,2025-01-16T12:00:00+00:00
4,383,2025-01-16T22:00:00-05:00,Cali,3.4516,-76.532,20,90,0.1,1.1,113.58,True,26663,2025,1,16,22,,VALID,False,,False,False,False,False,False,-0.753054573578,-1.06381597327,0.9,0.0953101798043,America/Bogota,2025-01-17T03:00:00+00:00
4,425,2025-01-18T16:00:00-05:00,Cali,3.4516,-76.532,26.6,59,0,7.9,133.15,True,26705,2025,1,18,16,,VALID,False,,False,False,False,False,False,1.64209793255,0.548720360593,0.59,0,America/Bogota,2025-01-18T21:00:00+00:00
4,524,2025-01-22T19:00:00-05:00,Cali,3.4516,-76.532,20.9,94,0.6,1,143.68,True,26804,2025,1,22,19,,VALID,True,precipitation_mm,False,False,True,False,False,-0.426442868196,1.41637532204,0.94,0.470003629246,America/Bogota,2025-01-23T00:00:00+00:00
4,527,2025-01-22T22:00:00-05:00,Cali,3.4516,-76.532,21.2,87,0,3.7,120.4,True,26807,2025,1,22,22,,VALID,False,,False,False,False,False,False,-0.317572299735,-0.501859008686,0.87,0,America/Bogota,2025-01-23T03:00:00+00:00
4,540,2025-01-23T11:00:00-05:00,Cali,3.4516,-76.532,25.8,57,0,4.2,121.04,True,26820,2025,1,23,11,,VALID,False,,False,False,False,False,False,1.35177641666,-0.449124044267,0.57,0,America/Bogota,2025-01-23T16:00:00+00:00
4,604,2025-01-26T03:00:00-05:00,Cali,3.4516,-76.532,18.6,90,0,1.4,124.21,True,26884,2025,1,26,3,,VALID,False,,False,False,False,False,False,-1.26111722639,-0.18792117363,0.9,0,America/Bogota,2025-01-26T08:00:00+00:00
4,610,2025-01-26T09:00:00-05:00,Cali,3.4516,-76.532,21.9,76,0,1.8,133.35,True,26890,2025,1,26,9,,VALID,False,,False,False,False,False,False,-0.0635409733275,0.565200036974,0.76,0,America/Bogota,2025-01-26T14:00:00+00:00
4,618,2025-01-26T17:00:00-05:00,Cali,3.4516,-76.532,24.8,67,0.3,2.7,118.19,True,26898,2025,1,26,17,,VALID,False,,False,False,False,False,False,0.988874521791,-0.683959432694,0.67,0.262364264467,America/Bogota,2025-01-26T22:00:00+00:00
4,663,2025-01-28T14:00:00-05:00,Cali,3.4516,-76.532,27.1,59,0.4,11.2,118.23,True,26943,2025,1,28,14,,VALID,True,wind_speed_kmh,False,False,False,True,False,1.82354887999,-0.680663497418,0.59,0.336472236621,America/Bogota,2025-01-28T19:00:00+00:00
4,695,2025-01-29T22:00:00-05:00,Cali,3.4516,-76.532,22.5,82,0.5,5.6,117.73,True,26975,2025,1,29,22,,VALID,False,,False,False,False,False,False,0.154200163594,-0.72186268837,0.82,0.405465108108,America/Bogota,2025-01-30T03:00:00+00:00
4,799,2025-02-03T06:00:00-05:00,Cali,3.4516,-76.532,18.5,98,0.1,1.7,117.55,True,27079,2025,2,3,6,,VALID,False,,False,False,False,False,False,-1.29740741588,-0.736694397113,0.98,0.0953101798043,America/Bogota,2025-02-03T11:00:00+00:00
4,808,2025-02-03T15:00:00-05:00,Cali,3.4516,-76.532,27.3,56,0,5.6,117.57,True,27088,2025,2,3,15,,VALID,False,,False,False,False,False,False,1.89612925896,-0.735046429475,0.56,0,America/Bogota,2025-02-03T20:00:00+00:00
4,826,2025-02-04T09:00:00-05:00,Cali,3.4516,-76.532,21.3,89,0.1,2.3,135.93,True,27106,2025,2,4,9,,VALID,False,,False,False,False,False,False,-0.281282110249,0.777787862287,0.89,0.0953101798043,America/Bogota,2025-02-04T14:00:00+00:00
4,835,2025-02-04T18:00:00-05:00,Cali,3.4516,-76.532,22.9,79,0,1.6,144.77,True,27115,2025,2,4,18,,VALID,False,,False,False,False,False,False,0.299360921541,1.50618955832,0.79,0,America/Bogota,2025-02-04T23:00:00+00:00
4,900,2025-02-07T11:00:00-05:00,Cali,3.4516,-76.532,25.2,61,0,2.4,125.07,True,27180,2025,2,7,11,,VALID,False,,False,False,False,False,False,1.13403527974,-0.117058565193,0.61,0,America/Bogota,2025-02-07T16:00:00+00:00
4,903,2025-02-07T14:00:00-05:00,Cali,3.4516,-76.532,26.4,64,0,0.9,135.59,True,27183,2025,2,7,14,,VALID,False,,False,False,False,False,False,1.56951755358,0.74977241244,0.64,0,America/Bogota,2025-02-07T19:00:00+00:00
4,944,2025-02-09T07:00:00-05:00,Cali,3.4516,-76.532,18.5,97,0,2.7,141.3,True,27224,2025,2,9,7,,VALID,False,,False,False,False,False,False,-1.29740741588,1.22026717311,0.97,0,America/Bogota,2025-02-09T12:00:00+00:00
4,956,2025-02-09T19:00:00-05:00,Cali,3.4516,-76.532,20.6,98,0.3,3.6,148.82,True,27236,2025,2,9,19,,VALID,False,,False,False,False,False,False,-0.535313436657,1.83990300503,0.98,0.262364264467,America/Bogota,2025-02-10T00:00:00+00:00
4,966,2025-02-10T05:00:00-05:00,Cali,3.4516,-76.532,18.6,98,0,1.7,121.84,True,27246,2025,2,10,5,,VALID,False,,False,False,False,False,False,-1.26111722639,-0.383205338743,0.98,0,America/Bogota,2025-02-10T10:00:00+00:00
4,1009,2025-02-12T00:00:00-05:00,Cali,3.4516,-76.532,19.4,92,0,1.1,118.92,True,27289,2025,2,12,0,,VALID,False,,False,False,False,False,False,-0.970795710499,-0.623808613904,0.92,0,America/Bogota,2025-02-12T05:00:00+00:00
4,1020,2025-02-12T11:00:00-05:00,Cali,3.4516,-76.532,24.3,73,0,4.4,123.69,True,27300,2025,2,12,11,,VALID,False,,False,False,False,False,False,0.807423574357,-0.230768332221,0.73,0,America/Bogota,2025-02-12T16:00:00+00:00
4,1044,2025-02-13T11:00:00-05:00,Cali,3.4516,-76.532,23.7,77,0.1,4,117.21,True,27324,2025,2,13,11,,VALID,False,,False,False,False,False,False,0.589682437436,-0.76470984696,0.77,0.0953101798043,America/Bogota,2025-02-13T16:00:00+00:00
4,1055,2025-02-13T22:00:00-05:00,Cali,3.4516,-76.532,20.1,96,3.5,0.9,113.27,True,27335,2025,2,13,22,,VALID,True,precipitation_mm,False,False,True,False,False,-0.716764384091,-1.08935947166,0.96,1.50407739678,America/Bogota,2025-02-14T03:00:00+00:00
4,1099,2025-02-15T18:00:00-05:00,Cali,3.4516,-76.532,21.8,83,0,2.6,138.72,True,27379,2025,2,15,18,,VALID,False,,False,False,False,False,False,-0.0998311628144,1.0076793478,0.83,0,America/Bogota,2025-02-15T23:00:00+00:00
4,1106,2025-02-16T01:00:00-05:00,Cali,3.4516,-76.532,18.9,98,1.1,1.2,123.22,True,27386,2025,2,16,1,,VALID,True,precipitation_mm,False,False,True,False,False,-1.15224665793,-0.269495571716,0.98,0.741937344729,America/Bogota,2025-02-16T06:00:00+00:00
4,1107,2025-02-16T02:00:00-05:00,Cali,3.4516,-76.532,19.1,97,0.8,1.8,123.83,True,27387,2025,2,16,2,,VALID,True,precipitation_mm,False,False,True,False,False,-1.07966627896,-0.219232558754,0.97,0.587786664902,America/Bogota,2025-02-16T07:00:00+00:00
4,1226,2025-02-21T01:00:00-05:00,Cali,3.4516,-76.532,19.6,98,1.5,1.4,131.96,True,27506,2025,2,21,1,,VALID,True,precipitation_mm,False,False,True,False,False,-0.898215331525,0.450666286127,0.98,0.916290731874,America/Bogota,2025-02-21T06:00:00+00:00
4,1289,2025-02-23T16:00:00-05:00,Cali,3.4516,-76.532,24.8,74,0.1,3.3,116.22,True,27569,2025,2,23,16,,VALID,False,,False,False,False,False,False,0.988874521791,-0.846284245045,0.74,0.0953101798043,America/Bogota,2025-02-23T21:00:00+00:00
4,1347,2025-02-26T02:00:00-05:00,Cali,3.4516,-76.532,19.8,98,0,2.8,120.9,True,27627,2025,2,26,2,,VALID,False,,False,False,False,False,False,-0.825634952551,-0.460659817733,0.98,0,America/Bogota,2025-02-26T07:00:00+00:00
4,1384,2025-02-27T15:00:00-05:00,Cali,3.4516,-76.532,25.7,70,0,4.5,121.58,True,27664,2025,2,27,15,,VALID,False,,False,False,False,False,False,1.31548622717,-0.404628918039,0.7,0,America/Bogota,2025-02-27T20:00:00+00:00
4,1498,2025-03-04T09:00:00-05:00,Cali,3.4516,-76.532,21.3,89,0,4.6,127.4,True,27778,2025,3,4,9,,VALID,False,,False,False,False,False,False,-0.281282110249,0.074929664644,0.89,0,America/Bogota,2025-03-04T14:00:00+00:00
4,1518,2025-03-05T05:00:00-05:00,Cali,3.4516,-76.532,19.1,95,0.1,3.6,112.48,True,27798,2025,3,5,5,,VALID,False,,False,False,False,False,False,-1.07966627896,-1.15445419337,0.95,0.0953101798043,America/Bogota,2025-03-05T10:00:00+00:00
4,1582,2025-03-07T21:00:00-05:00,Cali,3.4516,-76.532,20.3,96,2.1,6.4,163.65,True,27862,2025,3,7,21,,VALID,True,precipitation_mm|energy_kwh,False,False,True,False,True,-0.644184005117,3.06187100867,0.96,1.13140211149,America/Bogota,2025-03-08T02:00:00+00:00
4,1591,2025-03-08T06:00:00-05:00,Cali,3.4516,-76.532,18.6,95,0.2,2.6,119.6,True,27871,2025,3,8,6,,VALID,False,,False,False,False,False,False,-1.26111722639,-0.567777714209,0.95,0.182321556794,America/Bogota,2025-03-08T11:00:00+00:00
4,1667,2025-03-11T10:00:00-05:00,Cali,3.4516,-76.532,22.8,78,0.6,3.7,123.23,True,27947,2025,3,11,10,,VALID,True,precipitation_mm,False,False,True,False,False,0.263070732054,-0.268671587897,0.78,0.470003629246,America/Bogota,2025-03-11T15:00:00+00:00
4,1692,2025-03-12T11:00:00-05:00,Cali,3.4516,-76.532,22,74,0.1,4.7,109.85,True,27972,2025,3,12,11,,VALID,False,,False,False,False,False,False,-0.0272507838407,-1.37116193778,0.74,0.0953101798043,America/Bogota,2025-03-12T16:00:00+00:00
4,1717,2025-03-13T12:00:00-05:00,Cali,3.4516,-76.532,26.7,63,0,1,109.59,True,27997,2025,3,13,12,,VALID,False,,False,False,False,False,False,1.67838812204,-1.39258551707,0.63,0,America/Bogota,2025-03-13T17:00:00+00:00
4,1767,2025-03-15T14:00:00-05:00,Cali,3.4516,-76.532,25.6,69,0.2,2.2,123.14,True,28047,2025,3,15,14,,VALID,False,,False,False,False,False,False,1.27919603769,-0.276087442268,0.69,0.182321556794,America/Bogota,2025-03-15T19:00:00+00:00
4,1772,2025-03-15T19:00:00-05:00,Cali,3.4516,-76.532,21.1,91,0,2.5,143.39,True,28052,2025,3,15,19,,VALID,False,,False,False,False,False,False,-0.353862489222,1.39247979129,0.91,0,America/Bogota,2025-03-16T00:00:00+00:00
4,1784,2025-03-16T07:00:00-05:00,Cali,3.4516,-76.532,18.9,82,0,2,142.29,True,28064,2025,3,16,7,,VALID,False,,False,False,False,False,False,-1.15224665793,1.3018415712,0.82,0,America/Bogota,2025-03-16T12:00:00+00:00
4,1799,2025-03-16T22:00:00-05:00,Cali,3.4516,-76.532,20.2,99,0.3,0.4,120.48,True,28079,2025,3,16,22,,VALID,False,,False,False,False,False,False,-0.680474194604,-0.495267138133,0.99,0.262364264467,America/Bogota,2025-03-17T03:00:00+00:00
4,1841,2025-03-18T16:00:00-05:00,Cali,3.4516,-76.532,24.8,74,0.2,3.2,124.58,True,28121,2025,3,18,16,,VALID,False,,False,False,False,False,False,0.988874521791,-0.157433772326,0.74,0.182321556794,America/Bogota,2025-03-18T21:00:00+00:00
4,1940,2025-03-22T19:00:00-05:00,Cali,3.4516,-76.532,21.7,96,0.7,0.9,153.75,True,28220,2025,3,22,19,,VALID,True,precipitation_mm,False,False,True,False,False,-0.136121352301,2.24612702782,0.96,0.530628251062,America/Bogota,2025-03-23T00:00:00+00:00
4,1943,2025-03-22T22:00:00-05:00,Cali,3.4516,-76.532,21.2,94,1.2,7.2,111.27,True,28223,2025,3,22,22,,VALID,True,precipitation_mm,False,False,True,False,False,-0.317572299735,-1.25415623547,0.94,0.788457360364,America/Bogota,2025-03-23T03:00:00+00:00
4,1956,2025-03-23T11:00:00-05:00,Cali,3.4516,-76.532,26.5,65,0,0.4,128.01,True,28236,2025,3,23,11,,VALID,False,,False,False,False,False,False,1.60580774307,0.125192677606,0.65,0,America/Bogota,2025-03-23T16:00:00+00:00
4,2020,2025-03-26T03:00:00-05:00,Cali,3.4516,-76.532,19.5,96,0.2,2.4,112,True,28300,2025,3,26,3,,VALID,False,,False,False,False,False,False,-0.934505521012,-1.19400541668,0.96,0.182321556794,America/Bogota,2025-03-26T08:00:00+00:00
4,2026,2025-03-26T09:00:00-05:00,Cali,3.4516,-76.532,22.1,83,0,5.6,139.11,True,28306,2025,3,26,9,,VALID,False,,False,False,False,False,False,0.00903940564615,1.03981471674,0.83,0,America/Bogota,2025-03-26T14:00:00+00:00
4,2034,2025-03-26T17:00:00-05:00,Cali,3.4516,-76.532,23.3,80,4,7.2,124.36,True,28314,2025,3,26,17,,VALID,True,precipitation_mm,False,False,True,False,False,0.444521679488,-0.175561416345,0.8,1.60943791243,America/Bogota,2025-03-26T22:00:00+00:00
4,2079,2025-03-28T14:00:00-05:00,Cali,3.4516,-76.532,23.3,77,0.7,3.7,120.54,True,28359,2025,3,28,14,,VALID,True,precipitation_mm,False,False,True,False,False,0.444521679488,-0.490323235219,0.77,0.530628251062,America/Bogota,2025-03-28T19:00:00+00:00
4,2111,2025-03-29T22:00:00-05:00,Cali,3.4516,-76.532,21,93,0,2.3,114.77,True,28391,2025,3,29,22,,VALID,False,,False,False,False,False,False,-0.390152678709,-0.965761898806,0.93,0,America/Bogota,2025-03-30T03:00:00+00:00
4,2200,2025-04-02T15:00:00-05:00,Cali,3.4516,-76.532,26.2,62,0,2,119.77,True,28480,2025,4,2,15,,VALID,False,,False,False,False,False,False,1.49693717461,-0.553769989285,0.62,0,America/Bogota,2025-04-02T20:00:00+00:00
4,2215,2025-04-03T06:00:00-05:00,Cali,3.4516,-76.532,18.6,99,0.8,1.8,114.05,True,28495,2025,4,3,6,,VALID,True,precipitation_mm,False,False,True,False,False,-1.26111722639,-1.02508873378,0.99,0.587786664902,America/Bogota,2025-04-03T11:00:00+00:00
4,2224,2025-04-03T15:00:00-05:00,Cali,3.4516,-76.532,25.8,70,0,1.8,119.92,True,28504,2025,4,3,15,,VALID,False,,False,False,False,False,False,1.35177641666,-0.541410232,0.7,0,America/Bogota,2025-04-03T20:00:00+00:00
4,2226,2025-04-03T17:00:00-05:00,Cali,3.4516,-76.532,23.2,78,1.6,5.4,114.05,True,28506,2025,4,3,17,,VALID,True,precipitation_mm,False,False,True,False,False,0.408231490001,-1.02508873378,0.78,0.955511445027,America/Bogota,2025-04-03T22:00:00+00:00
4,2247,2025-04-04T14:00:00-05:00,Cali,3.4516,-76.532,24.8,72,1.3,1,116.37,True,28527,2025,4,4,14,,VALID,True,precipitation_mm,False,False,True,False,False,0.988874521791,-0.83392448776,0.72,0.832909122935,America/Bogota,2025-04-04T19:00:00+00:00
4,2262,2025-04-05T05:00:00-05:00,Cali,3.4516,-76.532,18.8,84,0,2.7,123.2,True,28542,2025,4,5,5,,VALID,False,,False,False,False,False,False,-1.18853684742,-0.271143539354,0.84,0,America/Bogota,2025-04-05T10:00:00+00:00
4,2306,2025-04-07T01:00:00-05:00,Cali,3.4516,-76.532,20.4,91,0.2,2.6,115.95,True,28586,2025,4,7,1,,VALID,False,,False,False,False,False,False,-0.60789381563,-0.868531808159,0.91,0.182321556794,America/Bogota,2025-04-07T06:00:00+00:00
4,2359,2025-04-09T06:00:00-05:00,Cali,3.4516,-76.532,19.7,93,10.7,6.6,123.08,True,28639,2025,4,9,6,,VALID,True,precipitation_mm,False,False,True,False,False,-0.861925142038,-0.281031345182,0.93,2.4595888418,America/Bogota,2025-04-09T11:00:00+00:00
4,2374,2025-04-09T21:00:00-05:00,Cali,3.4516,-76.532,21.4,92,0,3.3,140.65,True,28654,2025,4,9,21,,VALID,False,,False,False,False,False,False,-0.244991920762,1.16670822487,0.92,0,America/Bogota,2025-04-10T02:00:00+00:00
4,2420,2025-04-11T19:00:00-05:00,Cali,3.4516,-76.532,20.9,92,0,1.6,162.99,True,28700,2025,4,11,19,,VALID,True,energy_kwh,False,False,False,False,True,-0.426442868196,3.00748807662,0.92,0,America/Bogota,2025-04-12T00:00:00+00:00
4,2451,2025-04-13T02:00:00-05:00,Cali,3.4516,-76.532,20.3,93,0.7,0.6,120.02,True,28731,2025,4,13,2,,VALID,True,precipitation_mm,False,False,True,False,False,-0.644184005117,-0.533170393809,0.93,0.530628251062,America/Bogota,2025-04-13T07:00:00+00:00
4,2453,2025-04-13T04:00:00-05:00,Cali,3.4516,-76.532,20,93,0,0.8,110.29,True,28733,2025,4,13,4,,VALID,False,,False,False,False,False,False,-0.753054573578,-1.33490664974,0.93,0,America/Bogota,2025-04-13T09:00:00+00:00
4,2489,2025-04-14T16:00:00-05:00,Cali,3.4516,-76.532,26.1,65,0.3,9.7,115.29,True,28769,2025,4,14,16,,VALID,True,wind_speed_kmh,False,False,False,True,False,1.46064698512,-0.922914740216,0.65,0.262364264467,America/Bogota,2025-04-14T21:00:00+00:00
4,2501,2025-04-15T04:00:00-05:00,Cali,3.4516,-76.532,20.6,80,0.1,0.7,124.37,True,28781,2025,4,15,4,,VALID,False,,False,False,False,False,False,-0.535313436657,-0.174737432526,0.8,0.0953101798043,America/Bogota,2025-04-15T09:00:00+00:00
4,2551,2025-04-17T06:00:00-05:00,Cali,3.4516,-76.532,19.1,93,0.1,1.5,122.82,True,28831,2025,4,17,6,,VALID,False,,False,False,False,False,False,-1.07966627896,-0.302454924477,0.93,0.0953101798043,America/Bogota,2025-04-17T11:00:00+00:00
4,2591,2025-04-18T22:00:00-05:00,Cali,3.4516,-76.532,22.6,86,0,7,115.98,True,28871,2025,4,18,22,,VALID,False,,False,False,False,False,False,0.19049035308,-0.866059856702,0.86,0,America/Bogota,2025-04-19T03:00:00+00:00
4,2609,2025-04-19T16:00:00-05:00,Cali,3.4516,-76.532,26.4,64,0,4.7,128.85,True,28889,2025,4,19,16,,VALID,False,,False,False,False,False,False,1.56951755358,0.194407318405,0.64,0,America/Bogota,2025-04-19T21:00:00+00:00
4,2614,2025-04-19T21:00:00-05:00,Cali,3.4516,-76.532,21.7,95,0,3.1,147.39,True,28894,2025,4,19,21,,VALID,False,,False,False,False,False,False,-0.136121352301,1.72207331891,0.95,0,America/Bogota,2025-04-20T02:00:00+00:00
4,2788,2025-04-27T03:00:00-05:00,Cali,3.4516,-76.532,19.2,97,0,0.6,114.08,True,29068,2025,4,27,3,,VALID,False,,False,False,False,False,False,-1.04337608947,-1.02261678232,0.97,0,America/Bogota,2025-04-27T08:00:00+00:00
4,2867,2025-04-30T10:00:00-05:00,Cali,3.4516,-76.532,20.8,89,0.5,3.2,110.36,True,29147,2025,4,30,10,,VALID,False,,False,False,False,False,False,-0.462733057683,-1.329138763,0.89,0.405465108108,America/Bogota,2025-04-30T15:00:00+00:00
4,2962,2025-05-04T09:00:00-05:00,Cali,3.4516,-76.532,21.3,86,0.1,3,121.64,True,29242,2025,5,4,9,,VALID,False,,False,False,False,False,False,-0.281282110249,-0.399685015124,0.86,0.0953101798043,America/Bogota,2025-05-04T14:00:00+00:00
4,2982,2025-05-05T05:00:00-05:00,Cali,3.4516,-76.532,19,99,0.1,2,118.02,True,29262,2025,5,5,5,,VALID,False,,False,False,False,False,False,-1.11595646845,-0.697967157618,0.99,0.0953101798043,America/Bogota,2025-05-05T10:00:00+00:00
4,3046,2025-05-07T21:00:00-05:00,Cali,3.4516,-76.532,21,94,0.1,3.8,146.98,True,29326,2025,5,7,21,,VALID,False,,False,False,False,False,False,-0.390152678709,1.68828998233,0.94,0.0953101798043,America/Bogota,2025-05-08T02:00:00+00:00
4,3055,2025-05-08T06:00:00-05:00,Cali,3.4516,-76.532,19.3,88,0,2.1,118.62,True,29335,2025,5,8,6,,VALID,False,,False,False,False,False,False,-1.00708589999,-0.648528128475,0.88,0,America/Bogota,2025-05-08T11:00:00+00:00
4,3131,2025-05-11T10:00:00-05:00,Cali,3.4516,-76.532,25.4,58,0,2.9,110.05,True,29411,2025,5,11,10,,VALID,False,,False,False,False,False,False,1.20661565871,-1.35468226139,0.58,0,America/Bogota,2025-05-11T15:00:00+00:00
4,3156,2025-05-12T11:00:00-05:00,Cali,3.4516,-76.532,26.1,55,0,5.8,117.43,True,29436,2025,5,12,11,,VALID,False,,False,False,False,False,False,1.46064698512,-0.746582202941,0.55,0,America/Bogota,2025-05-12T16:00:00+00:00
4,3181,2025-05-13T12:00:00-05:00,Cali,3.4516,-76.532,24.3,69,0,1.6,108.64,True,29461,2025,5,13,12,,VALID,False,,False,False,False,False,False,0.807423574357,-1.47086397988,0.69,0,America/Bogota,2025-05-13T17:00:00+00:00
4,3231,2025-05-15T14:00:00-05:00,Cali,3.4516,-76.532,25.7,72,0.1,3.7,117.58,True,29511,2025,5,15,14,,VALID,False,,False,False,False,False,False,1.31548622717,-0.734222445656,0.72,0.0953101798043,America/Bogota,2025-05-15T19:00:00+00:00
4,3236,2025-05-15T19:00:00-05:00,Cali,3.4516,-76.532,21.2,96,0.4,4.9,162.11,True,29516,2025,5,15,19,,VALID,True,energy_kwh,False,False,False,False,True,-0.317572299735,2.93497750054,0.96,0.336472236621,America/Bogota,2025-05-16T00:00:00+00:00
4,3248,2025-05-16T07:00:00-05:00,Cali,3.4516,-76.532,19.4,99,1.4,0.9,145.65,True,29528,2025,5,16,7,,VALID,True,precipitation_mm,False,False,True,False,False,-0.970795710499,1.5787001344,0.99,0.875468737354,America/Bogota,2025-05-16T12:00:00+00:00
4,3263,2025-05-16T22:00:00-05:00,Cali,3.4516,-76.532,20.3,100,0.1,1.4,108.66,True,29543,2025,5,16,22,,VALID,False,,False,False,False,False,False,-0.644184005117,-1.46921601224,1,0.0953101798043,America/Bogota,2025-05-17T03:00:00+00:00
4,3305,2025-05-18T16:00:00-05:00,Cali,3.4516,-76.532,24.1,73,0.1,0.4,118.82,True,29585,2025,5,18,16,,VALID,False,,False,False,False,False,False,0.734843195383,-0.632048452094,0.73,0.0953101798043,America/Bogota,2025-05-18T21:00:00+00:00
4,3404,2025-05-22T19:00:00-05:00,Cali,3.4516,-76.532,23.5,83,0.2,4.4,149.13,True,29684,2025,5,22,19,,VALID,False,,False,False,False,False,False,0.517102058462,1.86544650342,0.83,0.182321556794,America/Bogota,2025-05-23T00:00:00+00:00
4,3407,2025-05-22T22:00:00-05:00,Cali,3.4516,-76.532,21.8,90,0,2.3,115.1,True,29687,2025,5,22,22,,VALID,False,,False,False,False,False,False,-0.0998311628144,-0.938570432778,0.9,0,America/Bogota,2025-05-23T03:00:00+00:00
4,3420,2025-05-23T11:00:00-05:00,Cali,3.4516,-76.532,26.7,59,0,2.6,122.78,True,29700,2025,5,23,11,,VALID,False,,False,False,False,False,False,1.67838812204,-0.305750859754,0.59,0,America/Bogota,2025-05-23T16:00:00+00:00
4,3484,2025-05-26T03:00:00-05:00,Cali,3.4516,-76.532,19.5,97,0.6,2,120.8,True,29764,2025,5,26,3,,VALID,True,precipitation_mm,False,False,True,False,False,-0.934505521012,-0.468899655924,0.97,0.470003629246,America/Bogota,2025-05-26T08:00:00+00:00
4,3490,2025-05-26T09:00:00-05:00,Cali,3.4516,-76.532,21.5,88,0.9,4.6,127.52,True,29770,2025,5,26,9,,VALID,True,precipitation_mm,False,False,True,False,False,-0.208701731275,0.0848174704725,0.88,0.641853886172,America/Bogota,2025-05-26T14:00:00+00:00
4,3498,2025-05-26T17:00:00-05:00,Cali,3.4516,-76.532,23,75,0,1.5,128.02,True,29778,2025,5,26,17,,VALID,False,,False,False,False,False,False,0.335651111028,0.126016661425,0.75,0,America/Bogota,2025-05-26T22:00:00+00:00
4,3543,2025-05-28T14:00:00-05:00,Cali,3.4516,-76.532,28.1,60,0,9,132.3,True,29823,2025,5,28,14,,VALID,True,wind_speed_kmh,False,False,False,True,False,2.18645077486,0.478681735975,0.6,0,America/Bogota,2025-05-28T19:00:00+00:00
4,3575,2025-05-29T22:00:00-05:00,Cali,3.4516,-76.532,21.4,91,0,2.2,104.39,True,29855,2025,5,29,22,,VALID,False,,False,False,False,False,False,-0.244991920762,-1.82105710297,0.91,0,America/Bogota,2025-05-30T03:00:00+00:00
4,3664,2025-06-02T15:00:00-05:00,Cali,3.4516,-76.532,25.5,68,0,5.2,124.13,True,29944,2025,6,2,15,,VALID,False,,False,False,False,False,False,1.2429058482,-0.194513044183,0.68,0,America/Bogota,2025-06-02T20:00:00+00:00
4,3679,2025-06-03T06:00:00-05:00,Cali,3.4516,-76.532,18.2,91,0,2.7,125.44,True,29959,2025,6,3,6,,VALID,False,,False,False,False,False,False,-1.40627798434,-0.0865711638883,0.91,0,America/Bogota,2025-06-03T11:00:00+00:00
4,3688,2025-06-03T15:00:00-05:00,Cali,3.4516,-76.532,25.8,66,0,6.1,111.15,True,29968,2025,6,3,15,,VALID,False,,False,False,False,False,False,1.35177641666,-1.2640440413,0.66,0,America/Bogota,2025-06-03T20:00:00+00:00
4,3690,2025-06-03T17:00:00-05:00,Cali,3.4516,-76.532,24.5,70,0,3.8,112.96,True,29970,2025,6,3,17,,VALID,False,,False,False,False,False,False,0.88000395333,-1.11490297005,0.7,0,America/Bogota,2025-06-03T22:00:00+00:00
4,3711,2025-06-04T14:00:00-05:00,Cali,3.4516,-76.532,24.7,70,0.1,5.4,123.57,True,29991,2025,6,4,14,,VALID,False,,False,False,False,False,False,0.952584332304,-0.240656138049,0.7,0.0953101798043,America/Bogota,2025-06-04T19:00:00+00:00
4,3726,2025-06-05T05:00:00-05:00,Cali,3.4516,-76.532,19,98,0,2.4,120.21,True,30006,2025,6,5,5,,VALID,False,,False,False,False,False,False,-1.11595646845,-0.517514701247,0.98,0,America/Bogota,2025-06-05T10:00:00+00:00
4,3770,2025-06-07T01:00:00-05:00,Cali,3.4516,-76.532,20.4,83,0,0.6,129.55,True,30050,2025,6,7,1,,VALID,False,,False,False,False,False,False,-0.60789381563,0.252086185738,0.83,0,America/Bogota,2025-06-07T06:00:00+00:00
4,3823,2025-06-09T06:00:00-05:00,Cali,3.4516,-76.532,19.3,93,6.7,2,126.99,True,30103,2025,6,9,6,,VALID,True,precipitation_mm,False,False,True,False,False,-1.00708589999,0.0411463280633,0.93,2.04122032886,America/Bogota,2025-06-09T11:00:00+00:00
4,3838,2025-06-09T21:00:00-05:00,Cali,3.4516,-76.532,20.4,94,0.1,1.5,145.68,True,30118,2025,6,9,21,,VALID,False,,False,False,False,False,False,-0.60789381563,1.58117208585,0.94,0.0953101798043,America/Bogota,2025-06-10T02:00:00+00:00
4,3884,2025-06-11T19:00:00-05:00,Cali,3.4516,-76.532,20.9,95,1.3,1.5,146.01,True,30164,2025,6,11,19,,VALID,True,precipitation_mm,False,False,True,False,False,-0.426442868196,1.60836355188,0.95,0.832909122935,America/Bogota,2025-06-12T00:00:00+00:00
4,3915,2025-06-13T02:00:00-05:00,Cali,3.4516,-76.532,19.4,98,2.3,1.5,126.68,True,30195,2025,6,13,2,,VALID,True,precipitation_mm,False,False,True,False,False,-0.970795710499,0.015602829673,0.98,1.19392246847,America/Bogota,2025-06-13T07:00:00+00:00
4,3917,2025-06-13T04:00:00-05:00,Cali,3.4516,-76.532,19.1,99,0.9,0.4,115.67,True,30197,2025,6,13,4,,VALID,True,precipitation_mm,False,False,True,False,False,-1.07966627896,-0.891603355093,0.99,0.641853886172,America/Bogota,2025-06-13T09:00:00+00:00
4,3953,2025-06-14T16:00:00-05:00,Cali,3.4516,-76.532,25,66,0,2.1,128.62,True,30233,2025,6,14,16,,VALID,False,,False,False,False,False,False,1.06145490076,0.175455690567,0.66,0,America/Bogota,2025-06-14T21:00:00+00:00
4,3965,2025-06-15T04:00:00-05:00,Cali,3.4516,-76.532,18.9,90,0.1,0.6,127.92,True,30245,2025,6,15,4,,VALID,False,,False,False,False,False,False,-1.15224665793,0.117776823234,0.9,0.0953101798043,America/Bogota,2025-06-15T09:00:00+00:00
4,4015,2025-06-17T06:00:00-05:00,Cali,3.4516,-76.532,18.4,79,0,2.7,130.01,True,30295,2025,6,17,6,,VALID,False,,False,False,False,False,False,-1.33369760537,0.289989441414,0.79,0,America/Bogota,2025-06-17T11:00:00+00:00
4,4055,2025-06-18T22:00:00-05:00,Cali,3.4516,-76.532,21.9,88,0,9.1,118.07,True,30335,2025,6,18,22,,VALID,True,wind_speed_kmh,False,False,False,True,False,-0.0635409733275,-0.693847238522,0.88,0,America/Bogota,2025-06-19T03:00:00+00:00
4,4073,2025-06-19T16:00:00-05:00,Cali,3.4516,-76.532,25,72,3,2,127.65,True,30353,2025,6,19,16,,VALID,True,precipitation_mm,False,False,True,False,False,1.06145490076,0.0955292601201,0.72,1.38629436112,America/Bogota,2025-06-19T21:00:00+00:00
4,4078,2025-06-19T21:00:00-05:00,Cali,3.4516,-76.532,21.9,88,0,5.1,152.45,True,30358,2025,6,19,21,,VALID,False,,False,False,False,False,False,-0.0635409733275,2.13900913134,0.88,0,America/Bogota,2025-06-20T02:00:00+00:00
4,4252,2025-06-27T03:00:00-05:00,Cali,3.4516,-76.532,19.7,97,0.1,0.3,120.34,True,30532,2025,6,27,3,,VALID,False,,False,False,False,False,False,-0.861925142038,-0.5068029116,0.97,0.0953101798043,America/Bogota,2025-06-27T08:00:00+00:00
4,4331,2025-06-30T10:00:00-05:00,Cali,3.4516,-76.532,24.1,71,0,1.8,124.34,True,30611,2025,6,30,10,,VALID,False,,False,False,False,False,False,0.734843195383,-0.177209383983,0.71,0,America/Bogota,2025-06-30T15:00:00+00:00
4,4426,2025-07-04T09:00:00-05:00,Cali,3.4516,-76.532,22.2,67,0,4.4,133.62,True,30706,2025,7,4,9,,VALID,False,,False,False,False,False,False,0.045329595133,0.587447600088,0.67,0,America/Bogota,2025-07-04T14:00:00+00:00
4,4446,2025-07-05T05:00:00-05:00,Cali,3.4516,-76.532,18.6,97,0,0.5,126.35,True,30726,2025,7,5,5,,VALID,False,,False,False,False,False,False,-1.26111722639,-0.0115886363554,0.97,0,America/Bogota,2025-07-05T10:00:00+00:00
4,4510,2025-07-07T21:00:00-05:00,Cali,3.4516,-76.532,21.4,85,0.3,7.2,146.08,True,30790,2025,7,7,21,,VALID,False,,False,False,False,False,False,-0.244991920762,1.61413143861,0.85,0.262364264467,America/Bogota,2025-07-08T02:00:00+00:00
4,4519,2025-07-08T06:00:00-05:00,Cali,3.4516,-76.532,17.9,89,0,1.8,115.37,True,30799,2025,7,8,6,,VALID,False,,False,False,False,False,False,-1.5151485528,-0.916322869664,0.89,0,America/Bogota,2025-07-08T11:00:00+00:00
4,4595,2025-07-11T10:00:00-05:00,Cali,3.4516,-76.532,22.1,72,0.3,3.5,116.07,True,30875,2025,7,11,10,,VALID,False,,False,False,False,False,False,0.00903940564615,-0.858644002331,0.72,0.262364264467,America/Bogota,2025-07-11T15:00:00+00:00
4,4620,2025-07-12T11:00:00-05:00,Cali,3.4516,-76.532,24.9,64,0.5,2.1,124.08,True,30900,2025,7,12,11,,VALID,False,,False,False,False,False,False,1.02516471128,-0.198632963278,0.64,0.405465108108,America/Bogota,2025-07-12T16:00:00+00:00
4,4645,2025-07-13T12:00:00-05:00,Cali,3.4516,-76.532,25.8,63,0,5.7,126.43,True,30925,2025,7,13,12,,VALID,False,,False,False,False,False,False,1.35177641666,-0.0049967658031,0.63,0,America/Bogota,2025-07-13T17:00:00+00:00
4,4695,2025-07-15T14:00:00-05:00,Cali,3.4516,-76.532,29.2,42,0,1.7,121.41,True,30975,2025,7,15,14,,VALID,False,,False,False,False,False,False,2.58564285921,-0.418636642962,0.42,0,America/Bogota,2025-07-15T19:00:00+00:00
4,4700,2025-07-15T19:00:00-05:00,Cali,3.4516,-76.532,23.5,77,0,12.3,142.8,True,30980,2025,7,15,19,,VALID,True,wind_speed_kmh,False,False,False,True,False,0.517102058462,1.34386474597,0.77,0,America/Bogota,2025-07-16T00:00:00+00:00
4,4712,2025-07-16T07:00:00-05:00,Cali,3.4516,-76.532,20.2,83,0,1.9,130.04,True,30992,2025,7,16,7,,VALID,False,,False,False,False,False,False,-0.680474194604,0.292461392871,0.83,0,America/Bogota,2025-07-16T12:00:00+00:00
4,4727,2025-07-16T22:00:00-05:00,Cali,3.4516,-76.532,21,89,0,7.1,114.08,True,31007,2025,7,16,22,,VALID,False,,False,False,False,False,False,-0.390152678709,-1.02261678232,0.89,0,America/Bogota,2025-07-17T03:00:00+00:00
4,4769,2025-07-18T16:00:00-05:00,Cali,3.4516,-76.532,27.5,48,0,3.9,122.23,True,31049,2025,7,18,16,,VALID,False,,False,False,False,False,False,1.96870963794,-0.351069969801,0.48,0,America/Bogota,2025-07-18T21:00:00+00:00
4,4868,2025-07-22T19:00:00-05:00,Cali,3.4516,-76.532,22.1,83,0.4,6.9,138.96,True,31148,2025,7,22,19,,VALID,False,,False,False,False,False,False,0.00903940564615,1.02745495946,0.83,0.336472236621,America/Bogota,2025-07-23T00:00:00+00:00
4,4871,2025-07-22T22:00:00-05:00,Cali,3.4516,-76.532,20.7,94,0,2.2,119.91,True,31151,2025,7,22,22,,VALID,False,,False,False,False,False,False,-0.49902324717,-0.542234215819,0.94,0,America/Bogota,2025-07-23T03:00:00+00:00
4,4884,2025-07-23T11:00:00-05:00,Cali,3.4516,-76.532,24.1,64,0,4.4,123.08,True,31164,2025,7,23,11,,VALID,False,,False,False,False,False,False,0.734843195383,-0.281031345182,0.64,0,America/Bogota,2025-07-23T16:00:00+00:00
4,4948,2025-07-26T03:00:00-05:00,Cali,3.4516,-76.532,20.1,91,0.1,1.3,110.15,True,31228,2025,7,26,3,,VALID,False,,False,False,False,False,False,-0.716764384091,-1.3464424232,0.91,0.0953101798043,America/Bogota,2025-07-26T08:00:00+00:00
4,4954,2025-07-26T09:00:00-05:00,Cali,3.4516,-76.532,22.6,74,0,2.4,122.78,True,31234,2025,7,26,9,,VALID,False,,False,False,False,False,False,0.19049035308,-0.305750859754,0.74,0,America/Bogota,2025-07-26T14:00:00+00:00
4,4962,2025-07-26T17:00:00-05:00,Cali,3.4516,-76.532,25.9,63,0,2.3,130.29,True,31242,2025,7,26,17,,VALID,False,,False,False,False,False,False,1.38806660615,0.313060988347,0.63,0,America/Bogota,2025-07-26T22:00:00+00:00
4,5007,2025-07-28T14:00:00-05:00,Cali,3.4516,-76.532,27.9,55,0,1.8,125.55,True,31287,2025,7,28,14,,VALID,False,,False,False,False,False,False,2.11387039588,-0.0775073418788,0.55,0,America/Bogota,2025-07-28T19:00:00+00:00
4,5039,2025-07-29T22:00:00-05:00,Cali,3.4516,-76.532,21.4,86,0.6,2.5,115.7,True,31319,2025,7,29,22,,VALID,True,precipitation_mm,False,False,True,False,False,-0.244991920762,-0.889131403635,0.86,0.470003629246,America/Bogota,2025-07-30T03:00:00+00:00
4,5170,2025-08-04T09:00:00-05:00,Cali,3.4516,-76.532,21.4,77,0.1,1.7,135.48,True,31450,2025,8,4,9,,VALID,False,,False,False,False,False,False,-0.244991920762,0.74070859043,0.77,0.0953101798043,America/Bogota,2025-08-04T14:00:00+00:00
4,5190,2025-08-05T05:00:00-05:00,Cali,3.4516,-76.532,18.5,82,0,3.8,133.76,True,31470,2025,8,5,5,,VALID,False,,False,False,False,False,False,-1.29740741588,0.598983373555,0.82,0,America/Bogota,2025-08-05T10:00:00+00:00
4,5254,2025-08-07T21:00:00-05:00,Cali,3.4516,-76.532,19.7,92,0.1,3.5,148.95,True,31534,2025,8,7,21,,VALID,False,,False,False,False,False,False,-0.861925142038,1.85061479468,0.92,0.0953101798043,America/Bogota,2025-08-08T02:00:00+00:00
4,5263,2025-08-08T06:00:00-05:00,Cali,3.4516,-76.532,18.4,95,0,3.5,121.28,True,31543,2025,8,8,6,,VALID,False,,False,False,False,False,False,-1.33369760537,-0.42934843261,0.95,0,America/Bogota,2025-08-08T11:00:00+00:00
4,5339,2025-08-11T10:00:00-05:00,Cali,3.4516,-76.532,22.8,67,0,5.2,124.18,True,31619,2025,8,11,10,,VALID,False,,False,False,False,False,False,0.263070732054,-0.190393125088,0.67,0,America/Bogota,2025-08-11T15:00:00+00:00
4,5364,2025-08-12T11:00:00-05:00,Cali,3.4516,-76.532,25.2,60,0,4.2,124.32,True,31644,2025,8,12,11,,VALID,False,,False,False,False,False,False,1.13403527974,-0.178857351621,0.6,0,America/Bogota,2025-08-12T16:00:00+00:00
4,5389,2025-08-13T12:00:00-05:00,Cali,3.4516,-76.532,25.4,69,0.1,3.7,117.28,True,31669,2025,8,13,12,,VALID,False,,False,False,False,False,False,1.20661565871,-0.758941960227,0.69,0.0953101798043,America/Bogota,2025-08-13T17:00:00+00:00
4,5439,2025-08-15T14:00:00-05:00,Cali,3.4516,-76.532,25.1,67,0,3.2,124.8,True,31719,2025,8,15,14,,VALID,False,,False,False,False,False,False,1.09774509025,-0.139306128307,0.67,0,America/Bogota,2025-08-15T19:00:00+00:00
4,5444,2025-08-15T19:00:00-05:00,Cali,3.4516,-76.532,20.9,85,0,3.7,139.65,True,31724,2025,8,15,19,,VALID,False,,False,False,False,False,False,-0.426442868196,1.08430984297,0.85,0,America/Bogota,2025-08-16T00:00:00+00:00
4,5456,2025-08-16T07:00:00-05:00,Cali,3.4516,-76.532,19.2,91,0,3.7,128.47,True,31736,2025,8,16,7,,VALID,False,,False,False,False,False,False,-1.04337608947,0.163095933282,0.91,0,America/Bogota,2025-08-16T12:00:00+00:00
4,5471,2025-08-16T22:00:00-05:00,Cali,3.4516,-76.532,20,93,0,3.2,119.69,True,31751,2025,8,16,22,,VALID,False,,False,False,False,False,False,-0.753054573578,-0.560361859838,0.93,0,America/Bogota,2025-08-17T03:00:00+00:00
4,5513,2025-08-18T16:00:00-05:00,Cali,3.4516,-76.532,26.9,59,0,1.8,123.27,True,31793,2025,8,18,16,,VALID,False,,False,False,False,False,False,1.75096850101,-0.26537565262,0.59,0,America/Bogota,2025-08-18T21:00:00+00:00
4,5612,2025-08-22T19:00:00-05:00,Cali,3.4516,-76.532,21,88,0.5,5.4,151.32,True,31892,2025,8,22,19,,VALID,False,,False,False,False,False,False,-0.390152678709,2.04589895979,0.88,0.405465108108,America/Bogota,2025-08-23T00:00:00+00:00
4,5615,2025-08-22T22:00:00-05:00,Cali,3.4516,-76.532,20.6,91,0.3,0.8,127.92,True,31895,2025,8,22,22,,VALID,False,,False,False,False,False,False,-0.535313436657,0.117776823234,0.91,0.262364264467,America/Bogota,2025-08-23T03:00:00+00:00
4,5628,2025-08-23T11:00:00-05:00,Cali,3.4516,-76.532,22.7,78,0.1,5.4,126.52,True,31908,2025,8,23,11,,VALID,False,,False,False,False,False,False,0.226780542567,0.00241908856828,0.78,0.0953101798043,America/Bogota,2025-08-23T16:00:00+00:00
4,5692,2025-08-26T03:00:00-05:00,Cali,3.4516,-76.532,20.2,90,0,2.2,116.14,True,31972,2025,8,26,3,,VALID,False,,False,False,False,False,False,-0.680474194604,-0.852876115598,0.9,0,America/Bogota,2025-08-26T08:00:00+00:00
4,5698,2025-08-26T09:00:00-05:00,Cali,3.4516,-76.532,23.6,63,0,5.6,142.63,True,31978,2025,8,26,9,,VALID,False,,False,False,False,False,False,0.553392247949,1.32985702105,0.63,0,America/Bogota,2025-08-26T14:00:00+00:00
4,5706,2025-08-26T17:00:00-05:00,Cali,3.4516,-76.532,27.1,60,0,5.2,129.85,True,31986,2025,8,26,17,,VALID,False,,False,False,False,False,False,1.82354887999,0.276805700309,0.6,0,America/Bogota,2025-08-26T22:00:00+00:00
4,5751,2025-08-28T14:00:00-05:00,Cali,3.4516,-76.532,29.3,43,0,3.5,131.92,True,32031,2025,8,28,14,,VALID,False,,False,False,False,False,False,2.6219330487,0.447370350851,0.43,0,America/Bogota,2025-08-28T19:00:00+00:00
4,5783,2025-08-29T22:00:00-05:00,Cali,3.4516,-76.532,21.4,84,0,3.6,117.92,True,32063,2025,8,29,22,,VALID,False,,False,False,False,False,False,-0.244991920762,-0.706206995808,0.84,0,America/Bogota,2025-08-30T03:00:00+00:00
4,5872,2025-09-02T15:00:00-05:00,Cali,3.4516,-76.532,26.1,63,0,8.9,118.88,True,32152,2025,9,2,15,,VALID,True,wind_speed_kmh,False,False,False,True,False,1.46064698512,-0.62710454918,0.63,0,America/Bogota,2025-09-02T20:00:00+00:00
4,5887,2025-09-03T06:00:00-05:00,Cali,3.4516,-76.532,18.9,93,0,0.6,127.89,True,32167,2025,9,3,6,,VALID,False,,False,False,False,False,False,-1.15224665793,0.115304871777,0.93,0,America/Bogota,2025-09-03T11:00:00+00:00
4,5896,2025-09-03T15:00:00-05:00,Cali,3.4516,-76.532,28.3,53,0,13.2,117.34,True,32176,2025,9,3,15,,VALID,True,wind_speed_kmh,False,False,False,True,False,2.25903115383,-0.753998057313,0.53,0,America/Bogota,2025-09-03T20:00:00+00:00
4,5898,2025-09-03T17:00:00-05:00,Cali,3.4516,-76.532,26,65,0,10,122.33,True,32178,2025,9,3,17,,VALID,True,wind_speed_kmh,False,False,False,True,False,1.42435679563,-0.34283013161,0.65,0,America/Bogota,2025-09-03T22:00:00+00:00
4,5919,2025-09-04T14:00:00-05:00,Cali,3.4516,-76.532,27.4,54,0,1.4,118.66,True,32199,2025,9,4,14,,VALID,False,,False,False,False,False,False,1.93241944845,-0.645232193199,0.54,0,America/Bogota,2025-09-04T19:00:00+00:00
4,5934,2025-09-05T05:00:00-05:00,Cali,3.4516,-76.532,18.5,87,0.1,3.1,123.44,True,32214,2025,9,5,5,,VALID,False,,False,False,False,False,False,-1.29740741588,-0.251367927697,0.87,0.0953101798043,America/Bogota,2025-09-05T10:00:00+00:00
4,5978,2025-09-07T01:00:00-05:00,Cali,3.4516,-76.532,19.1,98,0.4,1.3,126.27,True,32258,2025,9,7,1,,VALID,False,,False,False,False,False,False,-1.07966627896,-0.0181805069078,0.98,0.336472236621,America/Bogota,2025-09-07T06:00:00+00:00
4,6031,2025-09-09T06:00:00-05:00,Cali,3.4516,-76.532,19.1,89,0,1.8,118.41,True,32311,2025,9,9,6,,VALID,False,,False,False,False,False,False,-1.07966627896,-0.665831788675,0.89,0,America/Bogota,2025-09-09T11:00:00+00:00
4,6046,2025-09-09T21:00:00-05:00,Cali,3.4516,-76.532,22.6,82,0,8.8,152.21,True,32326,2025,9,9,21,,VALID,True,wind_speed_kmh,False,False,False,True,False,0.19049035308,2.11923351969,0.82,0,America/Bogota,2025-09-10T02:00:00+00:00
4,6092,2025-09-11T19:00:00-05:00,Cali,3.4516,-76.532,22,84,0,2.8,146.7,True,32372,2025,9,11,19,,VALID,False,,False,False,False,False,False,-0.0272507838407,1.6652184354,0.84,0,America/Bogota,2025-09-12T00:00:00+00:00
4,6123,2025-09-13T02:00:00-05:00,Cali,3.4516,-76.532,21,92,0,2.3,118.55,True,32403,2025,9,13,2,,VALID,False,,False,False,False,False,False,-0.390152678709,-0.654296015208,0.92,0,America/Bogota,2025-09-13T07:00:00+00:00
4,6125,2025-09-13T04:00:00-05:00,Cali,3.4516,-76.532,20.1,91,0,3.1,125.08,True,32405,2025,9,13,4,,VALID,False,,False,False,False,False,False,-0.716764384091,-0.116234581374,0.91,0,America/Bogota,2025-09-13T09:00:00+00:00
4,6161,2025-09-14T16:00:00-05:00,Cali,3.4516,-76.532,27.4,57,0,18.1,124.94,True,32441,2025,9,14,16,,VALID,True,wind_speed_kmh,False,False,False,True,False,1.93241944845,-0.12777035484,0.57,0,America/Bogota,2025-09-14T21:00:00+00:00
4,6173,2025-09-15T04:00:00-05:00,Cali,3.4516,-76.532,20,80,0,1,122.34,True,32453,2025,9,15,4,,VALID,False,,False,False,False,False,False,-0.753054573578,-0.342006147791,0.8,0,America/Bogota,2025-09-15T09:00:00+00:00
4,6223,2025-09-17T06:00:00-05:00,Cali,3.4516,-76.532,18.5,92,0,0.7,116.8,True,32503,2025,9,17,6,,VALID,False,,False,False,False,False,False,-1.29740741588,-0.798493183541,0.92,0,America/Bogota,2025-09-17T11:00:00+00:00
4,6263,2025-09-18T22:00:00-05:00,Cali,3.4516,-76.532,19.5,95,0,1.5,118.74,True,32543,2025,9,18,22,,VALID,False,,False,False,False,False,False,-0.934505521012,-0.638640322647,0.95,0,America/Bogota,2025-09-19T03:00:00+00:00
4,6281,2025-09-19T16:00:00-05:00,Cali,3.4516,-76.532,25.3,70,2.6,2.1,114.61,True,32561,2025,9,19,16,,VALID,True,precipitation_mm,False,False,True,False,False,1.17032546923,-0.978945639911,0.7,1.28093384546,America/Bogota,2025-09-19T21:00:00+00:00
4,6286,2025-09-19T21:00:00-05:00,Cali,3.4516,-76.532,21.1,93,0,7.4,146.5,True,32566,2025,9,19,21,,VALID,False,,False,False,False,False,False,-0.353862489222,1.64873875901,0.93,0,America/Bogota,2025-09-20T02:00:00+00:00
4,6460,2025-09-27T03:00:00-05:00,Cali,3.4516,-76.532,19.7,95,1.5,1.8,126.44,True,32740,2025,9,27,3,,VALID,True,precipitation_mm,False,False,True,False,False,-0.861925142038,-0.00417278198406,0.95,0.916290731874,America/Bogota,2025-09-27T08:00:00+00:00
4,6539,2025-09-30T10:00:00-05:00,Cali,3.4516,-76.532,23.9,75,0.1,3.1,118.63,True,32819,2025,9,30,10,,VALID,False,,False,False,False,False,False,0.662262816409,-0.647704144656,0.75,0.0953101798043,America/Bogota,2025-09-30T15:00:00+00:00
4,6634,2025-10-04T09:00:00-05:00,Cali,3.4516,-76.532,22.3,71,0,3.8,142.93,True,32914,2025,10,4,9,,VALID,False,,False,False,False,False,False,0.0816197846198,1.35457653562,0.71,0,America/Bogota,2025-10-04T14:00:00+00:00
4,6654,2025-10-05T05:00:00-05:00,Cali,3.4516,-76.532,19.4,92,0.6,1.4,123.01,True,32934,2025,10,5,5,,VALID,True,precipitation_mm,False,False,True,False,False,-0.970795710499,-0.286799231916,0.92,0.470003629246,America/Bogota,2025-10-05T10:00:00+00:00
4,6718,2025-10-07T21:00:00-05:00,Cali,3.4516,-76.532,21.5,93,0,3,148.36,True,32998,2025,10,7,21,,VALID,False,,False,False,False,False,False,-0.208701731275,1.80199974936,0.93,0,America/Bogota,2025-10-08T02:00:00+00:00
4,6727,2025-10-08T06:00:00-05:00,Cali,3.4516,-76.532,19.2,93,0.3,0.7,122.24,True,33007,2025,10,8,6,,VALID,False,,False,False,False,False,False,-1.04337608947,-0.350245985982,0.93,0.262364264467,America/Bogota,2025-10-08T11:00:00+00:00
4,6803,2025-10-11T10:00:00-05:00,Cali,3.4516,-76.532,23.5,71,0.1,1.7,125.55,True,33083,2025,10,11,10,,VALID,False,,False,False,False,False,False,0.517102058462,-0.0775073418788,0.71,0.0953101798043,America/Bogota,2025-10-11T15:00:00+00:00
4,6828,2025-10-12T11:00:00-05:00,Cali,3.4516,-76.532,23.7,71,0,4.5,113.55,True,33108,2025,10,12,11,,VALID,False,,False,False,False,False,False,0.589682437436,-1.06628792473,0.71,0,America/Bogota,2025-10-12T16:00:00+00:00
4,6853,2025-10-13T12:00:00-05:00,Cali,3.4516,-76.532,25.8,66,0.1,4.4,116.52,True,33133,2025,10,13,12,,VALID,False,,False,False,False,False,False,1.35177641666,-0.821564730474,0.66,0.0953101798043,America/Bogota,2025-10-13T17:00:00+00:00
4,6903,2025-10-15T14:00:00-05:00,Cali,3.4516,-76.532,26.2,62,0,4.7,114.43,True,33183,2025,10,15,14,,VALID,False,,False,False,False,False,False,1.49693717461,-0.993777348654,0.62,0,America/Bogota,2025-10-15T19:00:00+00:00
4,6908,2025-10-15T19:00:00-05:00,Cali,3.4516,-76.532,21.9,85,0.8,3.6,145.42,True,33188,2025,10,15,19,,VALID,True,precipitation_mm,False,False,True,False,False,-0.0635409733275,1.55974850656,0.85,0.587786664902,America/Bogota,2025-10-16T00:00:00+00:00
4,6920,2025-10-16T07:00:00-05:00,Cali,3.4516,-76.532,20.3,88,0,2.9,134.73,True,33200,2025,10,16,7,,VALID,False,,False,False,False,False,False,-0.644184005117,0.678909804002,0.88,0,America/Bogota,2025-10-16T12:00:00+00:00
4,6935,2025-10-16T22:00:00-05:00,Cali,3.4516,-76.532,21.2,92,0,1.4,120.56,True,33215,2025,10,16,22,,VALID,False,,False,False,False,False,False,-0.317572299735,-0.488675267581,0.92,0,America/Bogota,2025-10-17T03:00:00+00:00
4,6977,2025-10-18T16:00:00-05:00,Cali,3.4516,-76.532,24.9,69,0,2.5,123.61,True,33257,2025,10,18,16,,VALID,False,,False,False,False,False,False,1.02516471128,-0.237360202773,0.69,0,America/Bogota,2025-10-18T21:00:00+00:00
4,7076,2025-10-22T19:00:00-05:00,Cali,3.4516,-76.532,22,91,4,5.4,141.62,True,33356,2025,10,22,19,,VALID,True,precipitation_mm,False,False,True,False,False,-0.0272507838407,1.24663465532,0.91,1.60943791243,America/Bogota,2025-10-23T00:00:00+00:00
4,7079,2025-10-22T22:00:00-05:00,Cali,3.4516,-76.532,20.8,98,0.4,2.7,118.54,True,33359,2025,10,22,22,,VALID,False,,False,False,False,False,False,-0.462733057683,-0.655119999027,0.98,0.336472236621,America/Bogota,2025-10-23T03:00:00+00:00
4,7092,2025-10-23T11:00:00-05:00,Cali,3.4516,-76.532,27.1,59,0,4.4,115.59,True,33372,2025,10,23,11,,VALID,False,,False,False,False,False,False,1.82354887999,-0.898195225645,0.59,0,America/Bogota,2025-10-23T16:00:00+00:00
4,7156,2025-10-26T03:00:00-05:00,Cali,3.4516,-76.532,19.5,94,0.3,1.7,122.6,True,33436,2025,10,26,3,,VALID,False,,False,False,False,False,False,-0.934505521012,-0.320582568496,0.94,0.262364264467,America/Bogota,2025-10-26T08:00:00+00:00
4,7162,2025-10-26T09:00:00-05:00,Cali,3.4516,-76.532,22.8,80,0.1,2.4,135.18,True,33442,2025,10,26,9,,VALID,False,,False,False,False,False,False,0.263070732054,0.715989075859,0.8,0.0953101798043,America/Bogota,2025-10-26T14:00:00+00:00
4,7170,2025-10-26T17:00:00-05:00,Cali,3.4516,-76.532,24,71,0,1.3,124,True,33450,2025,10,26,17,,VALID,False,,False,False,False,False,False,0.698553005896,-0.20522483383,0.71,0,America/Bogota,2025-10-26T22:00:00+00:00
4,7215,2025-10-28T14:00:00-05:00,Cali,3.4516,-76.532,26.6,67,0,1.6,113.88,True,33495,2025,10,28,14,,VALID,False,,False,False,False,False,False,1.64209793255,-1.0390964587,0.67,0,America/Bogota,2025-10-28T19:00:00+00:00
4,7247,2025-10-29T22:00:00-05:00,Cali,3.4516,-76.532,21.8,91,0,5.2,112.81,True,33527,2025,10,29,22,,VALID,False,,False,False,False,False,False,-0.0998311628144,-1.12726272734,0.91,0,America/Bogota,2025-10-30T03:00:00+00:00
4,7336,2025-11-02T15:00:00-05:00,Cali,3.4516,-76.532,25.6,68,0,1.3,126.21,True,33616,2025,11,2,15,,VALID,False,,False,False,False,False,False,1.27919603769,-0.023124409822,0.68,0,America/Bogota,2025-11-02T20:00:00+00:00
4,7351,2025-11-03T06:00:00-05:00,Cali,3.4516,-76.532,19.7,98,0.4,1.9,121.21,True,33631,2025,11,3,6,,VALID,False,,False,False,False,False,False,-0.861925142038,-0.435116319343,0.98,0.336472236621,America/Bogota,2025-11-03T11:00:00+00:00
4,7360,2025-11-03T15:00:00-05:00,Cali,3.4516,-76.532,24.5,71,0.1,1.1,116.26,True,33640,2025,11,3,15,,VALID,False,,False,False,False,False,False,0.88000395333,-0.842988309769,0.71,0.0953101798043,America/Bogota,2025-11-03T20:00:00+00:00
4,7362,2025-11-03T17:00:00-05:00,Cali,3.4516,-76.532,22.3,79,0,1.4,119.39,True,33642,2025,11,3,17,,VALID,False,,False,False,False,False,False,0.0816197846198,-0.585081374409,0.79,0,America/Bogota,2025-11-03T22:00:00+00:00
4,7383,2025-11-04T14:00:00-05:00,Cali,3.4516,-76.532,26.1,65,0,1,127.37,True,33663,2025,11,4,14,,VALID,False,,False,False,False,False,False,1.46064698512,0.0724577131869,0.65,0,America/Bogota,2025-11-04T19:00:00+00:00
4,7398,2025-11-05T05:00:00-05:00,Cali,3.4516,-76.532,19,96,0.1,1.1,121.98,True,33678,2025,11,5,5,,VALID,False,,False,False,False,False,False,-1.11595646845,-0.371669565277,0.96,0.0953101798043,America/Bogota,2025-11-05T10:00:00+00:00
4,7442,2025-11-07T01:00:00-05:00,Cali,3.4516,-76.532,20.5,97,0,1.3,116.64,True,33722,2025,11,7,1,,VALID,False,,False,False,False,False,False,-0.571603626143,-0.811676924645,0.97,0,America/Bogota,2025-11-07T06:00:00+00:00
4,7495,2025-11-09T06:00:00-05:00,Cali,3.4516,-76.532,19.5,93,1.5,1.8,122.5,True,33775,2025,11,9,6,,VALID,True,precipitation_mm,False,False,True,False,False,-0.934505521012,-0.328822406687,0.93,0.916290731874,America/Bogota,2025-11-09T11:00:00+00:00
4,7510,2025-11-09T21:00:00-05:00,Cali,3.4516,-76.532,21.6,89,1,3.3,133.11,True,33790,2025,11,9,21,,VALID,True,precipitation_mm,False,False,True,False,False,-0.172411541788,0.545424425317,0.89,0.69314718056,America/Bogota,2025-11-10T02:00:00+00:00
4,7556,2025-11-11T19:00:00-05:00,Cali,3.4516,-76.532,22,87,0.1,2.3,142.94,True,33836,2025,11,11,19,,VALID,False,,False,False,False,False,False,-0.0272507838407,1.35540051944,0.87,0.0953101798043,America/Bogota,2025-11-12T00:00:00+00:00
4,7587,2025-11-13T02:00:00-05:00,Cali,3.4516,-76.532,19.8,98,0,1.6,118.16,True,33867,2025,11,13,2,,VALID,False,,False,False,False,False,False,-0.825634952551,-0.686431384151,0.98,0,America/Bogota,2025-11-13T07:00:00+00:00
4,7589,2025-11-13T04:00:00-05:00,Cali,3.4516,-76.532,19.3,97,0.4,1.3,116.59,True,33869,2025,11,13,4,,VALID,False,,False,False,False,False,False,-1.00708589999,-0.815796843741,0.97,0.336472236621,America/Bogota,2025-11-13T09:00:00+00:00
4,7625,2025-11-14T16:00:00-05:00,Cali,3.4516,-76.532,24.2,65,0,2.1,124.56,True,33905,2025,11,14,16,,VALID,False,,False,False,False,False,False,0.77113338487,-0.159081739964,0.65,0,America/Bogota,2025-11-14T21:00:00+00:00
4,7637,2025-11-15T04:00:00-05:00,Cali,3.4516,-76.532,18.7,98,0,0,128.72,True,33917,2025,11,15,4,,VALID,False,,False,False,False,False,False,-1.22482703691,0.183695528758,0.98,0,America/Bogota,2025-11-15T09:00:00+00:00
4,7687,2025-11-17T06:00:00-05:00,Cali,3.4516,-76.532,19.6,97,0,2.6,121.29,True,33967,2025,11,17,6,,VALID,False,,False,False,False,False,False,-0.898215331525,-0.428524448791,0.97,0,America/Bogota,2025-11-17T11:00:00+00:00
4,7727,2025-11-18T22:00:00-05:00,Cali,3.4516,-76.532,20.7,97,0.1,0.8,115.09,True,34007,2025,11,18,22,,VALID,False,,False,False,False,False,False,-0.49902324717,-0.939394416597,0.97,0.0953101798043,America/Bogota,2025-11-19T03:00:00+00:00
4,7745,2025-11-19T16:00:00-05:00,Cali,3.4516,-76.532,25.2,64,0,4.5,113.88,True,34025,2025,11,19,16,,VALID,False,,False,False,False,False,False,1.13403527974,-1.0390964587,0.64,0,America/Bogota,2025-11-19T21:00:00+00:00
4,7750,2025-11-19T21:00:00-05:00,Cali,3.4516,-76.532,20.3,98,8.7,3.3,149.22,True,34030,2025,11,19,21,,VALID,True,precipitation_mm,False,False,True,False,False,-0.644184005117,1.87286235779,0.98,2.27212588551,America/Bogota,2025-11-20T02:00:00+00:00
4,7924,2025-11-27T03:00:00-05:00,Cali,3.4516,-76.532,19.9,95,0.1,4.4,117.1,True,34204,2025,11,27,3,,VALID,False,,False,False,False,False,False,-0.789344763064,-0.77377366897,0.95,0.0953101798043,America/Bogota,2025-11-27T08:00:00+00:00
4,8003,2025-11-30T10:00:00-05:00,Cali,3.4516,-76.532,21,92,0.3,0.8,117.7,True,34283,2025,11,30,10,,VALID,False,,False,False,False,False,False,-0.390152678709,-0.724334639827,0.92,0.262364264467,America/Bogota,2025-11-30T15:00:00+00:00
4,8098,2025-12-04T09:00:00-05:00,Cali,3.4516,-76.532,22.8,78,0,4.8,134.86,True,34378,2025,12,4,9,,VALID,False,,False,False,False,False,False,0.263070732054,0.68962159365,0.78,0,America/Bogota,2025-12-04T14:00:00+00:00
4,8118,2025-12-05T05:00:00-05:00,Cali,3.4516,-76.532,19.2,100,0.2,2.2,125.29,True,34398,2025,12,5,5,,VALID,False,,False,False,False,False,False,-1.04337608947,-0.0989309211739,1,0.182321556794,America/Bogota,2025-12-05T10:00:00+00:00
4,8182,2025-12-07T21:00:00-05:00,Cali,3.4516,-76.532,21.8,84,0,7.1,151.75,True,34462,2025,12,7,21,,VALID,False,,False,False,False,False,False,-0.0998311628144,2.08133026401,0.84,0,America/Bogota,2025-12-08T02:00:00+00:00
4,8191,2025-12-08T06:00:00-05:00,Cali,3.4516,-76.532,19,92,0,2.2,126.42,True,34471,2025,12,8,6,,VALID,False,,False,False,False,False,False,-1.11595646845,-0.00582074962214,0.92,0,America/Bogota,2025-12-08T11:00:00+00:00
4,8267,2025-12-11T10:00:00-05:00,Cali,3.4516,-76.532,24.4,68,0,1.6,119.33,True,34547,2025,12,11,10,,VALID,False,,False,False,False,False,False,0.843713763844,-0.590025277323,0.68,0,America/Bogota,2025-12-11T15:00:00+00:00
4,8292,2025-12-12T11:00:00-05:00,Cali,3.4516,-76.532,25.5,69,0.2,3.6,119.85,True,34572,2025,12,12,11,,VALID,False,,False,False,False,False,False,1.2429058482,-0.547178118733,0.69,0.182321556794,America/Bogota,2025-12-12T16:00:00+00:00
4,8317,2025-12-13T12:00:00-05:00,Cali,3.4516,-76.532,27,60,0,3.5,125.11,True,34597,2025,12,13,12,,VALID,False,,False,False,False,False,False,1.7872586905,-0.113762629917,0.6,0,America/Bogota,2025-12-13T17:00:00+00:00
4,8367,2025-12-15T14:00:00-05:00,Cali,3.4516,-76.532,26.5,60,0.1,7,123.02,True,34647,2025,12,15,14,,VALID,False,,False,False,False,False,False,1.60580774307,-0.285975248097,0.6,0.0953101798043,America/Bogota,2025-12-15T19:00:00+00:00
4,8372,2025-12-15T19:00:00-05:00,Cali,3.4516,-76.532,21.1,92,0,2.6,138.2,True,34652,2025,12,15,19,,VALID,False,,False,False,False,False,False,-0.353862489222,0.96483218921,0.92,0,America/Bogota,2025-12-16T00:00:00+00:00
4,8384,2025-12-16T07:00:00-05:00,Cali,3.4516,-76.532,20.1,94,0,2.3,130.2,True,34664,2025,12,16,7,,VALID,False,,False,False,False,False,False,-0.716764384091,0.305645133976,0.94,0,America/Bogota,2025-12-16T12:00:00+00:00
4,8399,2025-12-16T22:00:00-05:00,Cali,3.4516,-76.532,21.4,90,0.3,0.2,113.88,True,34679,2025,12,16,22,,VALID,False,,False,False,False,False,False,-0.244991920762,-1.0390964587,0.9,0.262364264467,America/Bogota,2025-12-17T03:00:00+00:00
4,8441,2025-12-18T16:00:00-05:00,Cali,3.4516,-76.532,23.8,75,1.5,2.3,124.08,True,34721,2025,12,18,16,,VALID,True,precipitation_mm,False,False,True,False,False,0.625972626923,-0.198632963278,0.75,0.916290731874,America/Bogota,2025-12-18T21:00:00+00:00
4,8540,2025-12-22T19:00:00-05:00,Cali,3.4516,-76.532,21.7,86,0,5.7,139.13,True,34820,2025,12,22,19,,VALID,False,,False,False,False,False,False,-0.136121352301,1.04146268438,0.86,0,America/Bogota,2025-12-23T00:00:00+00:00
4,8543,2025-12-22T22:00:00-05:00,Cali,3.4516,-76.532,20.9,88,0,3.9,111.15,True,34823,2025,12,22,22,,VALID,False,,False,False,False,False,False,-0.426442868196,-1.2640440413,0.88,0,America/Bogota,2025-12-23T03:00:00+00:00
4,8556,2025-12-23T11:00:00-05:00,Cali,3.4516,-76.532,25.3,72,0.1,2.4,114.44,True,34836,2025,12,23,11,,VALID,False,,False,False,False,False,False,1.17032546923,-0.992953364835,0.72,0.0953101798043,America/Bogota,2025-12-23T16:00:00+00:00
4,8620,2025-12-26T03:00:00-05:00,Cali,3.4516,-76.532,17.4,89,0,1.7,129,True,34900,2025,12,26,3,,VALID,False,,False,False,False,False,False,-1.69659950024,0.206767075691,0.89,0,America/Bogota,2025-12-26T08:00:00+00:00
4,8626,2025-12-26T09:00:00-05:00,Cali,3.4516,-76.532,21.4,80,0,3.1,126.08,True,34906,2025,12,26,9,,VALID,False,,False,False,False,False,False,-0.244991920762,-0.0338361994696,0.8,0,America/Bogota,2025-12-26T14:00:00+00:00
4,8634,2025-12-26T17:00:00-05:00,Cali,3.4516,-76.532,23.9,71,0,7.5,112.79,True,34914,2025,12,26,17,,VALID,False,,False,False,False,False,False,0.662262816409,-1.12891069498,0.71,0,America/Bogota,2025-12-26T22:00:00+00:00
4,8679,2025-12-28T14:00:00-05:00,Cali,3.4516,-76.532,27,59,0,2.9,105.69,True,34959,2025,12,28,14,,VALID,False,,False,False,False,False,False,1.7872586905,-1.7139392065,0.59,0,America/Bogota,2025-12-28T19:00:00+00:00
4,8711,2025-12-29T22:00:00-05:00,Cali,3.4516,-76.532,21.8,87,0.1,6.3,108.51,True,34991,2025,12,29,22,,VALID,False,,False,False,False,False,False,-0.0998311628144,-1.48157576953,0.87,0.0953101798043,America/Bogota,2025-12-30T03:00:00+00:00
5,82,2025-01-04T09:00:00-05:00,Medellin,6.2442,-75.5812,20.8,82,0.1,1,124.58,True,35122,2025,1,4,9,,VALID,False,,False,False,False,False,False,0.0242178386917,0.165092420388,0.82,0.0953101798043,America/Bogota,2025-01-04T14:00:00+00:00
5,102,2025-01-05T05:00:00-05:00,Medellin,6.2442,-75.5812,16.6,100,0,0,126.63,True,35142,2025,1,5,5,,VALID,False,,False,False,False,False,False,-1.14326476239,0.337908037893,1,0,America/Bogota,2025-01-05T10:00:00+00:00
5,166,2025-01-07T21:00:00-05:00,Medellin,6.2442,-75.5812,17.5,100,0,0.7,140.15,True,35206,2025,1,7,21,,VALID,False,,False,False,False,False,False,-0.8930899193,1.47764811041,1,0,America/Bogota,2025-01-08T02:00:00+00:00
5,175,2025-01-08T06:00:00-05:00,Medellin,6.2442,-75.5812,17.1,100,0,4,110.54,True,35215,2025,1,8,6,,VALID,False,,False,False,False,False,False,-1.00427873845,-1.01848380877,1,0,America/Bogota,2025-01-08T11:00:00+00:00
5,251,2025-01-11T10:00:00-05:00,Medellin,6.2442,-75.5812,24.2,64,0,6,111.54,True,35291,2025,1,11,10,,VALID,False,,False,False,False,False,False,0.969322801471,-0.934183507545,0.64,0,America/Bogota,2025-01-11T15:00:00+00:00
5,276,2025-01-12T11:00:00-05:00,Medellin,6.2442,-75.5812,25.6,57,0,7.9,118.18,True,35316,2025,1,12,11,,VALID,False,,False,False,False,False,False,1.3584836685,-0.374429507432,0.57,0,America/Bogota,2025-01-12T16:00:00+00:00
5,301,2025-01-13T12:00:00-05:00,Medellin,6.2442,-75.5812,26.2,52,0.1,7.4,127.09,True,35341,2025,1,13,12,,VALID,False,,False,False,False,False,False,1.52526689722,0.376686176455,0.52,0.0953101798043,America/Bogota,2025-01-13T17:00:00+00:00
5,351,2025-01-15T14:00:00-05:00,Medellin,6.2442,-75.5812,27.1,42,0,11.7,120.6,True,35391,2025,1,15,14,,VALID,True,wind_speed_kmh,False,False,False,True,False,1.77544174031,-0.170422778475,0.42,0,America/Bogota,2025-01-15T19:00:00+00:00
5,356,2025-01-15T19:00:00-05:00,Medellin,6.2442,-75.5812,20.9,77,0.1,6.1,141.47,True,35396,2025,1,15,19,,VALID,False,,False,False,False,False,False,0.0520150434793,1.58892450803,0.77,0.0953101798043,America/Bogota,2025-01-16T00:00:00+00:00
5,368,2025-01-16T07:00:00-05:00,Medellin,6.2442,-75.5812,15.9,92,0,1.9,132.4,True,35408,2025,1,16,7,,VALID,False,,False,False,False,False,False,-1.3378451959,0.824320775943,0.92,0,America/Bogota,2025-01-16T12:00:00+00:00
5,383,2025-01-16T22:00:00-05:00,Medellin,6.2442,-75.5812,18.1,88,0,1,107.11,True,35423,2025,1,16,22,,VALID,False,,False,False,False,False,False,-0.726306690574,-1.30763384196,0.88,0,America/Bogota,2025-01-17T03:00:00+00:00
5,425,2025-01-18T16:00:00-05:00,Medellin,6.2442,-75.5812,26.5,43,0,11.2,112.21,True,35465,2025,1,18,16,,VALID,True,wind_speed_kmh,False,False,False,True,False,1.60865851159,-0.877702305727,0.43,0,America/Bogota,2025-01-18T21:00:00+00:00
5,524,2025-01-22T19:00:00-05:00,Medellin,6.2442,-75.5812,21.8,64,0,6.7,136.59,True,35564,2025,1,22,19,,VALID,False,,False,False,False,False,False,0.302189886568,1.17753903806,0.64,0,America/Bogota,2025-01-23T00:00:00+00:00
5,527,2025-01-22T22:00:00-05:00,Medellin,6.2442,-75.5812,19.2,92,0,4.4,122.96,True,35567,2025,1,22,22,,VALID,False,,False,False,False,False,False,-0.42053743791,0.0285259324083,0.92,0,America/Bogota,2025-01-23T03:00:00+00:00
5,540,2025-01-23T11:00:00-05:00,Medellin,6.2442,-75.5812,25.8,41,0,9.1,111.7,True,35580,2025,1,23,11,,VALID,False,,False,False,False,False,False,1.41407807807,-0.92069545935,0.41,0,America/Bogota,2025-01-23T16:00:00+00:00
5,604,2025-01-26T03:00:00-05:00,Medellin,6.2442,-75.5812,16.7,99,0.1,3.4,115.08,True,35644,2025,1,26,3,,VALID,False,,False,False,False,False,False,-1.1154675576,-0.63576044122,0.99,0.0953101798043,America/Bogota,2025-01-26T08:00:00+00:00
5,610,2025-01-26T09:00:00-05:00,Medellin,6.2442,-75.5812,22.5,70,0,5.6,130.88,True,35650,2025,1,26,9,,VALID,False,,False,False,False,False,False,0.496770320081,0.696184318086,0.7,0,America/Bogota,2025-01-26T14:00:00+00:00
5,618,2025-01-26T17:00:00-05:00,Medellin,6.2442,-75.5812,25.8,49,0,9.9,117.67,True,35658,2025,1,26,17,,VALID,False,,False,False,False,False,False,1.41407807807,-0.417422661055,0.49,0,America/Bogota,2025-01-26T22:00:00+00:00
5,663,2025-01-28T14:00:00-05:00,Medellin,6.2442,-75.5812,28.1,41,0.1,9.2,114.7,True,35703,2025,1,28,14,,VALID,False,,False,False,False,False,False,2.05341378819,-0.667794555684,0.41,0.0953101798043,America/Bogota,2025-01-28T19:00:00+00:00
5,695,2025-01-29T22:00:00-05:00,Medellin,6.2442,-75.5812,19.8,93,0,5,108.93,True,35735,2025,1,29,22,,VALID,False,,False,False,False,False,False,-0.253754209185,-1.15420729373,0.93,0,America/Bogota,2025-01-30T03:00:00+00:00
5,799,2025-02-03T06:00:00-05:00,Medellin,6.2442,-75.5812,17.4,96,0,2.7,123.62,True,35839,2025,2,3,6,,VALID,False,,False,False,False,False,False,-0.920887124088,0.0841641312148,0.96,0,America/Bogota,2025-02-03T11:00:00+00:00
5,808,2025-02-03T15:00:00-05:00,Medellin,6.2442,-75.5812,23.5,67,0.1,5.1,105.53,True,35848,2025,2,3,15,,VALID,False,,False,False,False,False,False,0.774742367958,-1.44082831789,0.67,0.0953101798043,America/Bogota,2025-02-03T20:00:00+00:00
5,826,2025-02-04T09:00:00-05:00,Medellin,6.2442,-75.5812,21.1,80,0,5.2,128.39,True,35866,2025,2,4,9,,VALID,False,,False,False,False,False,False,0.107609453055,0.486276568043,0.8,0,America/Bogota,2025-02-04T14:00:00+00:00
5,835,2025-02-04T18:00:00-05:00,Medellin,6.2442,-75.5812,21.5,87,0,0.9,133.32,True,35875,2025,2,4,18,,VALID,False,,False,False,False,False,False,0.218798272205,0.901877053067,0.87,0,America/Bogota,2025-02-04T23:00:00+00:00
5,900,2025-02-07T11:00:00-05:00,Medellin,6.2442,-75.5812,25.8,58,0.1,6,107.4,True,35940,2025,2,7,11,,VALID,False,,False,False,False,False,False,1.41407807807,-1.2831867546,0.58,0.0953101798043,America/Bogota,2025-02-07T16:00:00+00:00
5,903,2025-02-07T14:00:00-05:00,Medellin,6.2442,-75.5812,23,73,10.8,4.4,116.81,True,35943,2025,2,7,14,,VALID,True,precipitation_mm,False,False,True,False,False,0.635756344019,-0.489920920106,0.73,2.46809953147,America/Bogota,2025-02-07T19:00:00+00:00
5,944,2025-02-09T07:00:00-05:00,Medellin,6.2442,-75.5812,17.8,98,0,4.8,142.54,True,35984,2025,2,9,7,,VALID,False,,False,False,False,False,False,-0.809698304937,1.67912583033,0.98,0,America/Bogota,2025-02-09T12:00:00+00:00
5,956,2025-02-09T19:00:00-05:00,Medellin,6.2442,-75.5812,19.4,95,0.2,0.9,152.81,True,35996,2025,2,9,19,,VALID,True,energy_kwh,False,False,False,False,True,-0.364943028335,2.54488992388,0.95,0.182321556794,America/Bogota,2025-02-10T00:00:00+00:00
5,966,2025-02-10T05:00:00-05:00,Medellin,6.2442,-75.5812,16.3,98,0,1.5,111.26,True,36006,2025,2,10,5,,VALID,False,,False,False,False,False,False,-1.22665637675,-0.957787591888,0.98,0,America/Bogota,2025-02-10T10:00:00+00:00
5,1009,2025-02-12T00:00:00-05:00,Medellin,6.2442,-75.5812,17.8,98,0.2,0.6,121.47,True,36049,2025,2,12,0,,VALID,False,,False,False,False,False,False,-0.809698304937,-0.0970815164123,0.98,0.182321556794,America/Bogota,2025-02-12T05:00:00+00:00
5,1020,2025-02-12T11:00:00-05:00,Medellin,6.2442,-75.5812,24.6,62,0.3,2.8,118.01,True,36060,2025,2,12,11,,VALID,True,precipitation_mm,False,False,True,False,False,1.08051162062,-0.38876055864,0.62,0.262364264467,America/Bogota,2025-02-12T16:00:00+00:00
5,1044,2025-02-13T11:00:00-05:00,Medellin,6.2442,-75.5812,25.1,57,0,3.1,115.7,True,36084,2025,2,13,11,,VALID,False,,False,False,False,False,False,1.21949764456,-0.583494254462,0.57,0,America/Bogota,2025-02-13T16:00:00+00:00
5,1055,2025-02-13T22:00:00-05:00,Medellin,6.2442,-75.5812,17.4,100,0,0.9,109.49,True,36095,2025,2,13,22,,VALID,False,,False,False,False,False,False,-0.920887124088,-1.10699912505,1,0,America/Bogota,2025-02-14T03:00:00+00:00
5,1099,2025-02-15T18:00:00-05:00,Medellin,6.2442,-75.5812,19.2,91,0.3,2.2,150.48,True,36139,2025,2,15,18,,VALID,True,precipitation_mm,False,False,True,False,False,-0.42053743791,2.34847022203,0.91,0.262364264467,America/Bogota,2025-02-15T23:00:00+00:00
5,1106,2025-02-16T01:00:00-05:00,Medellin,6.2442,-75.5812,17.4,100,0,0.8,121.71,True,36146,2025,2,16,1,,VALID,False,,False,False,False,False,False,-0.920887124088,-0.076849444119,1,0,America/Bogota,2025-02-16T06:00:00+00:00
5,1107,2025-02-16T02:00:00-05:00,Medellin,6.2442,-75.5812,17.1,99,0,0.7,110.08,True,36147,2025,2,16,2,,VALID,False,,False,False,False,False,False,-1.00427873845,-1.05726194733,0.99,0,America/Bogota,2025-02-16T07:00:00+00:00
5,1226,2025-02-21T01:00:00-05:00,Medellin,6.2442,-75.5812,17.7,100,0,0.4,120.16,True,36266,2025,2,21,1,,VALID,False,,False,False,False,False,False,-0.837495509725,-0.207514911013,1,0,America/Bogota,2025-02-21T06:00:00+00:00
5,1289,2025-02-23T16:00:00-05:00,Medellin,6.2442,-75.5812,23.5,71,0.4,4.4,123.99,True,36329,2025,2,23,16,,VALID,True,precipitation_mm,False,False,True,False,False,0.774742367958,0.115355242667,0.71,0.336472236621,America/Bogota,2025-02-23T21:00:00+00:00
5,1347,2025-02-26T02:00:00-05:00,Medellin,6.2442,-75.5812,17.3,99,0,1.5,119.68,True,36387,2025,2,26,2,,VALID,False,,False,False,False,False,False,-0.948684328875,-0.247979055599,0.99,0,America/Bogota,2025-02-26T07:00:00+00:00
5,1384,2025-02-27T15:00:00-05:00,Medellin,6.2442,-75.5812,23,76,0.3,2.2,110.9,True,36424,2025,2,27,15,,VALID,True,precipitation_mm,False,False,True,False,False,0.635756344019,-0.988135700327,0.76,0.262364264467,America/Bogota,2025-02-27T20:00:00+00:00
5,1498,2025-03-04T09:00:00-05:00,Medellin,6.2442,-75.5812,21.9,80,0.1,3.5,119.46,True,36538,2025,3,4,9,,VALID,False,,False,False,False,False,False,0.329987091356,-0.266525121868,0.8,0.0953101798043,America/Bogota,2025-03-04T14:00:00+00:00
5,1518,2025-03-05T05:00:00-05:00,Medellin,6.2442,-75.5812,16.1,100,0,0.2,127.59,True,36558,2025,3,5,5,,VALID,False,,False,False,False,False,False,-1.28225078633,0.418836327066,1,0,America/Bogota,2025-03-05T10:00:00+00:00
5,1582,2025-03-07T21:00:00-05:00,Medellin,6.2442,-75.5812,18.7,98,0,5.9,143.2,True,36622,2025,3,7,21,,VALID,False,,False,False,False,False,False,-0.559523461848,1.73476402914,0.98,0,America/Bogota,2025-03-08T02:00:00+00:00
5,1591,2025-03-08T06:00:00-05:00,Medellin,6.2442,-75.5812,17,96,0,2.7,110.05,True,36631,2025,3,8,6,,VALID,False,,False,False,False,False,False,-1.03207594324,-1.05979095637,0.96,0,America/Bogota,2025-03-08T11:00:00+00:00
5,1667,2025-03-11T10:00:00-05:00,Medellin,6.2442,-75.5812,23.9,66,0.1,4.1,114.46,True,36707,2025,3,11,10,,VALID,False,,False,False,False,False,False,0.885931187108,-0.688026627978,0.66,0.0953101798043,America/Bogota,2025-03-11T15:00:00+00:00
5,1692,2025-03-12T11:00:00-05:00,Medellin,6.2442,-75.5812,25.5,59,0.4,5.5,106.89,True,36732,2025,3,12,11,,VALID,True,precipitation_mm,False,False,True,False,False,1.33068646371,-1.32617990823,0.59,0.336472236621,America/Bogota,2025-03-12T16:00:00+00:00
5,1717,2025-03-13T12:00:00-05:00,Medellin,6.2442,-75.5812,27,55,0.1,3.7,114.86,True,36757,2025,3,13,12,,VALID,False,,False,False,False,False,False,1.74764453552,-0.654306507489,0.55,0.0953101798043,America/Bogota,2025-03-13T17:00:00+00:00
5,1767,2025-03-15T14:00:00-05:00,Medellin,6.2442,-75.5812,26.6,49,0.7,4.5,110.82,True,36807,2025,3,15,14,,VALID,True,precipitation_mm,False,False,True,False,False,1.63645571637,-0.994879724425,0.49,0.530628251062,America/Bogota,2025-03-15T19:00:00+00:00
5,1772,2025-03-15T19:00:00-05:00,Medellin,6.2442,-75.5812,19.5,94,0,1.8,143.17,True,36812,2025,3,15,19,,VALID,False,,False,False,False,False,False,-0.337145823547,1.7322350201,0.94,0,America/Bogota,2025-03-16T00:00:00+00:00
5,1784,2025-03-16T07:00:00-05:00,Medellin,6.2442,-75.5812,17.4,98,0,3.6,128.58,True,36824,2025,3,16,7,,VALID,False,,False,False,False,False,False,-0.920887124088,0.502293625275,0.98,0,America/Bogota,2025-03-16T12:00:00+00:00
5,1799,2025-03-16T22:00:00-05:00,Medellin,6.2442,-75.5812,18.4,100,0,3.3,112.67,True,36839,2025,3,16,22,,VALID,False,,False,False,False,False,False,-0.642915076211,-0.838924167165,1,0,America/Bogota,2025-03-17T03:00:00+00:00
5,1841,2025-03-18T16:00:00-05:00,Medellin,6.2442,-75.5812,21.5,81,0.5,5.5,107.84,True,36881,2025,3,18,16,,VALID,True,precipitation_mm,False,False,True,False,False,0.218798272205,-1.24609462207,0.81,0.405465108108,America/Bogota,2025-03-18T21:00:00+00:00
5,1940,2025-03-22T19:00:00-05:00,Medellin,6.2442,-75.5812,22.9,76,0,1.3,133.77,True,36980,2025,3,22,19,,VALID,False,,False,False,False,False,False,0.607959139232,0.939812188617,0.76,0,America/Bogota,2025-03-23T00:00:00+00:00
5,1943,2025-03-22T22:00:00-05:00,Medellin,6.2442,-75.5812,19.5,89,0,3.6,107.12,True,36983,2025,3,22,22,,VALID,False,,False,False,False,False,False,-0.337145823547,-1.30679083895,0.89,0,America/Bogota,2025-03-23T03:00:00+00:00
5,1956,2025-03-23T11:00:00-05:00,Medellin,6.2442,-75.5812,27.3,51,0.1,9.2,112.72,True,36996,2025,3,23,11,,VALID,False,,False,False,False,False,False,1.83103614989,-0.834709152104,0.51,0.0953101798043,America/Bogota,2025-03-23T16:00:00+00:00
5,2020,2025-03-26T03:00:00-05:00,Medellin,6.2442,-75.5812,18,99,0.2,2,119.5,True,37060,2025,3,26,3,,VALID,False,,False,False,False,False,False,-0.754103895362,-0.263153109819,0.99,0.182321556794,America/Bogota,2025-03-26T08:00:00+00:00
5,2026,2025-03-26T09:00:00-05:00,Medellin,6.2442,-75.5812,22.6,78,0.1,6.1,118.3,True,37066,2025,3,26,9,,VALID,False,,False,False,False,False,False,0.524567524869,-0.364313471286,0.78,0.0953101798043,America/Bogota,2025-03-26T14:00:00+00:00
5,2034,2025-03-26T17:00:00-05:00,Medellin,6.2442,-75.5812,21.4,86,0.4,1.1,109,True,37074,2025,3,26,17,,VALID,True,precipitation_mm,False,False,True,False,False,0.191001067417,-1.14830627265,0.86,0.336472236621,America/Bogota,2025-03-26T22:00:00+00:00
5,2079,2025-03-28T14:00:00-05:00,Medellin,6.2442,-75.5812,22.2,82,1,1.6,98.93,True,37119,2025,3,28,14,,VALID,True,precipitation_mm,False,False,True,False,False,0.413378705718,-1.99721030595,0.82,0.69314718056,America/Bogota,2025-03-28T19:00:00+00:00
5,2111,2025-03-29T22:00:00-05:00,Medellin,6.2442,-75.5812,18.5,98,0,0.4,118.04,True,37151,2025,3,29,22,,VALID,False,,False,False,False,False,False,-0.615117871424,-0.386231549603,0.98,0,America/Bogota,2025-03-30T03:00:00+00:00
5,2200,2025-04-02T15:00:00-05:00,Medellin,6.2442,-75.5812,24.6,71,2.8,5.8,111.18,True,37240,2025,4,2,15,,VALID,True,precipitation_mm,False,False,True,False,False,1.08051162062,-0.964531615985,0.71,1.33500106673,America/Bogota,2025-04-02T20:00:00+00:00
5,2215,2025-04-03T06:00:00-05:00,Medellin,6.2442,-75.5812,17.3,99,0,2.3,112.65,True,37255,2025,4,3,6,,VALID,False,,False,False,False,False,False,-0.948684328875,-0.840610173189,0.99,0,America/Bogota,2025-04-03T11:00:00+00:00
5,2224,2025-04-03T15:00:00-05:00,Medellin,6.2442,-75.5812,23.8,75,0.1,5.2,108.54,True,37264,2025,4,3,15,,VALID,False,,False,False,False,False,False,0.85813398232,-1.18708441121,0.75,0.0953101798043,America/Bogota,2025-04-03T20:00:00+00:00
5,2226,2025-04-03T17:00:00-05:00,Medellin,6.2442,-75.5812,21.7,84,0.1,1.5,111.85,True,37266,2025,4,3,17,,VALID,False,,False,False,False,False,False,0.27439268178,-0.908050414167,0.84,0.0953101798043,America/Bogota,2025-04-03T22:00:00+00:00
5,2247,2025-04-04T14:00:00-05:00,Medellin,6.2442,-75.5812,23.2,80,0.8,4.4,103.53,True,37287,2025,4,4,14,,VALID,True,precipitation_mm,False,False,True,False,False,0.691350753595,-1.60942892033,0.8,0.587786664902,America/Bogota,2025-04-04T19:00:00+00:00
5,2262,2025-04-05T05:00:00-05:00,Medellin,6.2442,-75.5812,17.1,100,0,0.8,113.45,True,37302,2025,4,5,5,,VALID,False,,False,False,False,False,False,-1.00427873845,-0.773169932212,1,0,America/Bogota,2025-04-05T10:00:00+00:00
5,2306,2025-04-07T01:00:00-05:00,Medellin,6.2442,-75.5812,17.4,100,0,1.9,114.69,True,37346,2025,4,7,1,,VALID,False,,False,False,False,False,False,-0.920887124088,-0.668637558697,1,0,America/Bogota,2025-04-07T06:00:00+00:00
5,2359,2025-04-09T06:00:00-05:00,Medellin,6.2442,-75.5812,17.2,96,0,1.5,125.05,True,37399,2025,4,9,6,,VALID,False,,False,False,False,False,False,-0.976481533663,0.204713561962,0.96,0,America/Bogota,2025-04-09T11:00:00+00:00
5,2374,2025-04-09T21:00:00-05:00,Medellin,6.2442,-75.5812,18.5,100,0,2.8,156.24,True,37414,2025,4,9,21,,VALID,True,energy_kwh,False,False,False,False,True,-0.615117871424,2.83403995707,1,0,America/Bogota,2025-04-10T02:00:00+00:00
5,2420,2025-04-11T19:00:00-05:00,Medellin,6.2442,-75.5812,20.2,89,0,2,124.78,True,37460,2025,4,11,19,,VALID,False,,False,False,False,False,False,-0.142565390034,0.181952480632,0.89,0,America/Bogota,2025-04-12T00:00:00+00:00
5,2451,2025-04-13T02:00:00-05:00,Medellin,6.2442,-75.5812,18,99,0,0.6,113.48,True,37491,2025,4,13,2,,VALID,False,,False,False,False,False,False,-0.754103895362,-0.770640923175,0.99,0,America/Bogota,2025-04-13T07:00:00+00:00
5,2453,2025-04-13T04:00:00-05:00,Medellin,6.2442,-75.5812,17.2,100,0,0.9,121.11,True,37493,2025,4,13,4,,VALID,False,,False,False,False,False,False,-0.976481533663,-0.127429624852,1,0,America/Bogota,2025-04-13T09:00:00+00:00
5,2489,2025-04-14T16:00:00-05:00,Medellin,6.2442,-75.5812,26.4,55,0.1,11.5,125.4,True,37529,2025,4,14,16,,VALID,True,wind_speed_kmh,False,False,False,True,False,1.5808613068,0.23421866739,0.55,0.0953101798043,America/Bogota,2025-04-14T21:00:00+00:00
5,2501,2025-04-15T04:00:00-05:00,Medellin,6.2442,-75.5812,18,99,0,1.5,119.82,True,37541,2025,4,15,4,,VALID,False,,False,False,False,False,False,-0.754103895362,-0.236177013428,0.99,0,America/Bogota,2025-04-15T09:00:00+00:00
5,2551,2025-04-17T06:00:00-05:00,Medellin,6.2442,-75.5812,17.9,100,0.1,4.1,107.02,True,37591,2025,4,17,6,,VALID,False,,False,False,False,False,False,-0.781901100149,-1.31522086907,1,0.0953101798043,America/Bogota,2025-04-17T11:00:00+00:00
5,2591,2025-04-18T22:00:00-05:00,Medellin,6.2442,-75.5812,19.7,99,0,4.9,109.05,True,37631,2025,4,18,22,,VALID,False,,False,False,False,False,False,-0.281551413972,-1.14409125759,0.99,0,America/Bogota,2025-04-19T03:00:00+00:00
5,2609,2025-04-19T16:00:00-05:00,Medellin,6.2442,-75.5812,27.9,47,0,6.8,124.69,True,37649,2025,4,19,16,,VALID,False,,False,False,False,False,False,1.99781937861,0.174365453522,0.47,0,America/Bogota,2025-04-19T21:00:00+00:00
5,2614,2025-04-19T21:00:00-05:00,Medellin,6.2442,-75.5812,20,95,0.3,3.7,139.06,True,37654,2025,4,19,21,,VALID,True,precipitation_mm,False,False,True,False,False,-0.198159799609,1.38576078208,0.95,0.262364264467,America/Bogota,2025-04-20T02:00:00+00:00
5,2788,2025-04-27T03:00:00-05:00,Medellin,6.2442,-75.5812,16.6,100,0,1.5,118.57,True,37828,2025,4,27,3,,VALID,False,,False,False,False,False,False,-1.14326476239,-0.341552389956,1,0,America/Bogota,2025-04-27T08:00:00+00:00
5,2867,2025-04-30T10:00:00-05:00,Medellin,6.2442,-75.5812,24.4,64,0,5.3,116.87,True,37907,2025,4,30,10,,VALID,False,,False,False,False,False,False,1.02491721105,-0.484862902033,0.64,0,America/Bogota,2025-04-30T15:00:00+00:00
5,2962,2025-05-04T09:00:00-05:00,Medellin,6.2442,-75.5812,22.4,80,0,4.3,127.08,True,38002,2025,5,4,9,,VALID,False,,False,False,False,False,False,0.468973115294,0.375843173442,0.8,0,America/Bogota,2025-05-04T14:00:00+00:00
5,2982,2025-05-05T05:00:00-05:00,Medellin,6.2442,-75.5812,17,100,0,1.4,127.39,True,38022,2025,5,5,5,,VALID,False,,False,False,False,False,False,-1.03207594324,0.401976266821,1,0,America/Bogota,2025-05-05T10:00:00+00:00
5,3046,2025-05-07T21:00:00-05:00,Medellin,6.2442,-75.5812,18.3,98,0.1,0.5,142.49,True,38086,2025,5,7,21,,VALID,False,,False,False,False,False,False,-0.670712280999,1.67491081527,0.98,0.0953101798043,America/Bogota,2025-05-08T02:00:00+00:00
5,3055,2025-05-08T06:00:00-05:00,Medellin,6.2442,-75.5812,16.4,99,0,1.3,116.55,True,38095,2025,5,8,6,,VALID,False,,False,False,False,False,False,-1.19885917196,-0.511838998424,0.99,0,America/Bogota,2025-05-08T11:00:00+00:00
5,3131,2025-05-11T10:00:00-05:00,Medellin,6.2442,-75.5812,25,58,0,9.9,118.79,True,38171,2025,5,11,10,,VALID,False,,False,False,False,False,False,1.19170043977,-0.323006323687,0.58,0,America/Bogota,2025-05-11T15:00:00+00:00
5,3156,2025-05-12T11:00:00-05:00,Medellin,6.2442,-75.5812,27,52,0,12.5,113.66,True,38196,2025,5,12,11,,VALID,True,wind_speed_kmh,False,False,False,True,False,1.74764453552,-0.755466868955,0.52,0,America/Bogota,2025-05-12T16:00:00+00:00
5,3181,2025-05-13T12:00:00-05:00,Medellin,6.2442,-75.5812,25.5,61,0.2,3.3,110.17,True,38221,2025,5,13,12,,VALID,False,,False,False,False,False,False,1.33068646371,-1.04967492022,0.61,0.182321556794,America/Bogota,2025-05-13T17:00:00+00:00
5,3231,2025-05-15T14:00:00-05:00,Medellin,6.2442,-75.5812,24.4,73,0.4,4,111.63,True,38271,2025,5,15,14,,VALID,True,precipitation_mm,False,False,True,False,False,1.02491721105,-0.926596480435,0.73,0.336472236621,America/Bogota,2025-05-15T19:00:00+00:00
5,3236,2025-05-15T19:00:00-05:00,Medellin,6.2442,-75.5812,19.2,98,0.1,2.7,147.26,True,38276,2025,5,15,19,,VALID,False,,False,False,False,False,False,-0.42053743791,2.0770232521,0.98,0.0953101798043,America/Bogota,2025-05-16T00:00:00+00:00
5,3248,2025-05-16T07:00:00-05:00,Medellin,6.2442,-75.5812,17.6,98,0,3.4,125.75,True,38288,2025,5,16,7,,VALID,False,,False,False,False,False,False,-0.865292714512,0.263723772817,0.98,0,America/Bogota,2025-05-16T12:00:00+00:00
5,3263,2025-05-16T22:00:00-05:00,Medellin,6.2442,-75.5812,18.3,100,0.1,1.8,118.08,True,38303,2025,5,16,22,,VALID,False,,False,False,False,False,False,-0.670712280999,-0.382859537554,1,0.0953101798043,America/Bogota,2025-05-17T03:00:00+00:00
5,3305,2025-05-18T16:00:00-05:00,Medellin,6.2442,-75.5812,22,82,0.3,3.5,127.18,True,38345,2025,5,18,16,,VALID,True,precipitation_mm,False,False,True,False,False,0.357784296143,0.384273203565,0.82,0.262364264467,America/Bogota,2025-05-18T21:00:00+00:00
5,3404,2025-05-22T19:00:00-05:00,Medellin,6.2442,-75.5812,20.7,87,0,4,147.55,True,38444,2025,5,22,19,,VALID,False,,False,False,False,False,False,-0.00357936609594,2.10147033945,0.87,0,America/Bogota,2025-05-23T00:00:00+00:00
5,3407,2025-05-22T22:00:00-05:00,Medellin,6.2442,-75.5812,17.9,99,0,2.5,120.91,True,38447,2025,5,22,22,,VALID,False,,False,False,False,False,False,-0.781901100149,-0.144289685097,0.99,0,America/Bogota,2025-05-23T03:00:00+00:00
5,3420,2025-05-23T11:00:00-05:00,Medellin,6.2442,-75.5812,27.8,57,0,5.5,126.91,True,38460,2025,5,23,11,,VALID,False,,False,False,False,False,False,1.97002217383,0.361512122235,0.57,0,America/Bogota,2025-05-23T16:00:00+00:00
5,3484,2025-05-26T03:00:00-05:00,Medellin,6.2442,-75.5812,16.7,100,0,1.4,126.52,True,38524,2025,5,26,3,,VALID,False,,False,False,False,False,False,-1.1154675576,0.328635004758,1,0,America/Bogota,2025-05-26T08:00:00+00:00
5,3490,2025-05-26T09:00:00-05:00,Medellin,6.2442,-75.5812,23.5,71,0.1,7.1,127.88,True,38530,2025,5,26,9,,VALID,False,,False,False,False,False,False,0.774742367958,0.44328341442,0.71,0.0953101798043,America/Bogota,2025-05-26T14:00:00+00:00
5,3498,2025-05-26T17:00:00-05:00,Medellin,6.2442,-75.5812,22.2,76,0.9,6.5,116.81,True,38538,2025,5,26,17,,VALID,True,precipitation_mm,False,False,True,False,False,0.413378705718,-0.489920920106,0.76,0.641853886172,America/Bogota,2025-05-26T22:00:00+00:00
5,3543,2025-05-28T14:00:00-05:00,Medellin,6.2442,-75.5812,27.7,48,0,13.7,118.49,True,38583,2025,5,28,14,,VALID,True,wind_speed_kmh,False,False,False,True,False,1.94222496904,-0.348296414053,0.48,0,America/Bogota,2025-05-28T19:00:00+00:00
5,3575,2025-05-29T22:00:00-05:00,Medellin,6.2442,-75.5812,20.4,89,0,0.9,109.21,True,38615,2025,5,29,22,,VALID,False,,False,False,False,False,False,-0.0869709804588,-1.13060320939,0.89,0,America/Bogota,2025-05-30T03:00:00+00:00
5,3664,2025-06-02T15:00:00-05:00,Medellin,6.2442,-75.5812,26.9,51,0.2,13.1,120.06,True,38704,2025,6,2,15,,VALID,True,wind_speed_kmh,False,False,False,True,False,1.71984733074,-0.215944941135,0.51,0.182321556794,America/Bogota,2025-06-02T20:00:00+00:00
5,3679,2025-06-03T06:00:00-05:00,Medellin,6.2442,-75.5812,15.4,100,0,0.4,116.74,True,38719,2025,6,3,6,,VALID,False,,False,False,False,False,False,-1.47683121984,-0.495821941192,1,0,America/Bogota,2025-06-03T11:00:00+00:00
5,3688,2025-06-03T15:00:00-05:00,Medellin,6.2442,-75.5812,26.8,49,0.1,6.6,120.5,True,38728,2025,6,3,15,,VALID,False,,False,False,False,False,False,1.69205012595,-0.178852808597,0.49,0.0953101798043,America/Bogota,2025-06-03T20:00:00+00:00
5,3690,2025-06-03T17:00:00-05:00,Medellin,6.2442,-75.5812,24.5,62,0.3,3.1,122.01,True,38730,2025,6,3,17,,VALID,True,precipitation_mm,False,False,True,False,False,1.05271441583,-0.0515593537525,0.62,0.262364264467,America/Bogota,2025-06-03T22:00:00+00:00
5,3711,2025-06-04T14:00:00-05:00,Medellin,6.2442,-75.5812,26.7,54,0.1,5.7,120.59,True,38751,2025,6,4,14,,VALID,False,,False,False,False,False,False,1.66425292116,-0.171265781488,0.54,0.0953101798043,America/Bogota,2025-06-04T19:00:00+00:00
5,3726,2025-06-05T05:00:00-05:00,Medellin,6.2442,-75.5812,17.2,99,0,2.9,126.1,True,38766,2025,6,5,5,,VALID,False,,False,False,False,False,False,-0.976481533663,0.293228878245,0.99,0,America/Bogota,2025-06-05T10:00:00+00:00
5,3770,2025-06-07T01:00:00-05:00,Medellin,6.2442,-75.5812,17.2,98,0,3,122.34,True,38810,2025,6,7,1,,VALID,False,,False,False,False,False,False,-0.976481533663,-0.0237402543492,0.98,0,America/Bogota,2025-06-07T06:00:00+00:00
5,3823,2025-06-09T06:00:00-05:00,Medellin,6.2442,-75.5812,16.4,99,0,1.1,118.86,True,38863,2025,6,9,6,,VALID,False,,False,False,False,False,False,-1.19885917196,-0.317105302601,0.99,0,America/Bogota,2025-06-09T11:00:00+00:00
5,3838,2025-06-09T21:00:00-05:00,Medellin,6.2442,-75.5812,19.2,96,0,0.4,142.29,True,38878,2025,6,9,21,,VALID,False,,False,False,False,False,False,-0.42053743791,1.65805075503,0.96,0,America/Bogota,2025-06-10T02:00:00+00:00
5,3884,2025-06-11T19:00:00-05:00,Medellin,6.2442,-75.5812,19.5,96,0.8,0.7,152.08,True,38924,2025,6,11,19,,VALID,True,precipitation_mm|energy_kwh,False,False,True,False,True,-0.337145823547,2.48335070399,0.96,0.587786664902,America/Bogota,2025-06-12T00:00:00+00:00
5,3915,2025-06-13T02:00:00-05:00,Medellin,6.2442,-75.5812,18.2,99,0.3,1.3,103.42,True,38955,2025,6,13,2,,VALID,True,precipitation_mm,False,False,True,False,False,-0.698509485787,-1.61870195347,0.99,0.262364264467,America/Bogota,2025-06-13T07:00:00+00:00
5,3917,2025-06-13T04:00:00-05:00,Medellin,6.2442,-75.5812,18,99,0.9,2.3,115.27,True,38957,2025,6,13,4,,VALID,True,precipitation_mm,False,False,True,False,False,-0.754103895362,-0.619743383988,0.99,0.641853886172,America/Bogota,2025-06-13T09:00:00+00:00
5,3953,2025-06-14T16:00:00-05:00,Medellin,6.2442,-75.5812,24.4,58,0,4.4,113.58,True,38993,2025,6,14,16,,VALID,False,,False,False,False,False,False,1.02491721105,-0.762210893053,0.58,0,America/Bogota,2025-06-14T21:00:00+00:00
5,3965,2025-06-15T04:00:00-05:00,Medellin,6.2442,-75.5812,17,99,0,1.6,116.83,True,39005,2025,6,15,4,,VALID,False,,False,False,False,False,False,-1.03207594324,-0.488234914082,0.99,0,America/Bogota,2025-06-15T09:00:00+00:00
5,4015,2025-06-17T06:00:00-05:00,Medellin,6.2442,-75.5812,15.9,100,0,2,121.09,True,39055,2025,6,17,6,,VALID,False,,False,False,False,False,False,-1.3378451959,-0.129115630877,1,0,America/Bogota,2025-06-17T11:00:00+00:00
5,4055,2025-06-18T22:00:00-05:00,Medellin,6.2442,-75.5812,19,83,0,2,118.24,True,39095,2025,6,18,22,,VALID,False,,False,False,False,False,False,-0.476131847486,-0.369371489359,0.83,0,America/Bogota,2025-06-19T03:00:00+00:00
5,4073,2025-06-19T16:00:00-05:00,Medellin,6.2442,-75.5812,26.2,50,0,11.5,115.99,True,39113,2025,6,19,16,,VALID,True,wind_speed_kmh,False,False,False,True,False,1.52526689722,-0.559047167108,0.5,0,America/Bogota,2025-06-19T21:00:00+00:00
5,4078,2025-06-19T21:00:00-05:00,Medellin,6.2442,-75.5812,19.1,96,0,5.9,140.03,True,39118,2025,6,19,21,,VALID,False,,False,False,False,False,False,-0.448334642698,1.46753207427,0.96,0,America/Bogota,2025-06-20T02:00:00+00:00
5,4252,2025-06-27T03:00:00-05:00,Medellin,6.2442,-75.5812,17,100,0,3.8,115.69,True,39292,2025,6,27,3,,VALID,False,,False,False,False,False,False,-1.03207594324,-0.584337257475,1,0,America/Bogota,2025-06-27T08:00:00+00:00
5,4331,2025-06-30T10:00:00-05:00,Medellin,6.2442,-75.5812,25.6,56,0,7.7,126.59,True,39371,2025,6,30,10,,VALID,False,,False,False,False,False,False,1.3584836685,0.334536025844,0.56,0,America/Bogota,2025-06-30T15:00:00+00:00
5,4426,2025-07-04T09:00:00-05:00,Medellin,6.2442,-75.5812,21.9,73,0,6,131.3,True,39466,2025,7,4,9,,VALID,False,,False,False,False,False,False,0.329987091356,0.731590444599,0.73,0,America/Bogota,2025-07-04T14:00:00+00:00
5,4446,2025-07-05T05:00:00-05:00,Medellin,6.2442,-75.5812,16.3,100,0,1.3,112.97,True,39486,2025,7,5,5,,VALID,False,,False,False,False,False,False,-1.22665637675,-0.813634076798,1,0,America/Bogota,2025-07-05T10:00:00+00:00
5,4510,2025-07-07T21:00:00-05:00,Medellin,6.2442,-75.5812,20.1,83,0,3,145.7,True,39550,2025,7,7,21,,VALID,False,,False,False,False,False,False,-0.170362594822,1.94551478219,0.83,0,America/Bogota,2025-07-08T02:00:00+00:00
5,4519,2025-07-08T06:00:00-05:00,Medellin,6.2442,-75.5812,15.9,96,0,3.1,118.33,True,39559,2025,7,8,6,,VALID,False,,False,False,False,False,False,-1.3378451959,-0.361784462249,0.96,0,America/Bogota,2025-07-08T11:00:00+00:00
5,4595,2025-07-11T10:00:00-05:00,Medellin,6.2442,-75.5812,24.5,60,0,8.3,118.45,True,39635,2025,7,11,10,,VALID,False,,False,False,False,False,False,1.05271441583,-0.351668426102,0.6,0,America/Bogota,2025-07-11T15:00:00+00:00
5,4620,2025-07-12T11:00:00-05:00,Medellin,6.2442,-75.5812,27.1,48,0,12.6,121.91,True,39660,2025,7,12,11,,VALID,True,wind_speed_kmh,False,False,False,True,False,1.77544174031,-0.0599893838746,0.48,0,America/Bogota,2025-07-12T16:00:00+00:00
5,4645,2025-07-13T12:00:00-05:00,Medellin,6.2442,-75.5812,28,47,0.1,10.8,119.71,True,39685,2025,7,13,12,,VALID,True,wind_speed_kmh,False,False,False,True,False,2.0256165834,-0.245450046563,0.47,0.0953101798043,America/Bogota,2025-07-13T17:00:00+00:00
5,4695,2025-07-15T14:00:00-05:00,Medellin,6.2442,-75.5812,28.3,41,0,15.4,119.67,True,39735,2025,7,15,14,,VALID,True,wind_speed_kmh,False,False,False,True,False,2.10900819776,-0.248822058612,0.41,0,America/Bogota,2025-07-15T19:00:00+00:00
5,4700,2025-07-15T19:00:00-05:00,Medellin,6.2442,-75.5812,22.7,70,0,5.5,139,True,39740,2025,7,15,19,,VALID,False,,False,False,False,False,False,0.552364729657,1.38070276401,0.7,0,America/Bogota,2025-07-16T00:00:00+00:00
5,4712,2025-07-16T07:00:00-05:00,Medellin,6.2442,-75.5812,16,92,0,2.8,134.02,True,39752,2025,7,16,7,,VALID,False,,False,False,False,False,False,-1.31004799111,0.960887263922,0.92,0,America/Bogota,2025-07-16T12:00:00+00:00
5,4727,2025-07-16T22:00:00-05:00,Medellin,6.2442,-75.5812,19.3,95,0,4.9,112.61,True,39767,2025,7,16,22,,VALID,False,,False,False,False,False,False,-0.392740233123,-0.843982185238,0.95,0,America/Bogota,2025-07-17T03:00:00+00:00
5,4769,2025-07-18T16:00:00-05:00,Medellin,6.2442,-75.5812,27.6,39,0,14.4,110.31,True,39809,2025,7,18,16,,VALID,True,wind_speed_kmh,False,False,False,True,False,1.91442776425,-1.03787287805,0.39,0,America/Bogota,2025-07-18T21:00:00+00:00
5,4868,2025-07-22T19:00:00-05:00,Medellin,6.2442,-75.5812,20.8,81,0.2,0.3,137.78,True,39908,2025,7,22,19,,VALID,False,,False,False,False,False,False,0.0242178386917,1.27785639652,0.81,0.182321556794,America/Bogota,2025-07-23T00:00:00+00:00
5,4871,2025-07-22T22:00:00-05:00,Medellin,6.2442,-75.5812,19.3,95,0,3.6,107.66,True,39911,2025,7,22,22,,VALID,False,,False,False,False,False,False,-0.392740233123,-1.26126867629,0.95,0,America/Bogota,2025-07-23T03:00:00+00:00
5,4884,2025-07-23T11:00:00-05:00,Medellin,6.2442,-75.5812,26.6,55,0,7.3,115.95,True,39924,2025,7,23,11,,VALID,False,,False,False,False,False,False,1.63645571637,-0.562419179157,0.55,0,America/Bogota,2025-07-23T16:00:00+00:00
5,4948,2025-07-26T03:00:00-05:00,Medellin,6.2442,-75.5812,17.3,100,0,2.6,119.84,True,39988,2025,7,26,3,,VALID,False,,False,False,False,False,False,-0.948684328875,-0.234491007404,1,0,America/Bogota,2025-07-26T08:00:00+00:00
5,4954,2025-07-26T09:00:00-05:00,Medellin,6.2442,-75.5812,23.5,66,0,4.6,117.56,True,39994,2025,7,26,9,,VALID,False,,False,False,False,False,False,0.774742367958,-0.42669569419,0.66,0,America/Bogota,2025-07-26T14:00:00+00:00
5,4962,2025-07-26T17:00:00-05:00,Medellin,6.2442,-75.5812,25.1,55,0,5.2,118.72,True,40002,2025,7,26,17,,VALID,False,,False,False,False,False,False,1.21949764456,-0.328907344772,0.55,0,America/Bogota,2025-07-26T22:00:00+00:00
5,5007,2025-07-28T14:00:00-05:00,Medellin,6.2442,-75.5812,29.1,39,0,12.5,111.66,True,40047,2025,7,28,14,,VALID,True,wind_speed_kmh,False,False,False,True,False,2.33138583606,-0.924067471399,0.39,0,America/Bogota,2025-07-28T19:00:00+00:00
5,5039,2025-07-29T22:00:00-05:00,Medellin,6.2442,-75.5812,18.8,97,0.1,2.7,105.81,True,40079,2025,7,29,22,,VALID,False,,False,False,False,False,False,-0.531726257061,-1.41722423355,0.97,0.0953101798043,America/Bogota,2025-07-30T03:00:00+00:00
5,5170,2025-08-04T09:00:00-05:00,Medellin,6.2442,-75.5812,22.8,66,0,4.8,142.3,True,40210,2025,8,4,9,,VALID,False,,False,False,False,False,False,0.580161934444,1.65889375804,0.66,0,America/Bogota,2025-08-04T14:00:00+00:00
5,5190,2025-08-05T05:00:00-05:00,Medellin,6.2442,-75.5812,15.4,100,0,1.4,114.57,True,40230,2025,8,5,5,,VALID,False,,False,False,False,False,False,-1.47683121984,-0.678753594843,1,0,America/Bogota,2025-08-05T10:00:00+00:00
5,5254,2025-08-07T21:00:00-05:00,Medellin,6.2442,-75.5812,18.2,95,0.5,1.2,156.47,True,40294,2025,8,7,21,,VALID,True,precipitation_mm|energy_kwh,False,False,True,False,True,-0.698509485787,2.85342902635,0.95,0.405465108108,America/Bogota,2025-08-08T02:00:00+00:00
5,5263,2025-08-08T06:00:00-05:00,Medellin,6.2442,-75.5812,17.5,98,0.6,3,120.7,True,40303,2025,8,8,6,,VALID,True,precipitation_mm,False,False,True,False,False,-0.8930899193,-0.161992748353,0.98,0.470003629246,America/Bogota,2025-08-08T11:00:00+00:00
5,5339,2025-08-11T10:00:00-05:00,Medellin,6.2442,-75.5812,24.3,61,0.1,6.9,115.64,True,40379,2025,8,11,10,,VALID,False,,False,False,False,False,False,0.997120006259,-0.588552272536,0.61,0.0953101798043,America/Bogota,2025-08-11T15:00:00+00:00
5,5364,2025-08-12T11:00:00-05:00,Medellin,6.2442,-75.5812,25.6,55,0,10.1,114.06,True,40404,2025,8,12,11,,VALID,True,wind_speed_kmh,False,False,False,True,False,1.3584836685,-0.721746748466,0.55,0,America/Bogota,2025-08-12T16:00:00+00:00
5,5389,2025-08-13T12:00:00-05:00,Medellin,6.2442,-75.5812,26.7,49,0.2,9.2,112.39,True,40429,2025,8,13,12,,VALID,False,,False,False,False,False,False,1.66425292116,-0.862528251507,0.49,0.182321556794,America/Bogota,2025-08-13T17:00:00+00:00
5,5439,2025-08-15T14:00:00-05:00,Medellin,6.2442,-75.5812,22.9,81,0.3,1.2,113.46,True,40479,2025,8,15,14,,VALID,True,precipitation_mm,False,False,True,False,False,0.607959139232,-0.772326929199,0.81,0.262364264467,America/Bogota,2025-08-15T19:00:00+00:00
5,5444,2025-08-15T19:00:00-05:00,Medellin,6.2442,-75.5812,19.5,89,0,4.6,142.28,True,40484,2025,8,15,19,,VALID,False,,False,False,False,False,False,-0.337145823547,1.65720775201,0.89,0,America/Bogota,2025-08-16T00:00:00+00:00
5,5456,2025-08-16T07:00:00-05:00,Medellin,6.2442,-75.5812,17.8,96,0.2,3.8,138.44,True,40496,2025,8,16,7,,VALID,False,,False,False,False,False,False,-0.809698304937,1.33349459532,0.96,0.182321556794,America/Bogota,2025-08-16T12:00:00+00:00
5,5471,2025-08-16T22:00:00-05:00,Medellin,6.2442,-75.5812,18.1,96,0,2.1,114.71,True,40511,2025,8,16,22,,VALID,False,,False,False,False,False,False,-0.726306690574,-0.666951552672,0.96,0,America/Bogota,2025-08-17T03:00:00+00:00
5,5513,2025-08-18T16:00:00-05:00,Medellin,6.2442,-75.5812,26.4,48,0.1,6.4,108.28,True,40553,2025,8,18,16,,VALID,False,,False,False,False,False,False,1.5808613068,-1.20900248953,0.48,0.0953101798043,America/Bogota,2025-08-18T21:00:00+00:00
5,5612,2025-08-22T19:00:00-05:00,Medellin,6.2442,-75.5812,19.1,94,0,2.1,138.52,True,40652,2025,8,22,19,,VALID,False,,False,False,False,False,False,-0.448334642698,1.34023861942,0.94,0,America/Bogota,2025-08-23T00:00:00+00:00
5,5615,2025-08-22T22:00:00-05:00,Medellin,6.2442,-75.5812,17.8,99,0,1.7,121.44,True,40655,2025,8,22,22,,VALID,False,,False,False,False,False,False,-0.809698304937,-0.0996105254489,0.99,0,America/Bogota,2025-08-23T03:00:00+00:00
5,5628,2025-08-23T11:00:00-05:00,Medellin,6.2442,-75.5812,25.8,56,0.2,5.8,90.84,True,40668,2025,8,23,11,,VALID,True,energy_kwh,False,False,False,False,True,1.41407807807,-2.67919974284,0.56,0.182321556794,America/Bogota,2025-08-23T16:00:00+00:00
5,5692,2025-08-26T03:00:00-05:00,Medellin,6.2442,-75.5812,17.3,97,0,1.4,115.68,True,40732,2025,8,26,3,,VALID,False,,False,False,False,False,False,-0.948684328875,-0.585180260487,0.97,0,America/Bogota,2025-08-26T08:00:00+00:00
5,5698,2025-08-26T09:00:00-05:00,Medellin,6.2442,-75.5812,23.2,63,0,6.9,126.22,True,40738,2025,8,26,9,,VALID,False,,False,False,False,False,False,0.691350753595,0.303344914392,0.63,0,America/Bogota,2025-08-26T14:00:00+00:00
5,5706,2025-08-26T17:00:00-05:00,Medellin,6.2442,-75.5812,24.4,53,0,8.9,115.25,True,40746,2025,8,26,17,,VALID,False,,False,False,False,False,False,1.02491721105,-0.621429390012,0.53,0,America/Bogota,2025-08-26T22:00:00+00:00
5,5751,2025-08-28T14:00:00-05:00,Medellin,6.2442,-75.5812,27.4,45,0.1,13.1,121.28,True,40791,2025,8,28,14,,VALID,True,wind_speed_kmh,False,False,False,True,False,1.85883335467,-0.113098573644,0.45,0.0953101798043,America/Bogota,2025-08-28T19:00:00+00:00
5,5783,2025-08-29T22:00:00-05:00,Medellin,6.2442,-75.5812,18.5,92,0,4.5,108.92,True,40823,2025,8,29,22,,VALID,False,,False,False,False,False,False,-0.615117871424,-1.15505029675,0.92,0,America/Bogota,2025-08-30T03:00:00+00:00
5,5872,2025-09-02T15:00:00-05:00,Medellin,6.2442,-75.5812,27.3,44,0.1,8.5,133.34,True,40912,2025,9,2,15,,VALID,False,,False,False,False,False,False,1.83103614989,0.903563059091,0.44,0.0953101798043,America/Bogota,2025-09-02T20:00:00+00:00
5,5887,2025-09-03T06:00:00-05:00,Medellin,6.2442,-75.5812,16.4,100,0,2.8,121.43,True,40927,2025,9,3,6,,VALID,False,,False,False,False,False,False,-1.19885917196,-0.100453528461,1,0,America/Bogota,2025-09-03T11:00:00+00:00
5,5896,2025-09-03T15:00:00-05:00,Medellin,6.2442,-75.5812,25.8,50,0,10.7,115.01,True,40936,2025,9,3,15,,VALID,True,wind_speed_kmh,False,False,False,True,False,1.41407807807,-0.641661462306,0.5,0,America/Bogota,2025-09-03T20:00:00+00:00
5,5898,2025-09-03T17:00:00-05:00,Medellin,6.2442,-75.5812,24.5,58,0,7.4,123.68,True,40938,2025,9,3,17,,VALID,False,,False,False,False,False,False,1.05271441583,0.0892221492881,0.58,0,America/Bogota,2025-09-03T22:00:00+00:00
5,5919,2025-09-04T14:00:00-05:00,Medellin,6.2442,-75.5812,27.1,44,0,6.5,121.09,True,40959,2025,9,4,14,,VALID,False,,False,False,False,False,False,1.77544174031,-0.129115630877,0.44,0,America/Bogota,2025-09-04T19:00:00+00:00
5,5934,2025-09-05T05:00:00-05:00,Medellin,6.2442,-75.5812,16.2,100,0,2.8,119.45,True,40974,2025,9,5,5,,VALID,False,,False,False,False,False,False,-1.25445358154,-0.26736812488,1,0,America/Bogota,2025-09-05T10:00:00+00:00
5,5978,2025-09-07T01:00:00-05:00,Medellin,6.2442,-75.5812,18,99,0.9,5.3,113.82,True,41018,2025,9,7,1,,VALID,True,precipitation_mm,False,False,True,False,False,-0.754103895362,-0.74197882076,0.99,0.641853886172,America/Bogota,2025-09-07T06:00:00+00:00
5,6031,2025-09-09T06:00:00-05:00,Medellin,6.2442,-75.5812,16.1,100,0,2.7,121.81,True,41071,2025,9,9,6,,VALID,False,,False,False,False,False,False,-1.28225078633,-0.0684194139968,1,0,America/Bogota,2025-09-09T11:00:00+00:00
5,6046,2025-09-09T21:00:00-05:00,Medellin,6.2442,-75.5812,19.5,87,0,3.3,142.23,True,41086,2025,9,9,21,,VALID,False,,False,False,False,False,False,-0.337145823547,1.65299273695,0.87,0,America/Bogota,2025-09-10T02:00:00+00:00
5,6092,2025-09-11T19:00:00-05:00,Medellin,6.2442,-75.5812,19.5,92,1.3,3.8,134.33,True,41132,2025,9,11,19,,VALID,True,precipitation_mm,False,False,True,False,False,-0.337145823547,0.987020357301,0.92,0.832909122935,America/Bogota,2025-09-12T00:00:00+00:00
5,6123,2025-09-13T02:00:00-05:00,Medellin,6.2442,-75.5812,18.2,100,0,3.5,121.76,True,41163,2025,9,13,2,,VALID,False,,False,False,False,False,False,-0.698509485787,-0.0726344290579,1,0,America/Bogota,2025-09-13T07:00:00+00:00
5,6125,2025-09-13T04:00:00-05:00,Medellin,6.2442,-75.5812,17.2,100,0,2.4,116.23,True,41165,2025,9,13,4,,VALID,False,,False,False,False,False,False,-0.976481533663,-0.538815094815,1,0,America/Bogota,2025-09-13T09:00:00+00:00
5,6161,2025-09-14T16:00:00-05:00,Medellin,6.2442,-75.5812,27.5,44,0.1,8.4,120.84,True,41201,2025,9,14,16,,VALID,False,,False,False,False,False,False,1.88663055946,-0.150190706182,0.44,0.0953101798043,America/Bogota,2025-09-14T21:00:00+00:00
5,6173,2025-09-15T04:00:00-05:00,Medellin,6.2442,-75.5812,17.8,99,0,4.5,115.1,True,41213,2025,9,15,4,,VALID,False,,False,False,False,False,False,-0.809698304937,-0.634074435196,0.99,0,America/Bogota,2025-09-15T09:00:00+00:00
5,6223,2025-09-17T06:00:00-05:00,Medellin,6.2442,-75.5812,16.7,99,0,0.8,118.87,True,41263,2025,9,17,6,,VALID,False,,False,False,False,False,False,-1.1154675576,-0.316262299589,0.99,0,America/Bogota,2025-09-17T11:00:00+00:00
5,6263,2025-09-18T22:00:00-05:00,Medellin,6.2442,-75.5812,17.2,100,0,0.6,116.02,True,41303,2025,9,18,22,,VALID,False,,False,False,False,False,False,-0.976481533663,-0.556518158071,1,0,America/Bogota,2025-09-19T03:00:00+00:00
5,6281,2025-09-19T16:00:00-05:00,Medellin,6.2442,-75.5812,21.8,80,0.1,1.2,113.49,True,41321,2025,9,19,16,,VALID,False,,False,False,False,False,False,0.302189886568,-0.769797920163,0.8,0.0953101798043,America/Bogota,2025-09-19T21:00:00+00:00
5,6286,2025-09-19T21:00:00-05:00,Medellin,6.2442,-75.5812,18.8,97,0.2,2,135.01,True,41326,2025,9,19,21,,VALID,False,,False,False,False,False,False,-0.531726257061,1.04434456213,0.97,0.182321556794,America/Bogota,2025-09-20T02:00:00+00:00
5,6460,2025-09-27T03:00:00-05:00,Medellin,6.2442,-75.5812,17.5,99,0,3.7,122.73,True,41500,2025,9,27,3,,VALID,False,,False,False,False,False,False,-0.8930899193,0.00913686312729,0.99,0,America/Bogota,2025-09-27T08:00:00+00:00
5,6539,2025-09-30T10:00:00-05:00,Medellin,6.2442,-75.5812,21.9,76,0.1,4.5,108.93,True,41579,2025,9,30,10,,VALID,False,,False,False,False,False,False,0.329987091356,-1.15420729373,0.76,0.0953101798043,America/Bogota,2025-09-30T15:00:00+00:00
5,6634,2025-10-04T09:00:00-05:00,Medellin,6.2442,-75.5812,22.9,69,0,4.8,119.64,True,41674,2025,10,4,9,,VALID,False,,False,False,False,False,False,0.607959139232,-0.251351067648,0.69,0,America/Bogota,2025-10-04T14:00:00+00:00
5,6654,2025-10-05T05:00:00-05:00,Medellin,6.2442,-75.5812,18,98,0,4.2,110.22,True,41694,2025,10,5,5,,VALID,False,,False,False,False,False,False,-0.754103895362,-1.04545990516,0.98,0,America/Bogota,2025-10-05T10:00:00+00:00
5,6718,2025-10-07T21:00:00-05:00,Medellin,6.2442,-75.5812,18.2,97,0,0.7,147.15,True,41758,2025,10,7,21,,VALID,False,,False,False,False,False,False,-0.698509485787,2.06775021897,0.97,0,America/Bogota,2025-10-08T02:00:00+00:00
5,6727,2025-10-08T06:00:00-05:00,Medellin,6.2442,-75.5812,17.4,98,0,2,124.12,True,41767,2025,10,8,6,,VALID,False,,False,False,False,False,False,-0.920887124088,0.126314281826,0.98,0,America/Bogota,2025-10-08T11:00:00+00:00
5,6803,2025-10-11T10:00:00-05:00,Medellin,6.2442,-75.5812,22.9,67,0,2.2,110.8,True,41843,2025,10,11,10,,VALID,False,,False,False,False,False,False,0.607959139232,-0.99656573045,0.67,0,America/Bogota,2025-10-11T15:00:00+00:00
5,6828,2025-10-12T11:00:00-05:00,Medellin,6.2442,-75.5812,22.1,73,0.2,4.2,96.17,True,41868,2025,10,12,11,,VALID,False,,False,False,False,False,False,0.385581500931,-2.22987913733,0.73,0.182321556794,America/Bogota,2025-10-12T16:00:00+00:00
5,6853,2025-10-13T12:00:00-05:00,Medellin,6.2442,-75.5812,23.2,68,0.1,1.9,111.94,True,41893,2025,10,13,12,,VALID,False,,False,False,False,False,False,0.691350753595,-0.900463387057,0.68,0.0953101798043,America/Bogota,2025-10-13T17:00:00+00:00
5,6903,2025-10-15T14:00:00-05:00,Medellin,6.2442,-75.5812,20.3,82,0,3.3,108.67,True,41943,2025,10,15,14,,VALID,False,,False,False,False,False,False,-0.114768185246,-1.17612537205,0.82,0,America/Bogota,2025-10-15T19:00:00+00:00
5,6908,2025-10-15T19:00:00-05:00,Medellin,6.2442,-75.5812,19.4,92,0.1,0.4,143.21,True,41948,2025,10,15,19,,VALID,False,,False,False,False,False,False,-0.364943028335,1.73560703215,0.92,0.0953101798043,America/Bogota,2025-10-16T00:00:00+00:00
5,6920,2025-10-16T07:00:00-05:00,Medellin,6.2442,-75.5812,17.9,94,0,3.9,125.52,True,41960,2025,10,16,7,,VALID,False,,False,False,False,False,False,-0.781901100149,0.244334703536,0.94,0,America/Bogota,2025-10-16T12:00:00+00:00
5,6935,2025-10-16T22:00:00-05:00,Medellin,6.2442,-75.5812,17.4,100,0,2.1,126.06,True,41975,2025,10,16,22,,VALID,False,,False,False,False,False,False,-0.920887124088,0.289856866196,1,0,America/Bogota,2025-10-17T03:00:00+00:00
5,6977,2025-10-18T16:00:00-05:00,Medellin,6.2442,-75.5812,23,76,2.7,3.1,116.33,True,42017,2025,10,18,16,,VALID,True,precipitation_mm,False,False,True,False,False,0.635756344019,-0.530385064693,0.76,1.30833281965,America/Bogota,2025-10-18T21:00:00+00:00
5,7076,2025-10-22T19:00:00-05:00,Medellin,6.2442,-75.5812,19.6,94,0.3,2.4,126.41,True,42116,2025,10,22,19,,VALID,True,precipitation_mm,False,False,True,False,False,-0.30934861876,0.319361971624,0.94,0.262364264467,America/Bogota,2025-10-23T00:00:00+00:00
5,7079,2025-10-22T22:00:00-05:00,Medellin,6.2442,-75.5812,17.2,100,0,2.1,112.54,True,42119,2025,10,22,22,,VALID,False,,False,False,False,False,False,-0.976481533663,-0.849883206324,1,0,America/Bogota,2025-10-23T03:00:00+00:00
5,7092,2025-10-23T11:00:00-05:00,Medellin,6.2442,-75.5812,26.2,63,0.1,4.4,107.13,True,42132,2025,10,23,11,,VALID,False,,False,False,False,False,False,1.52526689722,-1.30594783593,0.63,0.0953101798043,America/Bogota,2025-10-23T16:00:00+00:00
5,7156,2025-10-26T03:00:00-05:00,Medellin,6.2442,-75.5812,17.1,100,0.1,0.2,123.17,True,42196,2025,10,26,3,,VALID,False,,False,False,False,False,False,-1.00427873845,0.0462289956649,1,0.0953101798043,America/Bogota,2025-10-26T08:00:00+00:00
5,7162,2025-10-26T09:00:00-05:00,Medellin,6.2442,-75.5812,23.6,74,0,1.8,130.97,True,42202,2025,10,26,9,,VALID,False,,False,False,False,False,False,0.802539572745,0.703771345195,0.74,0,America/Bogota,2025-10-26T14:00:00+00:00
5,7170,2025-10-26T17:00:00-05:00,Medellin,6.2442,-75.5812,22.5,78,0,4.9,120.75,True,42210,2025,10,26,17,,VALID,False,,False,False,False,False,False,0.496770320081,-0.157777733292,0.78,0,America/Bogota,2025-10-26T22:00:00+00:00
5,7215,2025-10-28T14:00:00-05:00,Medellin,6.2442,-75.5812,24.1,71,3.8,6.6,110.11,True,42255,2025,10,28,14,,VALID,True,precipitation_mm,False,False,True,False,False,0.941525596683,-1.05473293829,0.71,1.56861591791,America/Bogota,2025-10-28T19:00:00+00:00
5,7247,2025-10-29T22:00:00-05:00,Medellin,6.2442,-75.5812,19.5,96,0,2,106.64,True,42287,2025,10,29,22,,VALID,False,,False,False,False,False,False,-0.337145823547,-1.34725498353,0.96,0,America/Bogota,2025-10-30T03:00:00+00:00
5,7336,2025-11-02T15:00:00-05:00,Medellin,6.2442,-75.5812,27.7,45,0,8.1,127.38,True,42376,2025,11,2,15,,VALID,False,,False,False,False,False,False,1.94222496904,0.401133263809,0.45,0,America/Bogota,2025-11-02T20:00:00+00:00
5,7351,2025-11-03T06:00:00-05:00,Medellin,6.2442,-75.5812,17.5,100,1.4,0.2,126.35,True,42391,2025,11,3,6,,VALID,True,precipitation_mm,False,False,True,False,False,-0.8930899193,0.31430395355,1,0.875468737354,America/Bogota,2025-11-03T11:00:00+00:00
5,7360,2025-11-03T15:00:00-05:00,Medellin,6.2442,-75.5812,23,78,0.1,3.8,115.46,True,42400,2025,11,3,15,,VALID,False,,False,False,False,False,False,0.635756344019,-0.603726326756,0.78,0.0953101798043,America/Bogota,2025-11-03T20:00:00+00:00
5,7362,2025-11-03T17:00:00-05:00,Medellin,6.2442,-75.5812,22.3,77,0,2.7,108.25,True,42402,2025,11,3,17,,VALID,False,,False,False,False,False,False,0.441175910506,-1.21153149857,0.77,0,America/Bogota,2025-11-03T22:00:00+00:00
5,7383,2025-11-04T14:00:00-05:00,Medellin,6.2442,-75.5812,24.4,60,0.3,4.2,114.58,True,42423,2025,11,4,14,,VALID,True,precipitation_mm,False,False,True,False,False,1.02491721105,-0.677910591831,0.6,0.262364264467,America/Bogota,2025-11-04T19:00:00+00:00
5,7398,2025-11-05T05:00:00-05:00,Medellin,6.2442,-75.5812,17,100,0.1,3.7,123.68,True,42438,2025,11,5,5,,VALID,False,,False,False,False,False,False,-1.03207594324,0.0892221492881,1,0.0953101798043,America/Bogota,2025-11-05T10:00:00+00:00
5,7442,2025-11-07T01:00:00-05:00,Medellin,6.2442,-75.5812,18.7,98,0,4,113,True,42482,2025,11,7,1,,VALID,False,,False,False,False,False,False,-0.559523461848,-0.811105067761,0.98,0,America/Bogota,2025-11-07T06:00:00+00:00
5,7495,2025-11-09T06:00:00-05:00,Medellin,6.2442,-75.5812,17.1,100,0,1.8,111.68,True,42535,2025,11,9,6,,VALID,False,,False,False,False,False,False,-1.00427873845,-0.922381465374,1,0,America/Bogota,2025-11-09T11:00:00+00:00
5,7510,2025-11-09T21:00:00-05:00,Medellin,6.2442,-75.5812,19.7,96,0.2,2,136.88,True,42550,2025,11,9,21,,VALID,False,,False,False,False,False,False,-0.281551413972,1.20198612542,0.96,0.182321556794,America/Bogota,2025-11-10T02:00:00+00:00
5,7556,2025-11-11T19:00:00-05:00,Medellin,6.2442,-75.5812,20,93,0,0.8,142.78,True,42596,2025,11,11,19,,VALID,False,,False,False,False,False,False,-0.198159799609,1.69935790263,0.93,0,America/Bogota,2025-11-12T00:00:00+00:00
5,7587,2025-11-13T02:00:00-05:00,Medellin,6.2442,-75.5812,17.5,99,0.1,1.3,121.69,True,42627,2025,11,13,2,,VALID,False,,False,False,False,False,False,-0.8930899193,-0.0785354501434,0.99,0.0953101798043,America/Bogota,2025-11-13T07:00:00+00:00
5,7589,2025-11-13T04:00:00-05:00,Medellin,6.2442,-75.5812,17.4,100,0,2,110.62,True,42629,2025,11,13,4,,VALID,False,,False,False,False,False,False,-0.920887124088,-1.01173978467,1,0,America/Bogota,2025-11-13T09:00:00+00:00
5,7625,2025-11-14T16:00:00-05:00,Medellin,6.2442,-75.5812,23.4,71,0.1,3.1,107.69,True,42665,2025,11,14,16,,VALID,False,,False,False,False,False,False,0.74694516317,-1.25873966725,0.71,0.0953101798043,America/Bogota,2025-11-14T21:00:00+00:00
5,7637,2025-11-15T04:00:00-05:00,Medellin,6.2442,-75.5812,16.1,99,0,1.8,130.49,True,42677,2025,11,15,4,,VALID,False,,False,False,False,False,False,-1.28225078633,0.663307200609,0.99,0,America/Bogota,2025-11-15T09:00:00+00:00
5,7687,2025-11-17T06:00:00-05:00,Medellin,6.2442,-75.5812,17.2,99,0.2,3.6,119.48,True,42727,2025,11,17,6,,VALID,False,,False,False,False,False,False,-0.976481533663,-0.264839115844,0.99,0.182321556794,America/Bogota,2025-11-17T11:00:00+00:00
5,7727,2025-11-18T22:00:00-05:00,Medellin,6.2442,-75.5812,18.3,97,0,2.4,114.84,True,42767,2025,11,18,22,,VALID,False,,False,False,False,False,False,-0.670712280999,-0.655992513513,0.97,0,America/Bogota,2025-11-19T03:00:00+00:00
5,7745,2025-11-19T16:00:00-05:00,Medellin,6.2442,-75.5812,22.5,74,0.3,1,97.29,True,42785,2025,11,19,16,,VALID,True,precipitation_mm,False,False,True,False,False,0.496770320081,-2.13546279996,0.74,0.262364264467,America/Bogota,2025-11-19T21:00:00+00:00
5,7750,2025-11-19T21:00:00-05:00,Medellin,6.2442,-75.5812,18.7,94,0,0.7,135.87,True,42790,2025,11,19,21,,VALID,False,,False,False,False,False,False,-0.559523461848,1.11684282118,0.94,0,America/Bogota,2025-11-20T02:00:00+00:00
5,7924,2025-11-27T03:00:00-05:00,Medellin,6.2442,-75.5812,17.7,97,0,0.6,107.29,True,42964,2025,11,27,3,,VALID,False,,False,False,False,False,False,-0.837495509725,-1.29245978774,0.97,0,America/Bogota,2025-11-27T08:00:00+00:00
5,8003,2025-11-30T10:00:00-05:00,Medellin,6.2442,-75.5812,23.4,71,0.2,2.9,119.26,True,43043,2025,11,30,10,,VALID,False,,False,False,False,False,False,0.74694516317,-0.283385182113,0.71,0.182321556794,America/Bogota,2025-11-30T15:00:00+00:00
5,8098,2025-12-04T09:00:00-05:00,Medellin,6.2442,-75.5812,21.7,78,0.2,1.5,123.8,True,43138,2025,12,4,9,,VALID,False,,False,False,False,False,False,0.27439268178,0.0993381854347,0.78,0.182321556794,America/Bogota,2025-12-04T14:00:00+00:00
5,8118,2025-12-05T05:00:00-05:00,Medellin,6.2442,-75.5812,16.9,98,0.3,1.8,112,True,43158,2025,12,5,5,,VALID,True,precipitation_mm,False,False,True,False,False,-1.05987314803,-0.895405368983,0.98,0.262364264467,America/Bogota,2025-12-05T10:00:00+00:00
5,8182,2025-12-07T21:00:00-05:00,Medellin,6.2442,-75.5812,18.2,93,0,3,133.61,True,43222,2025,12,7,21,,VALID,False,,False,False,False,False,False,-0.698509485787,0.926324140421,0.93,0,America/Bogota,2025-12-08T02:00:00+00:00
5,8191,2025-12-08T06:00:00-05:00,Medellin,6.2442,-75.5812,15.2,100,0,1,124.86,True,43231,2025,12,8,6,,VALID,False,,False,False,False,False,False,-1.53242562942,0.18869650473,1,0,America/Bogota,2025-12-08T11:00:00+00:00
5,8267,2025-12-11T10:00:00-05:00,Medellin,6.2442,-75.5812,25,61,0,4.9,122.64,True,43307,2025,12,11,10,,VALID,False,,False,False,False,False,False,1.19170043977,0.00154983601733,0.61,0,America/Bogota,2025-12-11T15:00:00+00:00
5,8292,2025-12-12T11:00:00-05:00,Medellin,6.2442,-75.5812,23.8,70,0.1,4,121.88,True,43332,2025,12,12,11,,VALID,False,,False,False,False,False,False,0.85813398232,-0.0625183929113,0.7,0.0953101798043,America/Bogota,2025-12-12T16:00:00+00:00
5,8317,2025-12-13T12:00:00-05:00,Medellin,6.2442,-75.5812,26.3,56,0,7.2,119.9,True,43357,2025,12,13,12,,VALID,False,,False,False,False,False,False,1.55306410201,-0.229432989331,0.56,0,America/Bogota,2025-12-13T17:00:00+00:00
5,8367,2025-12-15T14:00:00-05:00,Medellin,6.2442,-75.5812,23.7,68,1.2,3,110.25,True,43407,2025,12,15,14,,VALID,True,precipitation_mm,False,False,True,False,False,0.830336777533,-1.04293089612,0.68,0.788457360364,America/Bogota,2025-12-15T19:00:00+00:00
5,8372,2025-12-15T19:00:00-05:00,Medellin,6.2442,-75.5812,19.6,95,2.2,2.3,140.62,True,43412,2025,12,15,19,,VALID,True,precipitation_mm,False,False,True,False,False,-0.30934861876,1.51726925199,0.95,1.16315080981,America/Bogota,2025-12-16T00:00:00+00:00
5,8384,2025-12-16T07:00:00-05:00,Medellin,6.2442,-75.5812,17.5,95,0,2.5,129.74,True,43424,2025,12,16,7,,VALID,False,,False,False,False,False,False,-0.8930899193,0.600081974693,0.95,0,America/Bogota,2025-12-16T12:00:00+00:00
5,8399,2025-12-16T22:00:00-05:00,Medellin,6.2442,-75.5812,17.7,98,0,2,110.4,True,43439,2025,12,16,22,,VALID,False,,False,False,False,False,False,-0.837495509725,-1.03028585094,0.98,0,America/Bogota,2025-12-17T03:00:00+00:00
5,8441,2025-12-18T16:00:00-05:00,Medellin,6.2442,-75.5812,20.5,85,0.9,4.3,107.41,True,43481,2025,12,18,16,,VALID,True,precipitation_mm,False,False,True,False,False,-0.0591737756712,-1.28234375159,0.85,0.641853886172,America/Bogota,2025-12-18T21:00:00+00:00
5,8540,2025-12-22T19:00:00-05:00,Medellin,6.2442,-75.5812,20.3,87,0,3.8,143.15,True,43580,2025,12,22,19,,VALID,False,,False,False,False,False,False,-0.114768185246,1.73054901408,0.87,0,America/Bogota,2025-12-23T00:00:00+00:00
5,8543,2025-12-22T22:00:00-05:00,Medellin,6.2442,-75.5812,18,100,0,3.6,115.08,True,43583,2025,12,22,22,,VALID,False,,False,False,False,False,False,-0.754103895362,-0.63576044122,1,0,America/Bogota,2025-12-23T03:00:00+00:00
5,8556,2025-12-23T11:00:00-05:00,Medellin,6.2442,-75.5812,25.9,54,0,6.4,110.41,True,43596,2025,12,23,11,,VALID,False,,False,False,False,False,False,1.44187528286,-1.02944284793,0.54,0,America/Bogota,2025-12-23T16:00:00+00:00
5,8620,2025-12-26T03:00:00-05:00,Medellin,6.2442,-75.5812,16.8,98,0,4.7,118.69,True,43660,2025,12,26,3,,VALID,False,,False,False,False,False,False,-1.08767035281,-0.331436353809,0.98,0,America/Bogota,2025-12-26T08:00:00+00:00
5,8626,2025-12-26T09:00:00-05:00,Medellin,6.2442,-75.5812,20,81,0,4.6,135.29,True,43666,2025,12,26,9,,VALID,False,,False,False,False,False,False,-0.198159799609,1.06794864647,0.81,0,America/Bogota,2025-12-26T14:00:00+00:00
5,8634,2025-12-26T17:00:00-05:00,Medellin,6.2442,-75.5812,22.9,65,0.4,6.9,117.56,True,43674,2025,12,26,17,,VALID,True,precipitation_mm,False,False,True,False,False,0.607959139232,-0.42669569419,0.65,0.336472236621,America/Bogota,2025-12-26T22:00:00+00:00
5,8679,2025-12-28T14:00:00-05:00,Medellin,6.2442,-75.5812,27.5,34,0,12.5,111.02,True,43719,2025,12,28,14,,VALID,True,wind_speed_kmh,False,False,False,True,False,1.88663055946,-0.978019664181,0.34,0,America/Bogota,2025-12-28T19:00:00+00:00
5,8711,2025-12-29T22:00:00-05:00,Medellin,6.2442,-75.5812,19.1,99,0,5.4,107.06,True,43751,2025,12,29,22,,VALID,False,,False,False,False,False,False,-0.448334642698,-1.31184885702,0.99,0,America/Bogota,2025-12-30T03:00:00+00:00
