city_id,time_id,observation_time,city,latitude,longitude,temperature_c,humidity_pct,precipitation_mm,wind_speed_kmh,energy_kwh,synthetic_energy,source_row,year,month,day,hour,imputed_fields,quality_status,is_outlier,outlier_fields,outlier_temperature_c,outlier_humidity_pct,outlier_precipitation_mm,outlier_wind_speed_kmh,outlier_energy_kwh,temperature_zscore,energy_zscore,humidity_fraction,precipitation_log1p,timezone,observation_time_utc,local_date,country_code,geoname_id,elevation_m,matched_geography,holiday_name,is_holiday,is_weekend,matched_calendar,shortwave_radiation_sum_mj_m2,daylight_seconds,sunshine_seconds,matched_solar,municipality_code,municipality_name,department_code,department_name,divipola_year,matched_municipalities,reference_temperature_c,parameter_scope,matched_thermal,day_period,matched_hours,radiation_kwh_m2_day,daylight_hours,sunshine_hours,degrees_above_reference_c,degrees_below_reference_c,is_business_day,enrichment_status
1,82,2025-01-04T09:00:00-05:00,Barranquilla,10.9685,-74.7813,27.1,78.0,0.0,1.8,167.5,True,82,2025,1,4,9,,VALID,False,,False,False,False,False,False,-0.342490878354,1.52900623658,0.78,0.0,America/Bogota,2025-01-04T14:00:00+00:00,2025-01-04,CO,3689147,24,True,No festivo,False,True,True,14.78,41463.11,34189.68,True,08001,BARRANQUILLA,08,ATLÁNTICO,2025,True,18.0,academic_illustration,True,manana,True,4.105555555555555,11.517530555555556,9.497133333333334,9.100000000000001,0.0,False,COMPLETE
1,102,2025-01-05T05:00:00-05:00,Barranquilla,10.9685,-74.7813,24.2,99.0,0.0,4.6,129.63,True,102,2025,1,5,5,,VALID,False,,False,False,False,False,False,-1.53924451288,-0.976149004515,0.99,0.0,America/Bogota,2025-01-05T10:00:00+00:00,2025-01-05,CO,3689147,24,True,No festivo,False,True,True,15.88,41474.68,35403.82,True,08001,BARRANQUILLA,08,ATLÁNTICO,2025,True,18.0,academic_illustration,True,madrugada,True,4.411111111111111,11.520744444444444,9.834394444444444,6.199999999999999,0.0,False,COMPLETE
1,166,2025-01-07T21:00:00-05:00,Barranquilla,10.9685,-74.7813,27.1,89.0,0.0,16.1,182.82,True,166,2025,1,7,21,,VALID,False,,False,False,False,False,False,-0.342490878354,2.54244638164,0.89,0.0,America/Bogota,2025-01-08T02:00:00+00:00,2025-01-07,CO,3689147,24,True,No festivo,False,False,True,18.55,41499.95,40306.01,True,08001,BARRANQUILLA,08,ATLÁNTICO,2025,True,18.0,academic_illustration,True,noche,True,5.152777777777778,11.527763888888888,11.19611388888889,9.100000000000001,0.0,True,COMPLETE
1,175,2025-01-08T06:00:00-05:00,Barranquilla,10.9685,-74.7813,25.1,93.0,0.0,6.4,141.78,True,175,2025,1,8,6,,VALID,False,,False,False,False,False,False,-1.16783821251,-0.172408941688,0.93,0.0,America/Bogota,2025-01-08T11:00:00+00:00,2025-01-08,CO,3689147,24,True,No festivo,False,False,True,20.03,41513.82,40851.35,True,08001,BARRANQUILLA,08,ATLÁNTICO,2025,True,18.0,academic_illustration,True,manana,True,5.563888888888889,11.531616666666666,11.347597222222221,7.100000000000001,0.0,True,COMPLETE
1,251,2025-01-11T10:00:00-05:00,Barranquilla,10.9685,-74.7813,30.1,64.0,0.0,5.4,139.82,True,251,2025,1,11,10,,VALID,False,,False,False,False,False,False,0.895530122877,-0.302065774868,0.64,0.0,America/Bogota,2025-01-11T15:00:00+00:00,2025-01-11,CO,3689147,24,True,No festivo,False,True,True,21.36,41560.43,40958.13,True,08001,BARRANQUILLA,08,ATLÁNTICO,2025,True,18.0,academic_illustration,True,manana,True,5.933333333333333,11.54456388888889,11.377258333333332,12.100000000000001,0.0,False,COMPLETE
1,276,2025-01-12T11:00:00-05:00,Barranquilla,10.9685,-74.7813,31.1,54.0,0.0,9.0,148.66,True,276,2025,1,12,11,,VALID,False,,False,False,False,False,False,1.30820378995,0.282713003353,0.54,0.0,America/Bogota,2025-01-12T16:00:00+00:00,2025-01-12,CO,3689147,24,True,No festivo,False,True,True,21.9,41577.52,40739.73,True,08001,BARRANQUILLA,08,ATLÁNTICO,2025,True,18.0,academic_illustration,True,manana,True,6.083333333333333,11.54931111111111,11.316591666666667,13.100000000000001,0.0,False,COMPLETE
1,301,2025-01-13T12:00:00-05:00,Barranquilla,10.9685,-74.7813,31.4,57.0,0.0,9.6,139.02,True,301,2025,1,13,12,,VALID,False,,False,False,False,False,False,1.43200589008,-0.354986931268,0.57,0.0,America/Bogota,2025-01-13T17:00:00+00:00,2025-01-13,CO,3689147,24,True,No festivo,False,False,True,21.12,41595.34,40774.15,True,08001,BARRANQUILLA,08,ATLÁNTICO,2025,True,18.0,academic_illustration,True,tarde,True,5.866666666666667,11.55426111111111,11.326152777777779,13.399999999999999,0.0,True,COMPLETE
1,351,2025-01-15T14:00:00-05:00,Barranquilla,10.9685,-74.7813,29.2,66.0,0.0,22.2,145.09,True,351,2025,1,15,14,,VALID,False,,False,False,False,False,False,0.524123822507,0.0465523429177,0.66,0.0,America/Bogota,2025-01-15T19:00:00+00:00,2025-01-15,CO,3689147,24,True,No festivo,False,False,True,21.15,41633.04,40588.97,True,08001,BARRANQUILLA,08,ATLÁNTICO,2025,True,18.0,academic_illustration,True,tarde,True,5.874999999999999,11.564733333333333,11.27471388888889,11.2,0.0,True,COMPLETE
1,356,2025-01-15T19:00:00-05:00,Barranquilla,10.9685,-74.7813,26.5,76.0,0.0,22.8,183.18,True,356,2025,1,15,19,,VALID,False,,False,False,False,False,False,-0.5900950786,2.56626090202,0.76,0.0,America/Bogota,2025-01-16T00:00:00+00:00,2025-01-15,CO,3689147,24,True,No festivo,False,False,True,21.15,41633.04,40588.97,True,08001,BARRANQUILLA,08,ATLÁNTICO,2025,True,18.0,academic_illustration,True,noche,True,5.874999999999999,11.564733333333333,11.27471388888889,8.5,0.0,True,COMPLETE
1,368,2025-01-16T07:00:00-05:00,Barranquilla,10.9685,-74.7813,24.8,88.0,0.0,5.9,151.64,True,368,2025,1,16,7,,VALID,False,,False,False,False,False,False,-1.29164031263,0.479844310944,0.88,0.0,America/Bogota,2025-01-16T12:00:00+00:00,2025-01-16,CO,3689147,24,True,No festivo,False,False,True,20.35,41652.86,39866.73,True,08001,BARRANQUILLA,08,ATLÁNTICO,2025,True,18.0,academic_illustration,True,manana,True,5.652777777777778,11.57023888888889,11.074091666666668,6.800000000000001,0.0,True,COMPLETE
1,383,2025-01-16T22:00:00-05:00,Barranquilla,10.9685,-74.7813,25.8,84.0,0.0,18.4,134.2,True,383,2025,1,16,22,,VALID,False,,False,False,False,False,False,-0.878966645554,-0.673836898579,0.84,0.0,America/Bogota,2025-01-17T03:00:00+00:00,2025-01-16,CO,3689147,24,True,No festivo,False,False,True,20.35,41652.86,39866.73,True,08001,BARRANQUILLA,08,ATLÁNTICO,2025,True,18.0,academic_illustration,True,noche,True,5.652777777777778,11.57023888888889,11.074091666666668,7.800000000000001,0.0,True,COMPLETE
1,425,2025-01-18T16:00:00-05:00,Barranquilla,10.9685,-74.7813,28.9,70.0,0.0,16.2,141.52,True,425,2025,1,18,16,,VALID,False,,False,False,False,False,False,0.400321722384,-0.189608317518,0.7,0.0,America/Bogota,2025-01-18T21:00:00+00:00,2025-01-18,CO,3689147,24,True,No festivo,False,True,True,20.93,41694.3,40684.37,True,08001,BARRANQUILLA,08,ATLÁNTICO,2025,True,18.0,academic_illustration,True,tarde,True,5.813888888888889,11.581750000000001,11.30121388888889,10.899999999999999,0.0,False,COMPLETE
1,524,2025-01-22T19:00:00-05:00,Barranquilla,10.9685,-74.7813,26.6,85.0,0.0,11.9,171.77,True,524,2025,1,22,19,,VALID,False,,False,False,False,False,False,-0.548827711893,1.81147290886,0.85,0.0,America/Bogota,2025-01-23T00:00:00+00:00,2025-01-22,CO,3689147,24,True,No festivo,False,False,True,22.32,41783.5,40797.74,True,08001,BARRANQUILLA,08,ATLÁNTICO,2025,True,18.0,academic_illustration,True,noche,True,6.2,11.606527777777778,11.332705555555554,8.600000000000001,0.0,True,COMPLETE
1,527,2025-01-22T22:00:00-05:00,Barranquilla,10.9685,-74.7813,27.0,77.0,0.0,19.0,140.36,True,527,2025,1,22,22,,VALID,False,,False,False,False,False,False,-0.383758245062,-0.266343994298,0.77,0.0,America/Bogota,2025-01-23T03:00:00+00:00,2025-01-22,CO,3689147,24,True,No festivo,False,False,True,22.32,41783.5,40797.74,True,08001,BARRANQUILLA,08,ATLÁNTICO,2025,True,18.0,academic_illustration,True,noche,True,6.2,11.606527777777778,11.332705555555554,9.0,0.0,True,COMPLETE
1,540,2025-01-23T11:00:00-05:00,Barranquilla,10.9685,-74.7813,31.7,51.0,0.0,9.8,123.98,True,540,2025,1,23,11,,VALID,False,,False,False,False,False,False,1.5558079902,-1.34990467159,0.51,0.0,America/Bogota,2025-01-23T16:00:00+00:00,2025-01-23,CO,3689147,24,True,No festivo,False,False,True,22.27,41806.95,40823.15,True,08001,BARRANQUILLA,08,ATLÁNTICO,2025,True,18.0,academic_illustration,True,manana,True,6.186111111111111,11.613041666666666,11.33976388888889,13.7,0.0,True,COMPLETE
1,604,2025-01-26T03:00:00-05:00,Barranquilla,10.9685,-74.7813,26.0,78.0,0.0,19.0,127.14,True,604,2025,1,26,3,,VALID,False,,False,False,False,False,False,-0.796431912139,-1.14086610381,0.78,0.0,America/Bogota,2025-01-26T08:00:00+00:00,2025-01-26,CO,3689147,24,True,No festivo,False,True,True,20.55,41879.6,40643.46,True,08001,BARRANQUILLA,08,ATLÁNTICO,2025,True,18.0,academic_illustration,True,madrugada,True,5.708333333333333,11.633222222222221,11.28985,8.0,0.0,False,COMPLETE
1,610,2025-01-26T09:00:00-05:00,Barranquilla,10.9685,-74.7813,28.7,64.0,0.0,17.7,156.24,True,610,2025,1,26,9,,VALID,False,,False,False,False,False,False,0.317786988969,0.784140960245,0.64,0.0,America/Bogota,2025-01-26T14:00:00+00:00,2025-01-26,CO,3689147,24,True,No festivo,False,True,True,20.55,41879.6,40643.46,True,08001,BARRANQUILLA,08,ATLÁNTICO,2025,True,18.0,academic_illustration,True,manana,True,5.708333333333333,11.633222222222221,11.28985,10.7,0.0,False,COMPLETE
1,618,2025-01-26T17:00:00-05:00,Barranquilla,10.9685,-74.7813,29.2,68.0,0.0,15.8,140.21,True,618,2025,1,26,17,,VALID,False,,False,False,False,False,False,0.524123822507,-0.276266711123,0.68,0.0,America/Bogota,2025-01-26T22:00:00+00:00,2025-01-26,CO,3689147,24,True,No festivo,False,True,True,20.55,41879.6,40643.46,True,08001,BARRANQUILLA,08,ATLÁNTICO,2025,True,18.0,academic_illustration,True,tarde,True,5.708333333333333,11.633222222222221,11.28985,11.2,0.0,False,COMPLETE
1,663,2025-01-28T14:00:00-05:00,Barranquilla,10.9685,-74.7813,32.2,54.0,0.0,13.6,143.95,True,663,2025,1,28,14,,VALID,False,,False,False,False,False,False,1.76214482374,-0.0288603049525,0.54,0.0,America/Bogota,2025-01-28T19:00:00+00:00,2025-01-28,CO,3689147,24,True,No festivo,False,False,True,21.87,41930.25,40930.11,True,08001,BARRANQUILLA,08,ATLÁNTICO,2025,True,18.0,academic_illustration,True,tarde,True,6.075,11.647291666666666,11.369475,14.200000000000003,0.0,True,COMPLETE
1,695,2025-01-29T22:00:00-05:00,Barranquilla,10.9685,-74.7813,26.8,81.0,0.0,20.4,124.67,True,695,2025,1,29,22,,VALID,False,,False,False,False,False,False,-0.466292978477,-1.3042601742,0.81,0.0,America/Bogota,2025-01-30T03:00:00+00:00,2025-01-29,CO,3689147,24,True,No festivo,False,False,True,19.96,41956.54,39498.68,True,08001,BARRANQUILLA,08,ATLÁNTICO,2025,True,18.0,academic_illustration,True,noche,True,5.544444444444444,11.654594444444445,10.971855555555555,8.8,0.0,True,COMPLETE
1,799,2025-02-03T06:00:00-05:00,Barranquilla,10.9685,-74.7813,25.5,73.0,0.0,18.1,121.52,True,799,2025,2,3,6,,VALID,False,,False,False,False,False,False,-1.00276874568,-1.51263722752,0.73,0.0,America/Bogota,2025-02-03T11:00:00+00:00,2025-02-03,CO,3689147,24,True,No festivo,False,False,True,21.6,42096.26,40523.54,True,08001,BARRANQUILLA,08,ATLÁNTICO,2025,True,18.0,academic_illustration,True,manana,True,6.0,11.693405555555556,11.256538888888889,7.5,0.0,True,COMPLETE
1,808,2025-02-03T15:00:00-05:00,Barranquilla,10.9685,-74.7813,31.2,54.0,0.0,17.4,132.89,True,808,2025,2,3,15,,VALID,False,,False,False,False,False,False,1.34947115666,-0.760495292184,0.54,0.0,America/Bogota,2025-02-03T20:00:00+00:00,2025-02-03,CO,3689147,24,True,No festivo,False,False,True,21.6,42096.26,40523.54,True,08001,BARRANQUILLA,08,ATLÁNTICO,2025,True,18.0,academic_illustration,True,tarde,True,6.0,11.693405555555556,11.256538888888889,13.2,0.0,True,COMPLETE
1,826,2025-02-04T09:00:00-05:00,Barranquilla,10.9685,-74.7813,29.4,57.0,0.0,13.9,150.75,True,826,2025,2,4,9,,VALID,False,,False,False,False,False,False,0.606658555923,0.420969524449,0.57,0.0,America/Bogota,2025-02-04T14:00:00+00:00,2025-02-04,CO,3689147,24,True,No festivo,False,False,True,21.2,42125.62,39708.35,True,08001,BARRANQUILLA,08,ATLÁNTICO,2025,True,18.0,academic_illustration,True,manana,True,5.888888888888888,11.701561111111111,11.030097222222222,11.399999999999999,0.0,True,COMPLETE
1,835,2025-02-04T18:00:00-05:00,Barranquilla,10.9685,-74.7813,26.6,81.0,0.0,14.7,158.92,True,835,2025,2,4,18,,VALID,False,,False,False,False,False,False,-0.548827711893,0.961426834185,0.81,0.0,America/Bogota,2025-02-04T23:00:00+00:00,2025-02-04,CO,3689147,24,True,No festivo,False,False,True,21.2,42125.62,39708.35,True,08001,BARRANQUILLA,08,ATLÁNTICO,2025,True,18.0,academic_illustration,True,noche,True,5.888888888888888,11.701561111111111,11.030097222222222,8.600000000000001,0.0,True,COMPLETE
1,900,2025-02-07T11:00:00-05:00,Barranquilla,10.9685,-74.7813,31.4,52.0,0.0,15.2,150.6,True,900,2025,2,7,11,,VALID,False,,False,False,False,False,False,1.43200589008,0.411046807624,0.52,0.0,America/Bogota,2025-02-07T16:00:00+00:00,2025-02-07,CO,3689147,24,True,No festivo,False,False,True,21.15,42215.87,40732.17,True,08001,BARRANQUILLA,08,ATLÁNTICO,2025,True,18.0,academic_illustration,True,manana,True,5.874999999999999,11.726630555555555,11.314491666666667,13.399999999999999,0.0,True,COMPLETE
1,903,2025-02-07T14:00:00-05:00,Barranquilla,10.9685,-74.7813,31.9,52.0,0.0,16.8,138.42,True,903,2025,2,7,14,,VALID,False,,False,False,False,False,False,1.63834272361,-0.394677798568,0.52,0.0,America/Bogota,2025-02-07T19:00:00+00:00,2025-02-07,CO,3689147,24,True,No festivo,False,False,True,21.15,42215.87,40732.17,True,08001,BARRANQUILLA,08,ATLÁNTICO,2025,True,18.0,academic_illustration,True,tarde,True,5.874999999999999,11.726630555555555,11.314491666666667,13.899999999999999,0.0,True,COMPLETE
1,944,2025-02-09T07:00:00-05:00,Barranquilla,10.9685,-74.7813,25.4,81.0,0.0,8.3,159.32,True,944,2025,2,9,7,,VALID,False,,False,False,False,False,False,-1.04403611238,0.987887412385,0.81,0.0,America/Bogota,2025-02-09T12:00:00+00:00,2025-02-09,CO,3689147,24,True,No festivo,False,True,True,20.44,42277.53,39600.0,True,08001,BARRANQUILLA,08,ATLÁNTICO,2025,True,18.0,academic_illustration,True,manana,True,5.677777777777778,11.743758333333332,11.0,7.399999999999999,0.0,False,COMPLETE
1,956,2025-02-09T19:00:00-05:00,Barranquilla,10.9685,-74.7813,25.8,83.0,0.0,20.5,149.32,True,956,2025,2,9,19,,VALID,False,,False,False,False,False,False,-0.878966645554,0.326372957383,0.83,0.0,America/Bogota,2025-02-10T00:00:00+00:00,2025-02-09,CO,3689147,24,True,No festivo,False,True,True,20.44,42277.53,39600.0,True,08001,BARRANQUILLA,08,ATLÁNTICO,2025,True,18.0,academic_illustration,True,noche,True,5.677777777777778,11.743758333333332,11.0,7.800000000000001,0.0,False,COMPLETE
1,966,2025-02-10T05:00:00-05:00,Barranquilla,10.9685,-74.7813,25.4,75.0,0.0,17.2,126.56,True,966,2025,2,10,5,,VALID,False,,False,False,False,False,False,-1.04403611238,-1.1792339422,0.75,0.0,America/Bogota,2025-02-10T10:00:00+00:00,2025-02-10,CO,3689147,24,True,No festivo,False,False,True,21.96,42308.72,40701.01,True,08001,BARRANQUILLA,08,ATLÁNTICO,2025,True,18.0,academic_illustration,True,madrugada,True,6.1,11.752422222222222,11.305836111111113,7.399999999999999,0.0,True,COMPLETE
1,1009,2025-02-12T00:00:00-05:00,Barranquilla,10.9685,-74.7813,26.7,67.0,0.0,17.0,135.97,True,1009,2025,2,12,0,,VALID,False,,False,False,False,False,False,-0.507560345185,-0.556748840044,0.67,0.0,America/Bogota,2025-02-12T05:00:00+00:00,2025-02-12,CO,3689147,24,True,No festivo,False,False,True,20.62,42371.63,39954.86,True,08001,BARRANQUILLA,08,ATLÁNTICO,2025,True,18.0,academic_illustration,True,madrugada,True,5.727777777777778,11.769897222222221,11.098572222222222,8.7,0.0,True,COMPLETE
1,1020,2025-02-12T11:00:00-05:00,Barranquilla,10.9685,-74.7813,32.1,49.0,0.0,5.6,140.27,True,1020,2025,2,12,11,,VALID,False,,False,False,False,False,False,1.72087745703,-0.272297624393,0.49,0.0,America/Bogota,2025-02-12T16:00:00+00:00,2025-02-12,CO,3689147,24,True,No festivo,False,False,True,20.62,42371.63,39954.86,True,08001,BARRANQUILLA,08,ATLÁNTICO,2025,True,18.0,academic_illustration,True,manana,True,5.727777777777778,11.769897222222221,11.098572222222222,14.100000000000001,0.0,True,COMPLETE
1,1044,2025-02-13T11:00:00-05:00,Barranquilla,10.9685,-74.7813,32.6,49.0,0.0,9.0,149.75,True,1044,2025,2,13,11,,VALID,False,,False,False,False,False,False,1.92721429057,0.354818078948,0.49,0.0,America/Bogota,2025-02-13T16:00:00+00:00,2025-02-13,CO,3689147,24,True,No festivo,False,False,True,23.25,42403.3,41389.62,True,08001,BARRANQUILLA,08,ATLÁNTICO,2025,True,18.0,academic_illustration,True,manana,True,6.458333333333333,11.778694444444445,11.497116666666667,14.600000000000001,0.0,True,COMPLETE
1,1055,2025-02-13T22:00:00-05:00,Barranquilla,10.9685,-74.7813,26.4,77.0,0.0,21.7,147.0,True,1055,2025,2,13,22,,VALID,False,,False,False,False,False,False,-0.631362445308,0.172901603823,0.77,0.0,America/Bogota,2025-02-14T03:00:00+00:00,2025-02-13,CO,3689147,24,True,No festivo,False,False,True,23.25,42403.3,41389.62,True,08001,BARRANQUILLA,08,ATLÁNTICO,2025,True,18.0,academic_illustration,True,noche,True,6.458333333333333,11.778694444444445,11.497116666666667,8.399999999999999,0.0,True,COMPLETE
1,1099,2025-02-15T18:00:00-05:00,Barranquilla,10.9685,-74.7813,26.5,80.0,0.0,13.0,162.11,True,1099,2025,2,15,18,,VALID,False,,False,False,False,False,False,-0.5900950786,1.17244994533,0.8,0.0,America/Bogota,2025-02-15T23:00:00+00:00,2025-02-15,CO,3689147,24,True,No festivo,False,True,True,22.34,42466.9,40883.04,True,08001,BARRANQUILLA,08,ATLÁNTICO,2025,True,18.0,academic_illustration,True,noche,True,6.205555555555556,11.79636111111111,11.3564,8.5,0.0,False,COMPLETE
1,1106,2025-02-16T01:00:00-05:00,Barranquilla,10.9685,-74.7813,25.6,77.0,0.0,14.1,141.0,True,1106,2025,2,16,1,,VALID,False,,False,False,False,False,False,-0.96150137897,-0.224007069178,0.77,0.0,America/Bogota,2025-02-16T06:00:00+00:00,2025-02-16,CO,3689147,24,True,No festivo,False,True,True,23.47,42498.89,41589.96,True,08001,BARRANQUILLA,08,ATLÁNTICO,2025,True,18.0,academic_illustration,True,madrugada,True,6.519444444444444,11.805247222222222,11.552766666666667,7.600000000000001,0.0,False,COMPLETE
1,1107,2025-02-16T02:00:00-05:00,Barranquilla,10.9685,-74.7813,25.5,75.0,0.0,11.1,129.57,True,1107,2025,2,16,2,,VALID,False,,False,False,False,False,False,-1.00276874568,-0.980118091245,0.75,0.0,America/Bogota,2025-02-16T07:00:00+00:00,2025-02-16,CO,3689147,24,True,No festivo,False,True,True,23.47,42498.89,41589.96,True,08001,BARRANQUILLA,08,ATLÁNTICO,2025,True,18.0,academic_illustration,True,madrugada,True,6.519444444444444,11.805247222222222,11.552766666666667,7.5,0.0,False,COMPLETE
1,1226,2025-02-21T01:00:00-05:00,Barranquilla,10.9685,-74.7813,26.0,85.0,0.0,15.1,130.4,True,1226,2025,2,21,1,,VALID,False,,False,False,False,False,False,-0.796431912139,-0.92521239148,0.85,0.0,America/Bogota,2025-02-21T06:00:00+00:00,2025-02-21,CO,3689147,24,True,No festivo,False,False,True,22.01,42664.49,41275.88,True,08001,BARRANQUILLA,08,ATLÁNTICO,2025,True,18.0,academic_illustration,True,madrugada,True,6.113888888888889,11.851247222222222,11.465522222222221,8.0,0.0,True,COMPLETE
1,1289,2025-02-23T16:00:00-05:00,Barranquilla,10.9685,-74.7813,28.9,68.0,0.0,21.7,142.13,True,1289,2025,2,23,16,,VALID,False,,False,False,False,False,False,0.400321722384,-0.149255935763,0.68,0.0,America/Bogota,2025-02-23T21:00:00+00:00,2025-02-23,CO,3689147,24,True,No festivo,False,True,True,23.41,42732.85,42020.3,True,08001,BARRANQUILLA,08,ATLÁNTICO,2025,True,18.0,academic_illustration,True,tarde,True,6.502777777777777,11.87023611111111,11.672305555555557,10.899999999999999,0.0,False,COMPLETE
1,1347,2025-02-26T02:00:00-05:00,Barranquilla,10.9685,-74.7813,25.9,93.0,0.0,6.2,130.75,True,1347,2025,2,26,2,,VALID,False,,False,False,False,False,False,-0.837699278846,-0.902059385555,0.93,0.0,America/Bogota,2025-02-26T07:00:00+00:00,2025-02-26,CO,3689147,24,True,No festivo,False,False,True,17.59,42836.94,39292.66,True,08001,BARRANQUILLA,08,ATLÁNTICO,2025,True,18.0,academic_illustration,True,madrugada,True,4.886111111111111,11.89915,10.91462777777778,7.899999999999999,0.0,True,COMPLETE
1,1384,2025-02-27T15:00:00-05:00,Barranquilla,10.9685,-74.7813,29.7,68.0,0.0,16.2,142.72,True,1384,2025,2,27,15,,VALID,False,,False,False,False,False,False,0.730460656046,-0.110226582918,0.68,0.0,America/Bogota,2025-02-27T20:00:00+00:00,2025-02-27,CO,3689147,24,True,No festivo,False,False,True,22.02,42871.93,41412.73,True,08001,BARRANQUILLA,08,ATLÁNTICO,2025,True,18.0,academic_illustration,True,tarde,True,6.116666666666666,11.908869444444445,11.503536111111112,11.7,0.0,True,COMPLETE
1,1498,2025-03-04T09:00:00-05:00,Barranquilla,10.9685,-74.7813,30.1,55.0,0.0,13.9,165.41,True,1498,2025,3,4,9,,VALID,False,,False,False,False,False,False,0.895530122877,1.39074971548,0.55,0.0,America/Bogota,2025-03-04T14:00:00+00:00,2025-03-04,CO,3689147,24,True,No festivo,False,False,True,23.35,43047.82,42280.95,True,08001,BARRANQUILLA,08,ATLÁNTICO,2025,True,18.0,academic_illustration,True,manana,True,6.486111111111112,11.957727777777778,11.744708333333332,12.100000000000001,0.0,True,COMPLETE
1,1518,2025-03-05T05:00:00-05:00,Barranquilla,10.9685,-74.7813,25.6,86.0,0.0,9.9,131.76,True,1518,2025,3,5,5,,VALID,False,,False,False,False,False,False,-0.96150137897,-0.835246425599,0.86,0.0,America/Bogota,2025-03-05T10:00:00+00:00,2025-03-05,CO,3689147,24,True,No festivo,False,False,True,22.91,43082.99,42311.71,True,08001,BARRANQUILLA,08,ATLÁNTICO,2025,True,18.0,academic_illustration,True,madrugada,True,6.363888888888889,11.967497222222221,11.753252777777778,7.600000000000001,0.0,True,COMPLETE
1,1582,2025-03-07T21:00:00-05:00,Barranquilla,10.9685,-74.7813,26.4,83.0,0.0,20.8,170.48,True,1582,2025,3,7,21,,VALID,False,,False,False,False,False,False,-0.631362445308,1.72613754417,0.83,0.0,America/Bogota,2025-03-08T02:00:00+00:00,2025-03-07,CO,3689147,24,True,No festivo,False,False,True,18.0,43153.12,40801.39,True,08001,BARRANQUILLA,08,ATLÁNTICO,2025,True,18.0,academic_illustration,True,noche,True,5.0,11.986977777777778,11.333719444444444,8.399999999999999,0.0,True,COMPLETE
1,1591,2025-03-08T06:00:00-05:00,Barranquilla,10.9685,-74.7813,24.7,91.0,0.0,2.0,127.57,True,1591,2025,3,8,6,,VALID,False,,False,False,False,False,False,-1.33290767934,-1.11242098225,0.91,0.0,America/Bogota,2025-03-08T11:00:00+00:00,2025-03-08,CO,3689147,24,True,No festivo,False,True,True,23.11,43188.11,42404.63,True,08001,BARRANQUILLA,08,ATLÁNTICO,2025,True,18.0,academic_illustration,True,manana,True,6.419444444444444,11.996697222222222,11.779063888888889,6.699999999999999,0.0,False,COMPLETE
1,1667,2025-03-11T10:00:00-05:00,Barranquilla,10.9685,-74.7813,31.5,57.0,0.0,3.8,142.55,True,1667,2025,3,11,10,,VALID,False,,False,False,False,False,False,1.47327325678,-0.121472328653,0.57,0.0,America/Bogota,2025-03-11T15:00:00+00:00,2025-03-11,CO,3689147,24,True,No festivo,False,False,True,24.7,43294.41,42502.37,True,08001,BARRANQUILLA,08,ATLÁNTICO,2025,True,18.0,academic_illustration,True,manana,True,6.861111111111111,12.026225,11.80621388888889,13.5,0.0,True,COMPLETE
1,1692,2025-03-12T11:00:00-05:00,Barranquilla,10.9685,-74.7813,34.3,46.0,0.0,7.4,143.62,True,1692,2025,3,12,11,,VALID,False,,False,False,False,False,False,2.6287595246,-0.0506902819675,0.46,0.0,America/Bogota,2025-03-12T16:00:00+00:00,2025-03-12,CO,3689147,24,True,No festivo,False,False,True,22.73,43330.21,42536.32,True,08001,BARRANQUILLA,08,ATLÁNTICO,2025,True,18.0,academic_illustration,True,manana,True,6.313888888888889,12.036169444444445,11.815644444444445,16.299999999999997,0.0,True,COMPLETE
1,1717,2025-03-13T12:00:00-05:00,Barranquilla,10.9685,-74.7813,33.8,47.0,0.0,9.9,150.14,True,1717,2025,3,13,12,,VALID,False,,False,False,False,False,False,2.42242269106,0.380617142694,0.47,0.0,America/Bogota,2025-03-13T17:00:00+00:00,2025-03-13,CO,3689147,24,True,No festivo,False,False,True,22.77,43366.17,42570.84,True,08001,BARRANQUILLA,08,ATLÁNTICO,2025,True,18.0,academic_illustration,True,tarde,True,6.324999999999999,12.046158333333333,11.825233333333331,15.799999999999997,0.0,True,COMPLETE
1,1767,2025-03-15T14:00:00-05:00,Barranquilla,10.9685,-74.7813,31.4,51.0,0.0,18.3,145.23,True,1767,2025,3,15,14,,VALID,False,,False,False,False,False,False,1.43200589008,0.0558135452877,0.51,0.0,America/Bogota,2025-03-15T19:00:00+00:00,2025-03-15,CO,3689147,24,True,No festivo,False,True,True,19.43,43438.4,41831.05,True,08001,BARRANQUILLA,08,ATLÁNTICO,2025,True,18.0,academic_illustration,True,tarde,True,5.397222222222222,12.066222222222223,11.619736111111111,13.399999999999999,0.0,False,COMPLETE
1,1772,2025-03-15T19:00:00-05:00,Barranquilla,10.9685,-74.7813,26.6,81.0,0.0,16.9,177.03,True,1772,2025,3,15,19,,VALID,False,,False,False,False,False,False,-0.548827711893,2.15942951219,0.81,0.0,America/Bogota,2025-03-16T00:00:00+00:00,2025-03-15,CO,3689147,24,True,No festivo,False,True,True,19.43,43438.4,41831.05,True,08001,BARRANQUILLA,08,ATLÁNTICO,2025,True,18.0,academic_illustration,True,noche,True,5.397222222222222,12.066222222222223,11.619736111111111,8.600000000000001,0.0,False,COMPLETE
1,1784,2025-03-16T07:00:00-05:00,Barranquilla,10.9685,-74.7813,25.7,88.0,0.0,4.5,157.81,True,1784,2025,3,16,7,,VALID,False,,False,False,False,False,False,-0.920234012262,0.88799872968,0.88,0.0,America/Bogota,2025-03-16T12:00:00+00:00,2025-03-16,CO,3689147,24,True,No festivo,False,True,True,23.66,43474.65,42677.07,True,08001,BARRANQUILLA,08,ATLÁNTICO,2025,True,18.0,academic_illustration,True,manana,True,6.572222222222222,12.076291666666666,11.854741666666667,7.699999999999999,0.0,False,COMPLETE
1,1799,2025-03-16T22:00:00-05:00,Barranquilla,10.9685,-74.7813,27.1,80.0,0.0,20.6,130.76,True,1799,2025,3,16,22,,VALID,False,,False,False,False,False,False,-0.342490878354,-0.9013978711,0.8,0.0,America/Bogota,2025-03-17T03:00:00+00:00,2025-03-16,CO,3689147,24,True,No festivo,False,True,True,23.66,43474.65,42677.07,True,08001,BARRANQUILLA,08,ATLÁNTICO,2025,True,18.0,academic_illustration,True,noche,True,6.572222222222222,12.076291666666666,11.854741666666667,9.100000000000001,0.0,False,COMPLETE
1,1841,2025-03-18T16:00:00-05:00,Barranquilla,10.9685,-74.7813,29.3,63.0,0.0,19.1,136.54,True,1841,2025,3,18,16,,VALID,False,,False,False,False,False,False,0.565391189215,-0.519042516109,0.63,0.0,America/Bogota,2025-03-18T21:00:00+00:00,2025-03-18,CO,3689147,24,True,No festivo,False,False,True,17.75,43547.24,37436.08,True,08001,BARRANQUILLA,08,ATLÁNTICO,2025,True,18.0,academic_illustration,True,tarde,True,4.930555555555555,12.096455555555554,10.398911111111111,11.3,0.0,True,COMPLETE
1,1940,2025-03-22T19:00:00-05:00,Barranquilla,10.9685,-74.7813,28.8,71.0,0.0,18.3,168.61,True,1940,2025,3,22,19,,VALID,False,,False,False,False,False,False,0.359054355677,1.60243434108,0.71,0.0,America/Bogota,2025-03-23T00:00:00+00:00,2025-03-22,CO,3689147,24,True,No festivo,False,True,True,23.65,43692.24,42895.08,True,08001,BARRANQUILLA,08,ATLÁNTICO,2025,True,18.0,academic_illustration,True,noche,True,6.569444444444444,12.136733333333332,11.9153,10.8,0.0,False,COMPLETE
1,1943,2025-03-22T22:00:00-05:00,Barranquilla,10.9685,-74.7813,28.3,72.0,0.0,19.7,141.99,True,1943,2025,3,22,22,,VALID,False,,False,False,False,False,False,0.152717522138,-0.158517138133,0.72,0.0,America/Bogota,2025-03-23T03:00:00+00:00,2025-03-22,CO,3689147,24,True,No festivo,False,True,True,23.65,43692.24,42895.08,True,08001,BARRANQUILLA,08,ATLÁNTICO,2025,True,18.0,academic_illustration,True,noche,True,6.569444444444444,12.136733333333332,11.9153,10.3,0.0,False,COMPLETE
1,1956,2025-03-23T11:00:00-05:00,Barranquilla,10.9685,-74.7813,34.7,47.0,0.0,9.1,148.79,True,1956,2025,3,23,11,,VALID,False,,False,False,False,False,False,2.79382899143,0.291312691268,0.47,0.0,America/Bogota,2025-03-23T16:00:00+00:00,2025-03-23,CO,3689147,24,True,No festivo,False,True,True,25.91,43728.31,42931.3,True,08001,BARRANQUILLA,08,ATLÁNTICO,2025,True,18.0,academic_illustration,True,manana,True,7.197222222222222,12.146752777777778,11.925361111111112,16.700000000000003,0.0,False,COMPLETE
1,2020,2025-03-26T03:00:00-05:00,Barranquilla,10.9685,-74.7813,25.2,92.0,0.0,6.7,135.52,True,2020,2025,3,26,3,,VALID,False,,False,False,False,False,False,-1.1265708458,-0.586516990519,0.92,0.0,America/Bogota,2025-03-26T08:00:00+00:00,2025-03-26,CO,3689147,24,True,No festivo,False,False,True,22.99,43835.67,43038.31,True,08001,BARRANQUILLA,08,ATLÁNTICO,2025,True,18.0,academic_illustration,True,madrugada,True,6.38611111111111,12.176575,11.955086111111111,7.199999999999999,0.0,True,COMPLETE
1,2026,2025-03-26T09:00:00-05:00,Barranquilla,10.9685,-74.7813,30.7,62.0,0.0,2.9,168.81,True,2026,2025,3,26,9,,VALID,False,,False,False,False,False,False,1.14313432312,1.61566463018,0.62,0.0,America/Bogota,2025-03-26T14:00:00+00:00,2025-03-26,CO,3689147,24,True,No festivo,False,False,True,22.99,43835.67,43038.31,True,08001,BARRANQUILLA,08,ATLÁNTICO,2025,True,18.0,academic_illustration,True,manana,True,6.38611111111111,12.176575,11.955086111111111,12.7,0.0,True,COMPLETE
1,2034,2025-03-26T17:00:00-05:00,Barranquilla,10.9685,-74.7813,28.1,73.0,0.0,16.5,136.52,True,2034,2025,3,26,17,,VALID,False,,False,False,False,False,False,0.0701827887227,-0.520365545019,0.73,0.0,America/Bogota,2025-03-26T22:00:00+00:00,2025-03-26,CO,3689147,24,True,No festivo,False,False,True,22.99,43835.67,43038.31,True,08001,BARRANQUILLA,08,ATLÁNTICO,2025,True,18.0,academic_illustration,True,tarde,True,6.38611111111111,12.176575,11.955086111111111,10.100000000000001,0.0,True,COMPLETE
1,2079,2025-03-28T14:00:00-05:00,Barranquilla,10.9685,-74.7813,32.4,53.0,0.0,13.9,152.6,True,2079,2025,3,28,14,,VALID,False,,False,False,False,False,False,1.84467955715,0.543349698624,0.53,0.0,America/Bogota,2025-03-28T19:00:00+00:00,2025-03-28,CO,3689147,24,True,No festivo,False,False,True,21.89,43906.39,42429.43,True,08001,BARRANQUILLA,08,ATLÁNTICO,2025,True,18.0,academic_illustration,True,tarde,True,6.080555555555556,12.196219444444445,11.785952777777778,14.399999999999999,0.0,True,COMPLETE
1,2111,2025-03-29T22:00:00-05:00,Barranquilla,10.9685,-74.7813,27.0,80.0,0.0,14.5,134.56,True,2111,2025,3,29,22,,VALID,False,,False,False,False,False,False,-0.383758245062,-0.650022378199,0.8,0.0,America/Bogota,2025-03-30T03:00:00+00:00,2025-03-29,CO,3689147,24,True,No festivo,False,True,True,21.54,43941.78,40630.05,True,08001,BARRANQUILLA,08,ATLÁNTICO,2025,True,18.0,academic_illustration,True,noche,True,5.983333333333333,12.20605,11.286125,9.0,0.0,False,COMPLETE
1,2200,2025-04-02T15:00:00-05:00,Barranquilla,10.9685,-74.7813,32.1,53.0,0.0,16.4,124.0,True,2200,2025,4,2,15,,VALID,False,,False,False,False,False,False,1.72087745703,-1.34858164268,0.53,0.0,America/Bogota,2025-04-02T20:00:00+00:00,2025-04-02,CO,3689147,24,True,No festivo,False,False,True,22.18,44084.03,41398.12,True,08001,BARRANQUILLA,08,ATLÁNTICO,2025,True,18.0,academic_illustration,True,tarde,True,6.1611111111111105,12.245563888888888,11.499477777777779,14.100000000000001,0.0,True,COMPLETE
1,2215,2025-04-03T06:00:00-05:00,Barranquilla,10.9685,-74.7813,26.3,80.0,0.0,4.8,131.15,True,2215,2025,4,3,6,,VALID,False,,False,False,False,False,False,-0.672629812016,-0.875598807355,0.8,0.0,America/Bogota,2025-04-03T11:00:00+00:00,2025-04-03,CO,3689147,24,True,No festivo,False,False,True,16.37,44119.64,34809.23,True,08001,BARRANQUILLA,08,ATLÁNTICO,2025,True,18.0,academic_illustration,True,manana,True,4.5472222222222225,12.255455555555555,9.669230555555556,8.3,0.0,True,COMPLETE
1,2224,2025-04-03T15:00:00-05:00,Barranquilla,10.9685,-74.7813,32.4,53.0,0.0,17.5,141.44,True,2224,2025,4,3,15,,VALID,False,,False,False,False,False,False,1.84467955715,-0.194900433158,0.53,0.0,America/Bogota,2025-04-03T20:00:00+00:00,2025-04-03,CO,3689147,24,True,No festivo,False,False,True,16.37,44119.64,34809.23,True,08001,BARRANQUILLA,08,ATLÁNTICO,2025,True,18.0,academic_illustration,True,tarde,True,4.5472222222222225,12.255455555555555,9.669230555555556,14.399999999999999,0.0,True,COMPLETE
1,2226,2025-04-03T17:00:00-05:00,Barranquilla,10.9685,-74.7813,29.8,64.0,0.0,14.5,141.42,True,2226,2025,4,3,17,,VALID,False,,False,False,False,False,False,0.771728022753,-0.196223462068,0.64,0.0,America/Bogota,2025-04-03T22:00:00+00:00,2025-04-03,CO,3689147,24,True,No festivo,False,False,True,16.37,44119.64,34809.23,True,08001,BARRANQUILLA,08,ATLÁNTICO,2025,True,18.0,academic_illustration,True,tarde,True,4.5472222222222225,12.255455555555555,9.669230555555556,11.8,0.0,True,COMPLETE
1,2247,2025-04-04T14:00:00-05:00,Barranquilla,10.9685,-74.7813,32.4,51.0,0.0,15.0,134.54,True,2247,2025,4,4,14,,VALID,False,,False,False,False,False,False,1.84467955715,-0.651345407109,0.51,0.0,America/Bogota,2025-04-04T19:00:00+00:00,2025-04-04,CO,3689147,24,True,No festivo,False,False,True,22.29,44155.24,41055.15,True,08001,BARRANQUILLA,08,ATLÁNTICO,2025,True,18.0,academic_illustration,True,tarde,True,6.191666666666666,12.265344444444445,11.404208333333333,14.399999999999999,0.0,True,COMPLETE
1,2262,2025-04-05T05:00:00-05:00,Barranquilla,10.9685,-74.7813,26.0,74.0,0.0,12.9,136.16,True,2262,2025,4,5,5,,VALID,False,,False,False,False,False,False,-0.796431912139,-0.544180065399,0.74,0.0,America/Bogota,2025-04-05T10:00:00+00:00,2025-04-05,CO,3689147,24,True,No festivo,False,True,True,23.62,44190.78,42066.24,True,08001,BARRANQUILLA,08,ATLÁNTICO,2025,True,18.0,academic_illustration,True,madrugada,True,6.561111111111111,12.275216666666667,11.685066666666666,8.0,0.0,False,COMPLETE
1,2306,2025-04-07T01:00:00-05:00,Barranquilla,10.9685,-74.7813,24.6,97.0,0.1,6.7,143.92,True,2306,2025,4,7,1,,VALID,False,,False,False,False,False,False,-1.37417504605,-0.0308448483175,0.97,0.0953101798043,America/Bogota,2025-04-07T06:00:00+00:00,2025-04-07,CO,3689147,24,True,No festivo,False,False,True,22.3,44261.63,42546.69,True,08001,BARRANQUILLA,08,ATLÁNTICO,2025,True,18.0,academic_illustration,True,madrugada,True,6.194444444444445,12.294897222222222,11.818525000000001,6.600000000000001,0.0,True,COMPLETE
1,2359,2025-04-09T06:00:00-05:00,Barranquilla,10.9685,-74.7813,25.0,99.0,0.0,4.1,119.22,True,2359,2025,4,9,6,,VALID,False,,False,False,False,False,False,-1.20910557922,-1.66478555217,0.99,0.0,America/Bogota,2025-04-09T11:00:00+00:00,2025-04-09,CO,3689147,24,True,No festivo,False,False,True,24.71,44332.0,43200.0,True,08001,BARRANQUILLA,08,ATLÁNTICO,2025,True,18.0,academic_illustration,True,manana,True,6.863888888888889,12.314444444444444,12.0,7.0,0.0,True,COMPLETE
1,2374,2025-04-09T21:00:00-05:00,Barranquilla,10.9685,-74.7813,26.8,91.0,0.0,13.4,162.65,True,2374,2025,4,9,21,,VALID,False,,False,False,False,False,False,-0.466292978477,1.2081717259,0.91,0.0,America/Bogota,2025-04-10T02:00:00+00:00,2025-04-09,CO,3689147,24,True,No festivo,False,False,True,24.71,44332.0,43200.0,True,08001,BARRANQUILLA,08,ATLÁNTICO,2025,True,18.0,academic_illustration,True,noche,True,6.863888888888889,12.314444444444444,12.0,8.8,0.0,True,COMPLETE
1,2420,2025-04-11T19:00:00-05:00,Barranquilla,10.9685,-74.7813,25.2,93.0,0.5,4.0,161.73,True,2420,2025,4,11,19,,VALID,False,,False,False,False,False,False,-1.1265708458,1.14731239604,0.93,0.405465108108,America/Bogota,2025-04-12T00:00:00+00:00,2025-04-11,CO,3689147,24,True,No festivo,False,False,True,18.11,44401.68,26944.81,True,08001,BARRANQUILLA,08,ATLÁNTICO,2025,True,18.0,academic_illustration,True,noche,True,5.030555555555555,12.3338,7.484669444444445,7.199999999999999,0.0,True,COMPLETE
1,2451,2025-04-13T02:00:00-05:00,Barranquilla,10.9685,-74.7813,26.0,94.0,0.0,10.7,137.75,True,2451,2025,4,13,2,,VALID,False,,False,False,False,False,False,-0.796431912139,-0.438999267053,0.94,0.0,America/Bogota,2025-04-13T07:00:00+00:00,2025-04-13,CO,3689147,24,True,No festivo,False,True,True,24.72,44470.48,43200.0,True,08001,BARRANQUILLA,08,ATLÁNTICO,2025,True,18.0,academic_illustration,True,madrugada,True,6.866666666666666,12.352911111111112,12.0,8.0,0.0,False,COMPLETE
1,2453,2025-04-13T04:00:00-05:00,Barranquilla,10.9685,-74.7813,26.2,91.0,0.0,9.2,126.83,True,2453,2025,4,13,4,,VALID,False,,False,False,False,False,False,-0.713897178723,-1.16137305192,0.91,0.0,America/Bogota,2025-04-13T09:00:00+00:00,2025-04-13,CO,3689147,24,True,No festivo,False,True,True,24.72,44470.48,43200.0,True,08001,BARRANQUILLA,08,ATLÁNTICO,2025,True,18.0,academic_illustration,True,madrugada,True,6.866666666666666,12.352911111111112,12.0,8.2,0.0,False,COMPLETE
1,2489,2025-04-14T16:00:00-05:00,Barranquilla,10.9685,-74.7813,30.8,68.0,0.0,14.1,147.77,True,2489,2025,4,14,16,,VALID,False,,False,False,False,False,False,1.18440168983,0.223838216858,0.68,0.0,America/Bogota,2025-04-14T21:00:00+00:00,2025-04-14,CO,3689147,24,True,No festivo,False,False,True,25.39,44504.48,43200.0,True,08001,BARRANQUILLA,08,ATLÁNTICO,2025,True,18.0,academic_illustration,True,tarde,True,7.052777777777778,12.362355555555556,12.0,12.8,0.0,True,COMPLETE
1,2501,2025-04-15T04:00:00-05:00,Barranquilla,10.9685,-74.7813,26.7,79.0,0.0,20.4,132.82,True,2501,2025,4,15,4,,VALID,False,,False,False,False,False,False,-0.507560345185,-0.765125893369,0.79,0.0,America/Bogota,2025-04-15T09:00:00+00:00,2025-04-15,CO,3689147,24,True,No festivo,False,False,True,25.83,44538.17,43200.0,True,08001,BARRANQUILLA,08,ATLÁNTICO,2025,True,18.0,academic_illustration,True,madrugada,True,7.174999999999999,12.371713888888888,12.0,8.7,0.0,True,COMPLETE
1,2551,2025-04-17T06:00:00-05:00,Barranquilla,10.9685,-74.7813,26.3,85.0,0.0,9.2,131.05,True,2551,2025,4,17,6,,VALID,False,,False,False,False,False,False,-0.672629812016,-0.882213951905,0.85,0.0,America/Bogota,2025-04-17T11:00:00+00:00,2025-04-17,CO,3689147,24,True,Jueves Santo,True,False,True,24.83,44604.62,43200.0,True,08001,BARRANQUILLA,08,ATLÁNTICO,2025,True,18.0,academic_illustration,True,manana,True,6.897222222222221,12.390172222222223,12.0,8.3,0.0,False,COMPLETE
1,2591,2025-04-18T22:00:00-05:00,Barranquilla,10.9685,-74.7813,27.2,83.0,0.0,22.0,134.45,True,2591,2025,4,18,22,,VALID,False,,False,False,False,False,False,-0.301223511646,-0.657299037204,0.83,0.0,America/Bogota,2025-04-19T03:00:00+00:00,2025-04-18,CO,3689147,24,True,Viernes Santo,True,False,True,25.57,44637.67,43200.0,True,08001,BARRANQUILLA,08,ATLÁNTICO,2025,True,18.0,academic_illustration,True,noche,True,7.102777777777778,12.399352777777777,12.0,9.2,0.0,False,COMPLETE
1,2609,2025-04-19T16:00:00-05:00,Barranquilla,10.9685,-74.7813,30.2,69.0,0.0,22.2,136.0,True,2609,2025,4,19,16,,VALID,False,,False,False,False,False,False,0.936797489584,-0.554764296679,0.69,0.0,America/Bogota,2025-04-19T21:00:00+00:00,2025-04-19,CO,3689147,24,True,No festivo,False,True,True,19.15,44670.67,37132.27,True,08001,BARRANQUILLA,08,ATLÁNTICO,2025,True,18.0,academic_illustration,True,tarde,True,5.319444444444444,12.408519444444444,10.314519444444443,12.2,0.0,False,COMPLETE
1,2614,2025-04-19T21:00:00-05:00,Barranquilla,10.9685,-74.7813,27.7,81.0,0.0,20.0,159.62,True,2614,2025,4,19,21,,VALID,False,,False,False,False,False,False,-0.094886678108,1.00773284604,0.81,0.0,America/Bogota,2025-04-20T02:00:00+00:00,2025-04-19,CO,3689147,24,True,No festivo,False,True,True,19.15,44670.67,37132.27,True,08001,BARRANQUILLA,08,ATLÁNTICO,2025,True,18.0,academic_illustration,True,noche,True,5.319444444444444,12.408519444444444,10.314519444444443,9.7,0.0,False,COMPLETE
1,2788,2025-04-27T03:00:00-05:00,Barranquilla,10.9685,-74.7813,24.9,96.0,0.0,4.1,127.79,True,2788,2025,4,27,3,,VALID,False,,False,False,False,False,False,-1.25037294592,-1.09786766424,0.96,0.0,America/Bogota,2025-04-27T08:00:00+00:00,2025-04-27,CO,3689147,24,True,No festivo,False,True,True,21.93,44929.65,38898.77,True,08001,BARRANQUILLA,08,ATLÁNTICO,2025,True,18.0,academic_illustration,True,madrugada,True,6.091666666666667,12.480458333333333,10.805213888888888,6.899999999999999,0.0,False,COMPLETE
1,2867,2025-04-30T10:00:00-05:00,Barranquilla,10.9685,-74.7813,30.3,70.0,0.1,1.1,146.87,True,2867,2025,4,30,10,,VALID,False,,False,False,False,False,False,0.978064856292,0.164301915908,0.7,0.0953101798043,America/Bogota,2025-04-30T15:00:00+00:00,2025-04-30,CO,3689147,24,True,No festivo,False,False,True,19.68,45022.76,31515.7,True,08001,BARRANQUILLA,08,ATLÁNTICO,2025,True,18.0,academic_illustration,True,manana,True,5.466666666666667,12.506322222222224,8.75436111111111,12.3,0.0,True,COMPLETE
1,2962,2025-05-04T09:00:00-05:00,Barranquilla,10.9685,-74.7813,29.0,75.0,0.1,1.3,161.44,True,2962,2025,5,4,9,,VALID,False,,False,False,False,False,False,0.441589089092,1.12812847685,0.75,0.0953101798043,America/Bogota,2025-05-04T14:00:00+00:00,2025-05-04,CO,3689147,24,True,No festivo,False,True,True,22.7,45141.53,42371.85,True,08001,BARRANQUILLA,08,ATLÁNTICO,2025,True,18.0,academic_illustration,True,manana,True,6.305555555555555,12.539313888888888,11.769958333333333,11.0,0.0,False,COMPLETE
1,2982,2025-05-05T05:00:00-05:00,Barranquilla,10.9685,-74.7813,24.7,98.0,0.0,3.0,133.4,True,2982,2025,5,5,5,,VALID,False,,False,False,False,False,False,-1.33290767934,-0.726758054979,0.98,0.0,America/Bogota,2025-05-05T10:00:00+00:00,2025-05-05,CO,3689147,24,True,No festivo,False,False,True,18.86,45170.06,32178.3,True,08001,BARRANQUILLA,08,ATLÁNTICO,2025,True,18.0,academic_illustration,True,madrugada,True,5.238888888888889,12.547238888888888,8.938416666666667,6.699999999999999,0.0,True,COMPLETE
1,3046,2025-05-07T21:00:00-05:00,Barranquilla,10.9685,-74.7813,24.9,95.0,0.2,4.1,171.66,True,3046,2025,5,7,21,,VALID,False,,False,False,False,False,False,-1.25037294592,1.80419624986,0.95,0.182321556794,America/Bogota,2025-05-08T02:00:00+00:00,2025-05-07,CO,3689147,24,True,No festivo,False,False,True,16.63,45225.61,33055.14,True,08001,BARRANQUILLA,08,ATLÁNTICO,2025,True,18.0,academic_illustration,True,noche,True,4.6194444444444445,12.562669444444445,9.181983333333333,6.899999999999999,0.0,True,COMPLETE
1,3055,2025-05-08T06:00:00-05:00,Barranquilla,10.9685,-74.7813,24.6,96.0,0.0,1.3,124.23,True,3055,2025,5,8,6,,VALID,False,,False,False,False,False,False,-1.37417504605,-1.33336681022,0.96,0.0,America/Bogota,2025-05-08T11:00:00+00:00,2025-05-08,CO,3689147,24,True,No festivo,False,False,True,22.53,45252.88,42666.39,True,08001,BARRANQUILLA,08,ATLÁNTICO,2025,True,18.0,academic_illustration,True,manana,True,6.258333333333334,12.570244444444445,11.851775,6.600000000000001,0.0,True,COMPLETE
1,3131,2025-05-11T10:00:00-05:00,Barranquilla,10.9685,-74.7813,32.9,66.0,0.0,3.3,147.09,True,3131,2025,5,11,10,,VALID,False,,False,False,False,False,False,2.05101639069,0.178855233918,0.66,0.0,America/Bogota,2025-05-11T15:00:00+00:00,2025-05-11,CO,3689147,24,True,No festivo,False,True,True,25.29,45332.9,43200.0,True,08001,BARRANQUILLA,08,ATLÁNTICO,2025,True,18.0,academic_illustration,True,manana,True,7.0249999999999995,12.592472222222222,12.0,14.899999999999999,0.0,False,COMPLETE
1,3156,2025-05-12T11:00:00-05:00,Barranquilla,10.9685,-74.7813,33.0,63.0,0.0,4.6,169.69,True,3156,2025,5,12,11,,VALID,False,,False,False,False,False,False,2.0922837574,1.67387790222,0.63,0.0,America/Bogota,2025-05-12T16:00:00+00:00,2025-05-12,CO,3689147,24,True,No festivo,False,False,True,23.77,45358.9,42444.57,True,08001,BARRANQUILLA,08,ATLÁNTICO,2025,True,18.0,academic_illustration,True,manana,True,6.602777777777778,12.599694444444445,11.790158333333332,15.0,0.0,True,COMPLETE
1,3181,2025-05-13T12:00:00-05:00,Barranquilla,10.9685,-74.7813,32.5,64.0,0.0,8.6,147.34,True,3181,2025,5,13,12,,VALID,False,,False,False,False,False,False,1.88594692386,0.195393095293,0.64,0.0,America/Bogota,2025-05-13T17:00:00+00:00,2025-05-13,CO,3689147,24,True,No festivo,False,False,True,24.18,45384.53,43200.0,True,08001,BARRANQUILLA,08,ATLÁNTICO,2025,True,18.0,academic_illustration,True,tarde,True,6.716666666666667,12.606813888888889,12.0,14.5,0.0,True,COMPLETE
1,3231,2025-05-15T14:00:00-05:00,Barranquilla,10.9685,-74.7813,28.1,81.0,0.0,4.9,137.04,True,3231,2025,5,15,14,,VALID,False,,False,False,False,False,False,0.0701827887227,-0.485966793359,0.81,0.0,America/Bogota,2025-05-15T19:00:00+00:00,2025-05-15,CO,3689147,24,True,No festivo,False,False,True,11.41,45434.55,3012.85,True,08001,BARRANQUILLA,08,ATLÁNTICO,2025,True,18.0,academic_illustration,True,tarde,True,3.1694444444444443,12.620708333333335,0.8369027777777778,10.100000000000001,0.0,True,COMPLETE
1,3236,2025-05-15T19:00:00-05:00,Barranquilla,10.9685,-74.7813,26.7,91.0,1.2,7.6,152.6,True,3236,2025,5,15,19,,VALID,False,,False,False,False,False,False,-0.507560345185,0.543349698624,0.91,0.788457360364,America/Bogota,2025-05-16T00:00:00+00:00,2025-05-15,CO,3689147,24,True,No festivo,False,False,True,11.41,45434.55,3012.85,True,08001,BARRANQUILLA,08,ATLÁNTICO,2025,True,18.0,academic_illustration,True,noche,True,3.1694444444444443,12.620708333333335,0.8369027777777778,8.7,0.0,True,COMPLETE
1,3248,2025-05-16T07:00:00-05:00,Barranquilla,10.9685,-74.7813,24.2,97.0,0.0,5.7,156.05,True,3248,2025,5,16,7,,VALID,False,,False,False,False,False,False,-1.53924451288,0.771572185599,0.97,0.0,America/Bogota,2025-05-16T12:00:00+00:00,2025-05-16,CO,3689147,24,True,No festivo,False,False,True,13.8,45458.88,14943.17,True,08001,BARRANQUILLA,08,ATLÁNTICO,2025,True,18.0,academic_illustration,True,manana,True,3.8333333333333335,12.627466666666665,4.150880555555555,6.199999999999999,0.0,True,COMPLETE
1,3263,2025-05-16T22:00:00-05:00,Barranquilla,10.9685,-74.7813,25.8,95.0,0.0,0.7,138.34,True,3263,2025,5,16,22,,VALID,False,,False,False,False,False,False,-0.878966645554,-0.399969914208,0.95,0.0,America/Bogota,2025-05-17T03:00:00+00:00,2025-05-16,CO,3689147,24,True,No festivo,False,False,True,13.8,45458.88,14943.17,True,08001,BARRANQUILLA,08,ATLÁNTICO,2025,True,18.0,academic_illustration,True,noche,True,3.8333333333333335,12.627466666666665,4.150880555555555,7.800000000000001,0.0,True,COMPLETE
1,3305,2025-05-18T16:00:00-05:00,Barranquilla,10.9685,-74.7813,26.5,85.0,2.7,3.9,131.27,True,3305,2025,5,18,16,,VALID,False,,False,False,False,False,False,-0.5900950786,-0.867660633895,0.85,1.30833281965,America/Bogota,2025-05-18T21:00:00+00:00,2025-05-18,CO,3689147,24,True,No festivo,False,True,True,22.79,45506.08,41969.98,True,08001,BARRANQUILLA,08,ATLÁNTICO,2025,True,18.0,academic_illustration,True,tarde,True,6.330555555555555,12.640577777777779,11.658327777777778,8.5,0.0,False,COMPLETE
1,3404,2025-05-22T19:00:00-05:00,Barranquilla,10.9685,-74.7813,27.6,91.0,0.0,9.4,185.3,True,3404,2025,5,22,19,,VALID,False,,False,False,False,False,False,-0.136154044816,2.70650196648,0.91,0.0,America/Bogota,2025-05-23T00:00:00+00:00,2025-05-22,CO,3689147,24,True,No festivo,False,False,True,21.53,45593.82,39599.14,True,08001,BARRANQUILLA,08,ATLÁNTICO,2025,True,18.0,academic_illustration,True,noche,True,5.980555555555556,12.66495,10.99976111111111,9.600000000000001,0.0,True,COMPLETE
1,3407,2025-05-22T22:00:00-05:00,Barranquilla,10.9685,-74.7813,28.0,86.0,0.0,8.4,134.24,True,3407,2025,5,22,22,,VALID,False,,False,False,False,False,False,0.028915422015,-0.671190840759,0.86,0.0,America/Bogota,2025-05-23T03:00:00+00:00,2025-05-22,CO,3689147,24,True,No festivo,False,False,True,21.53,45593.82,39599.14,True,08001,BARRANQUILLA,08,ATLÁNTICO,2025,True,18.0,academic_illustration,True,noche,True,5.980555555555556,12.66495,10.99976111111111,10.0,0.0,True,COMPLETE
1,3420,2025-05-23T11:00:00-05:00,Barranquilla,10.9685,-74.7813,31.9,67.0,0.0,11.0,137.7,True,3420,2025,5,23,11,,VALID,False,,False,False,False,False,False,1.63834272361,-0.442306839328,0.67,0.0,America/Bogota,2025-05-23T16:00:00+00:00,2025-05-23,CO,3689147,24,True,No festivo,False,False,True,25.12,45614.2,43200.0,True,08001,BARRANQUILLA,08,ATLÁNTICO,2025,True,18.0,academic_illustration,True,manana,True,6.977777777777778,12.67061111111111,12.0,13.899999999999999,0.0,True,COMPLETE
1,3484,2025-05-26T03:00:00-05:00,Barranquilla,10.9685,-74.7813,26.3,89.0,0.0,3.5,138.54,True,3484,2025,5,26,3,,VALID,False,,False,False,False,False,False,-0.672629812016,-0.386739625108,0.89,0.0,America/Bogota,2025-05-26T08:00:00+00:00,2025-05-26,CO,3689147,24,True,No festivo,False,False,True,22.86,45671.19,43200.0,True,08001,BARRANQUILLA,08,ATLÁNTICO,2025,True,18.0,academic_illustration,True,madrugada,True,6.35,12.686441666666667,12.0,8.3,0.0,True,COMPLETE
1,3490,2025-05-26T09:00:00-05:00,Barranquilla,10.9685,-74.7813,30.8,69.0,0.0,1.6,157.65,True,3490,2025,5,26,9,,VALID,False,,False,False,False,False,False,1.18440168983,0.8774144984,0.69,0.0,America/Bogota,2025-05-26T14:00:00+00:00,2025-05-26,CO,3689147,24,True,No festivo,False,False,True,22.86,45671.19,43200.0,True,08001,BARRANQUILLA,08,ATLÁNTICO,2025,True,18.0,academic_illustration,True,manana,True,6.35,12.686441666666667,12.0,12.8,0.0,True,COMPLETE
1,3498,2025-05-26T17:00:00-05:00,Barranquilla,10.9685,-74.7813,29.9,75.0,0.0,10.2,128.16,True,3498,2025,5,26,17,,VALID,False,,False,False,False,False,False,0.812995389461,-1.0733916294,0.75,0.0,America/Bogota,2025-05-26T22:00:00+00:00,2025-05-26,CO,3689147,24,True,No festivo,False,False,True,22.86,45671.19,43200.0,True,08001,BARRANQUILLA,08,ATLÁNTICO,2025,True,18.0,academic_illustration,True,tarde,True,6.35,12.686441666666667,12.0,11.899999999999999,0.0,True,COMPLETE
1,3543,2025-05-28T14:00:00-05:00,Barranquilla,10.9685,-74.7813,31.0,66.0,0.0,9.7,151.49,True,3543,2025,5,28,14,,VALID,False,,False,False,False,False,False,1.26693642325,0.469921594119,0.66,0.0,America/Bogota,2025-05-28T19:00:00+00:00,2025-05-28,CO,3689147,24,True,No festivo,False,False,True,16.14,45705.78,31622.45,True,08001,BARRANQUILLA,08,ATLÁNTICO,2025,True,18.0,academic_illustration,True,tarde,True,4.483333333333333,12.69605,8.78401388888889,13.0,0.0,True,COMPLETE
1,3575,2025-05-29T22:00:00-05:00,Barranquilla,10.9685,-74.7813,27.4,87.0,0.0,17.4,117.1,True,3575,2025,5,29,22,,VALID,False,,False,False,False,False,False,-0.218688778231,-1.80502661663,0.87,0.0,America/Bogota,2025-05-30T03:00:00+00:00,2025-05-29,CO,3689147,24,True,No festivo,False,False,True,23.57,45722.23,41937.07,True,08001,BARRANQUILLA,08,ATLÁNTICO,2025,True,18.0,academic_illustration,True,noche,True,6.5472222222222225,12.700619444444445,11.649186111111112,9.399999999999999,0.0,True,COMPLETE
1,3664,2025-06-02T15:00:00-05:00,Barranquilla,10.9685,-74.7813,30.9,71.0,1.4,6.0,148.46,True,3664,2025,6,2,15,,VALID,False,,False,False,False,False,False,1.22566905654,0.269482714253,0.71,0.875468737354,America/Bogota,2025-06-02T20:00:00+00:00,2025-06-02,CO,3689147,24,True,Ascensión del señor,True,False,True,23.05,45782.05,43032.36,True,08001,BARRANQUILLA,08,ATLÁNTICO,2025,True,18.0,academic_illustration,True,tarde,True,6.402777777777778,12.717236111111111,11.953433333333333,12.899999999999999,0.0,False,COMPLETE
1,3679,2025-06-03T06:00:00-05:00,Barranquilla,10.9685,-74.7813,25.4,100.0,0.0,5.6,136.23,True,3679,2025,6,3,6,,VALID,False,,False,False,False,False,False,-1.04403611238,-0.539549464214,1.0,0.0,America/Bogota,2025-06-03T11:00:00+00:00,2025-06-03,CO,3689147,24,True,No festivo,False,False,True,20.75,45795.44,41002.18,True,08001,BARRANQUILLA,08,ATLÁNTICO,2025,True,18.0,academic_illustration,True,manana,True,5.763888888888888,12.720955555555555,11.389494444444445,7.399999999999999,0.0,True,COMPLETE
1,3688,2025-06-03T15:00:00-05:00,Barranquilla,10.9685,-74.7813,31.1,69.0,0.4,5.8,149.58,True,3688,2025,6,3,15,,VALID,False,,False,False,False,False,False,1.30820378995,0.343572333213,0.69,0.336472236621,America/Bogota,2025-06-03T20:00:00+00:00,2025-06-03,CO,3689147,24,True,No festivo,False,False,True,20.75,45795.44,41002.18,True,08001,BARRANQUILLA,08,ATLÁNTICO,2025,True,18.0,academic_illustration,True,tarde,True,5.763888888888888,12.720955555555555,11.389494444444445,13.100000000000001,0.0,True,COMPLETE
1,3690,2025-06-03T17:00:00-05:00,Barranquilla,10.9685,-74.7813,29.9,75.0,0.0,9.1,138.52,True,3690,2025,6,3,17,,VALID,False,,False,False,False,False,False,0.812995389461,-0.388062654018,0.75,0.0,America/Bogota,2025-06-03T22:00:00+00:00,2025-06-03,CO,3689147,24,True,No festivo,False,False,True,20.75,45795.44,41002.18,True,08001,BARRANQUILLA,08,ATLÁNTICO,2025,True,18.0,academic_illustration,True,tarde,True,5.763888888888888,12.720955555555555,11.389494444444445,11.899999999999999,0.0,True,COMPLETE
1,3711,2025-06-04T14:00:00-05:00,Barranquilla,10.9685,-74.7813,29.8,71.0,0.3,7.5,149.08,True,3711,2025,6,4,14,,VALID,False,,False,False,False,False,False,0.771728022753,0.310496610463,0.71,0.262364264467,America/Bogota,2025-06-04T19:00:00+00:00,2025-06-04,CO,3689147,24,True,No festivo,False,False,True,18.26,45808.17,30213.69,True,08001,BARRANQUILLA,08,ATLÁNTICO,2025,True,18.0,academic_illustration,True,tarde,True,5.072222222222223,12.724491666666665,8.392691666666666,11.8,0.0,True,COMPLETE
1,3726,2025-06-05T05:00:00-05:00,Barranquilla,10.9685,-74.7813,25.6,98.0,0.0,6.5,128.97,True,3726,2025,6,5,5,,VALID,False,,False,False,False,False,False,-0.96150137897,-1.01980895854,0.98,0.0,America/Bogota,2025-06-05T10:00:00+00:00,2025-06-05,CO,3689147,24,True,No festivo,False,False,True,20.52,45820.23,43200.0,True,08001,BARRANQUILLA,08,ATLÁNTICO,2025,True,18.0,academic_illustration,True,madrugada,True,5.7,12.727841666666668,12.0,7.600000000000001,0.0,True,COMPLETE
1,3770,2025-06-07T01:00:00-05:00,Barranquilla,10.9685,-74.7813,26.3,97.0,0.0,2.4,139.37,True,3770,2025,6,7,1,,VALID,False,,False,False,False,False,False,-0.672629812016,-0.331833925343,0.97,0.0,America/Bogota,2025-06-07T06:00:00+00:00,2025-06-07,CO,3689147,24,True,No festivo,False,True,True,21.82,45842.27,41742.61,True,08001,BARRANQUILLA,08,ATLÁNTICO,2025,True,18.0,academic_illustration,True,madrugada,True,6.061111111111111,12.733963888888889,11.595169444444444,8.3,0.0,False,COMPLETE
1,3823,2025-06-09T06:00:00-05:00,Barranquilla,10.9685,-74.7813,26.0,98.0,0.0,5.8,129.91,True,3823,2025,6,9,6,,VALID,False,,False,False,False,False,False,-0.796431912139,-0.957626599775,0.98,0.0,America/Bogota,2025-06-09T11:00:00+00:00,2025-06-09,CO,3689147,24,True,No festivo,False,False,True,16.87,45861.43,29581.06,True,08001,BARRANQUILLA,08,ATLÁNTICO,2025,True,18.0,academic_illustration,True,manana,True,4.686111111111111,12.739286111111111,8.216961111111111,8.0,0.0,True,COMPLETE
1,3838,2025-06-09T21:00:00-05:00,Barranquilla,10.9685,-74.7813,27.5,91.0,0.0,6.1,175.6,True,3838,2025,6,9,21,,VALID,False,,False,False,False,False,False,-0.177421411523,2.06483294513,0.91,0.0,America/Bogota,2025-06-10T02:00:00+00:00,2025-06-09,CO,3689147,24,True,No festivo,False,False,True,16.87,45861.43,29581.06,True,08001,BARRANQUILLA,08,ATLÁNTICO,2025,True,18.0,academic_illustration,True,noche,True,4.686111111111111,12.739286111111111,8.216961111111111,9.5,0.0,True,COMPLETE
1,3884,2025-06-11T19:00:00-05:00,Barranquilla,10.9685,-74.7813,26.3,90.0,0.0,7.7,175.58,True,3884,2025,6,11,19,,VALID,False,,False,False,False,False,False,-0.672629812016,2.06350991622,0.9,0.0,America/Bogota,2025-06-12T00:00:00+00:00,2025-06-11,CO,3689147,24,True,No festivo,False,False,True,12.89,45877.61,11671.12,True,08001,BARRANQUILLA,08,ATLÁNTICO,2025,True,18.0,academic_illustration,True,noche,True,3.5805555555555557,12.743780555555556,3.241977777777778,8.3,0.0,True,COMPLETE
1,3915,2025-06-13T02:00:00-05:00,Barranquilla,10.9685,-74.7813,25.0,98.0,0.4,5.9,131.81,True,3915,2025,6,13,2,,VALID,False,,False,False,False,False,False,-1.20910557922,-0.831938853324,0.98,0.336472236621,America/Bogota,2025-06-13T07:00:00+00:00,2025-06-13,CO,3689147,24,True,No festivo,False,False,True,11.04,45890.68,7259.64,True,08001,BARRANQUILLA,08,ATLÁNTICO,2025,True,18.0,academic_illustration,True,madrugada,True,3.0666666666666664,12.747411111111111,2.016566666666667,7.0,0.0,True,COMPLETE
1,3917,2025-06-13T04:00:00-05:00,Barranquilla,10.9685,-74.7813,23.6,100.0,2.4,9.6,119.52,True,3917,2025,6,13,4,,VALID,False,,False,False,False,False,False,-1.78684871312,-1.64494011852,1.0,1.22377543162,America/Bogota,2025-06-13T09:00:00+00:00,2025-06-13,CO,3689147,24,True,No festivo,False,False,True,11.04,45890.68,7259.64,True,08001,BARRANQUILLA,08,ATLÁNTICO,2025,True,18.0,academic_illustration,True,madrugada,True,3.0666666666666664,12.747411111111111,2.016566666666667,5.600000000000001,0.0,True,COMPLETE
1,3953,2025-06-14T16:00:00-05:00,Barranquilla,10.9685,-74.7813,26.1,86.0,0.3,4.5,142.27,True,3953,2025,6,14,16,,VALID,False,,False,False,False,False,False,-0.755164545431,-0.139994733393,0.86,0.262364264467,America/Bogota,2025-06-14T21:00:00+00:00,2025-06-14,CO,3689147,24,True,No festivo,False,True,True,17.21,45896.01,37405.43,True,08001,BARRANQUILLA,08,ATLÁNTICO,2025,True,18.0,academic_illustration,True,tarde,True,4.780555555555556,12.748891666666667,10.390397222222223,8.100000000000001,0.0,False,COMPLETE
1,3965,2025-06-15T04:00:00-05:00,Barranquilla,10.9685,-74.7813,23.6,100.0,0.0,3.9,133.74,True,3965,2025,6,15,4,,VALID,False,,False,False,False,False,False,-1.78684871312,-0.704266563509,1.0,0.0,America/Bogota,2025-06-15T09:00:00+00:00,2025-06-15,CO,3689147,24,True,No festivo,False,True,True,23.73,45900.53,43200.0,True,08001,BARRANQUILLA,08,ATLÁNTICO,2025,True,18.0,academic_illustration,True,madrugada,True,6.591666666666667,12.750147222222221,12.0,5.600000000000001,0.0,False,COMPLETE
1,4015,2025-06-17T06:00:00-05:00,Barranquilla,10.9685,-74.7813,25.0,98.0,0.0,4.3,132.62,True,4015,2025,6,17,6,,VALID,False,,False,False,False,False,False,-1.20910557922,-0.778356182469,0.98,0.0,America/Bogota,2025-06-17T11:00:00+00:00,2025-06-17,CO,3689147,24,True,No festivo,False,False,True,21.83,45907.13,43200.0,True,08001,BARRANQUILLA,08,ATLÁNTICO,2025,True,18.0,academic_illustration,True,manana,True,6.063888888888888,12.751980555555555,12.0,7.0,0.0,True,COMPLETE
1,4055,2025-06-18T22:00:00-05:00,Barranquilla,10.9685,-74.7813,28.0,85.0,0.0,18.6,127.44,True,4055,2025,6,18,22,,VALID,False,,False,False,False,False,False,0.028915422015,-1.12102067016,0.85,0.0,America/Bogota,2025-06-19T03:00:00+00:00,2025-06-18,CO,3689147,24,True,No festivo,False,False,True,23.21,45909.26,40761.72,True,08001,BARRANQUILLA,08,ATLÁNTICO,2025,True,18.0,academic_illustration,True,noche,True,6.447222222222222,12.752572222222224,11.322700000000001,10.0,0.0,True,COMPLETE
1,4073,2025-06-19T16:00:00-05:00,Barranquilla,10.9685,-74.7813,31.5,69.0,0.0,14.9,139.7,True,4073,2025,6,19,16,,VALID,False,,False,False,False,False,False,1.47327325678,-0.310003948328,0.69,0.0,America/Bogota,2025-06-19T21:00:00+00:00,2025-06-19,CO,3689147,24,True,No festivo,False,False,True,25.86,45910.59,43200.0,True,08001,BARRANQUILLA,08,ATLÁNTICO,2025,True,18.0,academic_illustration,True,tarde,True,7.183333333333333,12.752941666666665,12.0,13.5,0.0,True,COMPLETE
1,4078,2025-06-19T21:00:00-05:00,Barranquilla,10.9685,-74.7813,27.9,86.0,0.0,10.5,169.52,True,4078,2025,6,19,21,,VALID,False,,False,False,False,False,False,-0.0123519446926,1.66263215649,0.86,0.0,America/Bogota,2025-06-20T02:00:00+00:00,2025-06-19,CO,3689147,24,True,No festivo,False,False,True,25.86,45910.59,43200.0,True,08001,BARRANQUILLA,08,ATLÁNTICO,2025,True,18.0,academic_illustration,True,noche,True,7.183333333333333,12.752941666666665,12.0,9.899999999999999,0.0,True,COMPLETE
1,4252,2025-06-27T03:00:00-05:00,Barranquilla,10.9685,-74.7813,26.1,90.0,0.0,4.1,132.03,True,4252,2025,6,27,3,,VALID,False,,False,False,False,False,False,-0.755164545431,-0.817385535314,0.9,0.0,America/Bogota,2025-06-27T08:00:00+00:00,2025-06-27,CO,3689147,24,True,No festivo,False,False,True,23.14,45893.87,43200.0,True,08001,BARRANQUILLA,08,ATLÁNTICO,2025,True,18.0,academic_illustration,True,madrugada,True,6.427777777777778,12.748297222222224,12.0,8.100000000000001,0.0,True,COMPLETE
1,4331,2025-06-30T10:00:00-05:00,Barranquilla,10.9685,-74.7813,31.3,67.0,0.0,8.2,126.92,True,4331,2025,6,30,10,,VALID,False,,False,False,False,False,False,1.39073852337,-1.15541942182,0.67,0.0,America/Bogota,2025-06-30T15:00:00+00:00,2025-06-30,CO,3689147,24,True,Sagrado Corazón; San Pedro y San Pablo,True,False,True,20.18,45875.4,39177.62,True,08001,BARRANQUILLA,08,ATLÁNTICO,2025,True,18.0,academic_illustration,True,manana,True,5.605555555555555,12.743166666666667,10.882672222222222,13.3,0.0,False,COMPLETE
1,4426,2025-07-04T09:00:00-05:00,Barranquilla,10.9685,-74.7813,28.8,74.0,0.0,5.5,160.66,True,4426,2025,7,4,9,,VALID,False,,False,False,False,False,False,0.359054355677,1.07653034936,0.74,0.0,America/Bogota,2025-07-04T14:00:00+00:00,2025-07-04,CO,3689147,24,True,No festivo,False,False,True,16.49,45840.88,26267.14,True,08001,BARRANQUILLA,08,ATLÁNTICO,2025,True,18.0,academic_illustration,True,manana,True,4.580555555555555,12.733577777777777,7.296427777777778,10.8,0.0,True,COMPLETE
1,4446,2025-07-05T05:00:00-05:00,Barranquilla,10.9685,-74.7813,23.8,95.0,0.4,6.2,124.36,True,4446,2025,7,5,5,,VALID,False,,False,False,False,False,False,-1.70431397971,-1.3247671223,0.95,0.336472236621,America/Bogota,2025-07-05T10:00:00+00:00,2025-07-05,CO,3689147,24,True,No festivo,False,True,True,14.17,45830.54,18563.69,True,08001,BARRANQUILLA,08,ATLÁNTICO,2025,True,18.0,academic_illustration,True,madrugada,True,3.936111111111111,12.730705555555556,5.156580555555555,5.800000000000001,0.0,False,COMPLETE
1,4510,2025-07-07T21:00:00-05:00,Barranquilla,10.9685,-74.7813,27.4,81.0,0.0,16.8,162.86,True,4510,2025,7,7,21,,VALID,False,,False,False,False,False,False,-0.218688778231,1.22206352946,0.81,0.0,America/Bogota,2025-07-08T02:00:00+00:00,2025-07-07,CO,3689147,24,True,No festivo,False,False,True,24.77,45807.62,43200.0,True,08001,BARRANQUILLA,08,ATLÁNTICO,2025,True,18.0,academic_illustration,True,noche,True,6.8805555555555555,12.724338888888889,12.0,9.399999999999999,0.0,True,COMPLETE
1,4519,2025-07-08T06:00:00-05:00,Barranquilla,10.9685,-74.7813,25.0,94.0,0.0,3.2,140.66,True,4519,2025,7,8,6,,VALID,False,,False,False,False,False,False,-1.20910557922,-0.246498560648,0.94,0.0,America/Bogota,2025-07-08T11:00:00+00:00,2025-07-08,CO,3689147,24,True,No festivo,False,False,True,24.92,45794.98,43200.0,True,08001,BARRANQUILLA,08,ATLÁNTICO,2025,True,18.0,academic_illustration,True,manana,True,6.9222222222222225,12.720827777777778,12.0,7.0,0.0,True,COMPLETE
1,4595,2025-07-11T10:00:00-05:00,Barranquilla,10.9685,-74.7813,28.8,76.0,0.0,6.8,139.61,True,4595,2025,7,11,10,,VALID,False,,False,False,False,False,False,0.359054355677,-0.315957578423,0.76,0.0,America/Bogota,2025-07-11T15:00:00+00:00,2025-07-11,CO,3689147,24,True,No festivo,False,False,True,16.19,45752.53,24767.86,True,08001,BARRANQUILLA,08,ATLÁNTICO,2025,True,18.0,academic_illustration,True,manana,True,4.497222222222223,12.70903611111111,6.879961111111111,10.8,0.0,True,COMPLETE
1,4620,2025-07-12T11:00:00-05:00,Barranquilla,10.9685,-74.7813,30.9,68.0,0.2,5.4,141.28,True,4620,2025,7,12,11,,VALID,False,,False,False,False,False,False,1.22566905654,-0.205484664438,0.68,0.182321556794,America/Bogota,2025-07-12T16:00:00+00:00,2025-07-12,CO,3689147,24,True,No festivo,False,True,True,16.82,45736.96,31234.17,True,08001,BARRANQUILLA,08,ATLÁNTICO,2025,True,18.0,academic_illustration,True,manana,True,4.6722222222222225,12.704711111111111,8.676158333333333,12.899999999999999,0.0,False,COMPLETE
1,4645,2025-07-13T12:00:00-05:00,Barranquilla,10.9685,-74.7813,31.1,66.0,0.1,2.0,147.26,True,4645,2025,7,13,12,,VALID,False,,False,False,False,False,False,1.30820378995,0.190100979653,0.66,0.0953101798043,America/Bogota,2025-07-13T17:00:00+00:00,2025-07-13,CO,3689147,24,True,No festivo,False,True,True,15.34,45720.72,26060.96,True,08001,BARRANQUILLA,08,ATLÁNTICO,2025,True,18.0,academic_illustration,True,tarde,True,4.261111111111111,12.7002,7.239155555555556,13.100000000000001,0.0,False,COMPLETE
1,4695,2025-07-15T14:00:00-05:00,Barranquilla,10.9685,-74.7813,31.5,63.0,0.0,14.7,142.05,True,4695,2025,7,15,14,,VALID,False,,False,False,False,False,False,1.47327325678,-0.154548051403,0.63,0.0,America/Bogota,2025-07-15T19:00:00+00:00,2025-07-15,CO,3689147,24,True,No festivo,False,False,True,24.8,45686.31,43200.0,True,08001,BARRANQUILLA,08,ATLÁNTICO,2025,True,18.0,academic_illustration,True,tarde,True,6.888888888888889,12.690641666666666,12.0,13.5,0.0,True,COMPLETE
1,4700,2025-07-15T19:00:00-05:00,Barranquilla,10.9685,-74.7813,27.8,84.0,0.0,16.7,165.03,True,4700,2025,7,15,19,,VALID,False,,False,False,False,False,False,-0.0536193114003,1.36561216619,0.84,0.0,America/Bogota,2025-07-16T00:00:00+00:00,2025-07-15,CO,3689147,24,True,No festivo,False,False,True,24.8,45686.31,43200.0,True,08001,BARRANQUILLA,08,ATLÁNTICO,2025,True,18.0,academic_illustration,True,noche,True,6.888888888888889,12.690641666666666,12.0,9.8,0.0,True,COMPLETE
1,4712,2025-07-16T07:00:00-05:00,Barranquilla,10.9685,-74.7813,27.3,88.0,0.0,2.6,160.29,True,4712,2025,7,16,7,,VALID,False,,False,False,False,False,False,-0.259956144939,1.05205431452,0.88,0.0,America/Bogota,2025-07-16T12:00:00+00:00,2025-07-16,CO,3689147,24,True,No festivo,False,False,True,23.51,45668.19,43200.0,True,08001,BARRANQUILLA,08,ATLÁNTICO,2025,True,18.0,academic_illustration,True,manana,True,6.530555555555556,12.685608333333334,12.0,9.3,0.0,True,COMPLETE
1,4727,2025-07-16T22:00:00-05:00,Barranquilla,10.9685,-74.7813,28.5,76.0,0.0,13.4,135.83,True,4727,2025,7,16,22,,VALID,False,,False,False,False,False,False,0.235252255553,-0.566010042414,0.76,0.0,America/Bogota,2025-07-17T03:00:00+00:00,2025-07-16,CO,3689147,24,True,No festivo,False,False,True,23.51,45668.19,43200.0,True,08001,BARRANQUILLA,08,ATLÁNTICO,2025,True,18.0,academic_illustration,True,noche,True,6.530555555555556,12.685608333333334,12.0,10.5,0.0,True,COMPLETE
1,4769,2025-07-18T16:00:00-05:00,Barranquilla,10.9685,-74.7813,34.5,49.0,0.0,10.4,155.9,True,4769,2025,7,18,16,,VALID,False,,False,False,False,False,False,2.71129425801,0.761649468774,0.49,0.0,America/Bogota,2025-07-18T21:00:00+00:00,2025-07-18,CO,3689147,24,True,No festivo,False,False,True,24.95,45630.25,43293.51,True,08001,BARRANQUILLA,08,ATLÁNTICO,2025,True,18.0,academic_illustration,True,tarde,True,6.930555555555555,12.675069444444444,12.025975,16.5,0.0,True,COMPLETE
1,4868,2025-07-22T19:00:00-05:00,Barranquilla,10.9685,-74.7813,28.0,82.0,0.0,11.2,165.93,True,4868,2025,7,22,19,,VALID,False,,False,False,False,False,False,0.028915422015,1.42514846714,0.82,0.0,America/Bogota,2025-07-23T00:00:00+00:00,2025-07-22,CO,3689147,24,True,No festivo,False,False,True,20.88,45548.15,38879.1,True,08001,BARRANQUILLA,08,ATLÁNTICO,2025,True,18.0,academic_illustration,True,noche,True,5.8,12.65226388888889,10.79975,10.0,0.0,True,COMPLETE
1,4871,2025-07-22T22:00:00-05:00,Barranquilla,10.9685,-74.7813,27.6,82.0,0.0,11.2,136.3,True,4871,2025,7,22,22,,VALID,False,,False,False,False,False,False,-0.136154044816,-0.534918863029,0.82,0.0,America/Bogota,2025-07-23T03:00:00+00:00,2025-07-22,CO,3689147,24,True,No festivo,False,False,True,20.88,45548.15,38879.1,True,08001,BARRANQUILLA,08,ATLÁNTICO,2025,True,18.0,academic_illustration,True,noche,True,5.8,12.65226388888889,10.79975,9.600000000000001,0.0,True,COMPLETE
1,4884,2025-07-23T11:00:00-05:00,Barranquilla,10.9685,-74.7813,35.3,46.0,0.0,4.8,140.32,True,4884,2025,7,23,11,,VALID,True,temperature_c,True,False,False,False,False,3.04143319168,-0.268990052118,0.46,0.0,America/Bogota,2025-07-23T16:00:00+00:00,2025-07-23,CO,3689147,24,True,No festivo,False,False,True,20.31,45526.47,34900.54,True,08001,BARRANQUILLA,08,ATLÁNTICO,2025,True,18.0,academic_illustration,True,manana,True,5.641666666666667,12.646241666666667,9.694594444444444,17.299999999999997,0.0,True,COMPLETE
1,4948,2025-07-26T03:00:00-05:00,Barranquilla,10.9685,-74.7813,25.3,96.0,0.0,9.5,132.13,True,4948,2025,7,26,3,,VALID,False,,False,False,False,False,False,-1.08530347909,-0.810770390764,0.96,0.0,America/Bogota,2025-07-26T08:00:00+00:00,2025-07-26,CO,3689147,24,True,No festivo,False,True,True,19.81,45458.91,40971.74,True,08001,BARRANQUILLA,08,ATLÁNTICO,2025,True,18.0,academic_illustration,True,madrugada,True,5.502777777777777,12.627475,11.381038888888888,7.300000000000001,0.0,False,COMPLETE
1,4954,2025-07-26T09:00:00-05:00,Barranquilla,10.9685,-74.7813,29.0,78.0,0.2,1.8,161.65,True,4954,2025,7,26,9,,VALID,False,,False,False,False,False,False,0.441589089092,1.1420202804,0.78,0.182321556794,America/Bogota,2025-07-26T14:00:00+00:00,2025-07-26,CO,3689147,24,True,No festivo,False,True,True,19.81,45458.91,40971.74,True,08001,BARRANQUILLA,08,ATLÁNTICO,2025,True,18.0,academic_illustration,True,manana,True,5.502777777777777,12.627475,11.381038888888888,11.0,0.0,False,COMPLETE
1,4962,2025-07-26T17:00:00-05:00,Barranquilla,10.9685,-74.7813,28.5,79.0,0.0,15.2,126.05,True,4962,2025,7,26,17,,VALID,False,,False,False,False,False,False,0.235252255553,-1.21297117941,0.79,0.0,America/Bogota,2025-07-26T22:00:00+00:00,2025-07-26,CO,3689147,24,True,No festivo,False,True,True,19.81,45458.91,40971.74,True,08001,BARRANQUILLA,08,ATLÁNTICO,2025,True,18.0,academic_illustration,True,tarde,True,5.502777777777777,12.627475,11.381038888888888,10.5,0.0,False,COMPLETE
1,5007,2025-07-28T14:00:00-05:00,Barranquilla,10.9685,-74.7813,31.9,66.0,0.3,5.4,139.2,True,5007,2025,7,28,14,,VALID,False,,False,False,False,False,False,1.63834272361,-0.343079671078,0.66,0.262364264467,America/Bogota,2025-07-28T19:00:00+00:00,2025-07-28,CO,3689147,24,True,No festivo,False,False,True,22.81,45411.14,43200.0,True,08001,BARRANQUILLA,08,ATLÁNTICO,2025,True,18.0,academic_illustration,True,tarde,True,6.33611111111111,12.614205555555555,12.0,13.899999999999999,0.0,True,COMPLETE
1,5039,2025-07-29T22:00:00-05:00,Barranquilla,10.9685,-74.7813,27.1,94.0,0.0,5.2,142.89,True,5039,2025,7,29,22,,VALID,False,,False,False,False,False,False,-0.342490878354,-0.0989808371826,0.94,0.0,America/Bogota,2025-07-30T03:00:00+00:00,2025-07-29,CO,3689147,24,True,No festivo,False,False,True,22.98,45386.36,41032.45,True,08001,BARRANQUILLA,08,ATLÁNTICO,2025,True,18.0,academic_illustration,True,noche,True,6.383333333333333,12.607322222222223,11.397902777777777,9.100000000000001,0.0,True,COMPLETE
1,5170,2025-08-04T09:00:00-05:00,Barranquilla,10.9685,-74.7813,28.5,78.0,0.0,9.3,164.62,True,5170,2025,8,4,9,,VALID,False,,False,False,False,False,False,0.235252255553,1.33849007354,0.78,0.0,America/Bogota,2025-08-04T14:00:00+00:00,2025-08-04,CO,3689147,24,True,No festivo,False,False,True,20.46,45227.23,42063.78,True,08001,BARRANQUILLA,08,ATLÁNTICO,2025,True,18.0,academic_illustration,True,manana,True,5.683333333333334,12.563119444444446,11.684383333333333,10.5,0.0,True,COMPLETE
1,5190,2025-08-05T05:00:00-05:00,Barranquilla,10.9685,-74.7813,25.7,100.0,0.0,6.4,130.31,True,5190,2025,8,5,5,,VALID,False,,False,False,False,False,False,-0.920234012262,-0.931166021575,1.0,0.0,America/Bogota,2025-08-05T10:00:00+00:00,2025-08-05,CO,3689147,24,True,No festivo,False,False,True,20.84,45199.22,39571.65,True,08001,BARRANQUILLA,08,ATLÁNTICO,2025,True,18.0,academic_illustration,True,madrugada,True,5.788888888888889,12.555338888888889,10.992125,7.699999999999999,0.0,True,COMPLETE
1,5254,2025-08-07T21:00:00-05:00,Barranquilla,10.9685,-74.7813,27.3,84.0,0.0,9.6,165.51,True,5254,2025,8,7,21,,VALID,False,,False,False,False,False,False,-0.259956144939,1.39736486003,0.84,0.0,America/Bogota,2025-08-08T02:00:00+00:00,2025-08-07,CO,3689147,24,True,Batalla de Boyacá,True,False,True,23.78,45142.2,43200.0,True,08001,BARRANQUILLA,08,ATLÁNTICO,2025,True,18.0,academic_illustration,True,noche,True,6.605555555555556,12.539499999999999,12.0,9.3,0.0,False,COMPLETE
1,5263,2025-08-08T06:00:00-05:00,Barranquilla,10.9685,-74.7813,24.5,100.0,0.0,7.9,129.97,True,5263,2025,8,8,6,,VALID,False,,False,False,False,False,False,-1.41544241275,-0.953657513045,1.0,0.0,America/Bogota,2025-08-08T11:00:00+00:00,2025-08-08,CO,3689147,24,True,No festivo,False,False,True,21.78,45113.23,41854.97,True,08001,BARRANQUILLA,08,ATLÁNTICO,2025,True,18.0,academic_illustration,True,manana,True,6.05,12.531452777777778,11.626380555555556,6.5,0.0,True,COMPLETE
1,5339,2025-08-11T10:00:00-05:00,Barranquilla,10.9685,-74.7813,31.6,58.0,0.0,4.0,159.0,True,5339,2025,8,11,10,,VALID,False,,False,False,False,False,False,1.51454062349,0.966718949825,0.58,0.0,America/Bogota,2025-08-11T15:00:00+00:00,2025-08-11,CO,3689147,24,True,No festivo,False,False,True,22.39,45024.81,38204.18,True,08001,BARRANQUILLA,08,ATLÁNTICO,2025,True,18.0,academic_illustration,True,manana,True,6.219444444444444,12.506891666666666,10.612272222222222,13.600000000000001,0.0,True,COMPLETE
1,5364,2025-08-12T11:00:00-05:00,Barranquilla,10.9685,-74.7813,31.6,63.0,0.0,7.1,151.54,True,5364,2025,8,12,11,,VALID,False,,False,False,False,False,False,1.51454062349,0.473229166394,0.63,0.0,America/Bogota,2025-08-12T16:00:00+00:00,2025-08-12,CO,3689147,24,True,No festivo,False,False,True,24.16,44994.92,43200.0,True,08001,BARRANQUILLA,08,ATLÁNTICO,2025,True,18.0,academic_illustration,True,manana,True,6.711111111111111,12.498588888888888,12.0,13.600000000000001,0.0,True,COMPLETE
1,5389,2025-08-13T12:00:00-05:00,Barranquilla,10.9685,-74.7813,32.0,65.0,0.5,7.6,150.77,True,5389,2025,8,13,12,,VALID,False,,False,False,False,False,False,1.67961009032,0.422292553359,0.65,0.405465108108,America/Bogota,2025-08-13T17:00:00+00:00,2025-08-13,CO,3689147,24,True,No festivo,False,False,True,23.01,44964.86,43138.74,True,08001,BARRANQUILLA,08,ATLÁNTICO,2025,True,18.0,academic_illustration,True,tarde,True,6.391666666666667,12.49023888888889,11.982983333333333,14.0,0.0,True,COMPLETE
1,5439,2025-08-15T14:00:00-05:00,Barranquilla,10.9685,-74.7813,28.1,83.0,1.3,7.6,126.44,True,5439,2025,8,15,14,,VALID,False,,False,False,False,False,False,0.0701827887227,-1.18717211566,0.83,0.832909122935,America/Bogota,2025-08-15T19:00:00+00:00,2025-08-15,CO,3689147,24,True,No festivo,False,False,True,21.72,44904.27,38427.72,True,08001,BARRANQUILLA,08,ATLÁNTICO,2025,True,18.0,academic_illustration,True,tarde,True,6.033333333333333,12.473408333333332,10.674366666666668,10.100000000000001,0.0,True,COMPLETE
1,5444,2025-08-15T19:00:00-05:00,Barranquilla,10.9685,-74.7813,26.1,91.0,0.4,6.1,169.93,True,5444,2025,8,15,19,,VALID,False,,False,False,False,False,False,-0.755164545431,1.68975424914,0.91,0.336472236621,America/Bogota,2025-08-16T00:00:00+00:00,2025-08-15,CO,3689147,24,True,No festivo,False,False,True,21.72,44904.27,38427.72,True,08001,BARRANQUILLA,08,ATLÁNTICO,2025,True,18.0,academic_illustration,True,noche,True,6.033333333333333,12.473408333333332,10.674366666666668,8.100000000000001,0.0,True,COMPLETE
1,5456,2025-08-16T07:00:00-05:00,Barranquilla,10.9685,-74.7813,24.1,93.0,0.0,9.4,160.53,True,5456,2025,8,16,7,,VALID,False,,False,False,False,False,False,-1.58051187958,1.06793066144,0.93,0.0,America/Bogota,2025-08-16T12:00:00+00:00,2025-08-16,CO,3689147,24,True,No festivo,False,True,True,16.84,44873.45,33961.44,True,08001,BARRANQUILLA,08,ATLÁNTICO,2025,True,18.0,academic_illustration,True,manana,True,4.677777777777778,12.464847222222222,9.433733333333334,6.100000000000001,0.0,False,COMPLETE
1,5471,2025-08-16T22:00:00-05:00,Barranquilla,10.9685,-74.7813,24.8,97.0,0.0,1.3,124.25,True,5471,2025,8,16,22,,VALID,False,,False,False,False,False,False,-1.29164031263,-1.33204378131,0.97,0.0,America/Bogota,2025-08-17T03:00:00+00:00,2025-08-16,CO,3689147,24,True,No festivo,False,True,True,16.84,44873.45,33961.44,True,08001,BARRANQUILLA,08,ATLÁNTICO,2025,True,18.0,academic_illustration,True,noche,True,4.677777777777778,12.464847222222222,9.433733333333334,6.800000000000001,0.0,False,COMPLETE
1,5513,2025-08-18T16:00:00-05:00,Barranquilla,10.9685,-74.7813,28.5,77.0,0.1,4.0,145.41,True,5513,2025,8,18,16,,VALID,False,,False,False,False,False,False,0.235252255553,0.0677208054778,0.77,0.0953101798043,America/Bogota,2025-08-18T21:00:00+00:00,2025-08-18,CO,3689147,24,True,La Asunción,True,False,True,19.62,44810.65,28897.96,True,08001,BARRANQUILLA,08,ATLÁNTICO,2025,True,18.0,academic_illustration,True,tarde,True,5.45,12.447402777777778,8.02721111111111,10.5,0.0,False,COMPLETE
1,5612,2025-08-22T19:00:00-05:00,Barranquilla,10.9685,-74.7813,27.4,88.0,0.0,7.9,177.81,True,5612,2025,8,22,19,,VALID,False,,False,False,False,False,False,-0.218688778231,2.21102763968,0.88,0.0,America/Bogota,2025-08-23T00:00:00+00:00,2025-08-22,CO,3689147,24,True,No festivo,False,False,True,19.76,44681.19,32400.0,True,08001,BARRANQUILLA,08,ATLÁNTICO,2025,True,18.0,academic_illustration,True,noche,True,5.488888888888889,12.411441666666667,9.0,9.399999999999999,0.0,True,COMPLETE
1,5615,2025-08-22T22:00:00-05:00,Barranquilla,10.9685,-74.7813,26.8,91.0,0.0,6.7,143.03,True,5615,2025,8,22,22,,VALID,False,,False,False,False,False,False,-0.466292978477,-0.0897196348126,0.91,0.0,America/Bogota,2025-08-23T03:00:00+00:00,2025-08-22,CO,3689147,24,True,No festivo,False,False,True,19.76,44681.19,32400.0,True,08001,BARRANQUILLA,08,ATLÁNTICO,2025,True,18.0,academic_illustration,True,noche,True,5.488888888888889,12.411441666666667,9.0,8.8,0.0,True,COMPLETE
1,5628,2025-08-23T11:00:00-05:00,Barranquilla,10.9685,-74.7813,30.9,70.0,0.2,2.3,140.68,True,5628,2025,8,23,11,,VALID,False,,False,False,False,False,False,1.22566905654,-0.245175531738,0.7,0.182321556794,America/Bogota,2025-08-23T16:00:00+00:00,2025-08-23,CO,3689147,24,True,No festivo,False,True,True,22.13,44648.17,41668.33,True,08001,BARRANQUILLA,08,ATLÁNTICO,2025,True,18.0,academic_illustration,True,manana,True,6.147222222222222,12.402269444444444,11.574536111111112,12.899999999999999,0.0,False,COMPLETE
1,5692,2025-08-26T03:00:00-05:00,Barranquilla,10.9685,-74.7813,26.8,88.0,0.0,7.9,134.58,True,5692,2025,8,26,3,,VALID,False,,False,False,False,False,False,-0.466292978477,-0.648699349289,0.88,0.0,America/Bogota,2025-08-26T08:00:00+00:00,2025-08-26,CO,3689147,24,True,No festivo,False,False,True,22.86,44547.96,35935.09,True,08001,BARRANQUILLA,08,ATLÁNTICO,2025,True,18.0,academic_illustration,True,madrugada,True,6.35,12.374433333333332,9.981969444444443,8.8,0.0,True,COMPLETE
1,5698,2025-08-26T09:00:00-05:00,Barranquilla,10.9685,-74.7813,30.6,75.0,0.1,6.7,161.99,True,5698,2025,8,26,9,,VALID,False,,False,False,False,False,False,1.10186695641,1.16451177187,0.75,0.0953101798043,America/Bogota,2025-08-26T14:00:00+00:00,2025-08-26,CO,3689147,24,True,No festivo,False,False,True,22.86,44547.96,35935.09,True,08001,BARRANQUILLA,08,ATLÁNTICO,2025,True,18.0,academic_illustration,True,manana,True,6.35,12.374433333333332,9.981969444444443,12.600000000000001,0.0,True,COMPLETE
1,5706,2025-08-26T17:00:00-05:00,Barranquilla,10.9685,-74.7813,29.7,78.0,0.0,11.9,135.44,True,5706,2025,8,26,17,,VALID,False,,False,False,False,False,False,0.730460656046,-0.591809106159,0.78,0.0,America/Bogota,2025-08-26T22:00:00+00:00,2025-08-26,CO,3689147,24,True,No festivo,False,False,True,22.86,44547.96,35935.09,True,08001,BARRANQUILLA,08,ATLÁNTICO,2025,True,18.0,academic_illustration,True,tarde,True,6.35,12.374433333333332,9.981969444444443,11.7,0.0,True,COMPLETE
1,5751,2025-08-28T14:00:00-05:00,Barranquilla,10.9685,-74.7813,32.6,65.0,0.7,5.8,149.93,True,5751,2025,8,28,14,,VALID,False,,False,False,False,False,False,1.92721429057,0.366725339139,0.65,0.530628251062,America/Bogota,2025-08-28T19:00:00+00:00,2025-08-28,CO,3689147,24,True,No festivo,False,False,True,22.88,44480.44,43200.0,True,08001,BARRANQUILLA,08,ATLÁNTICO,2025,True,18.0,academic_illustration,True,tarde,True,6.355555555555555,12.355677777777778,12.0,14.600000000000001,0.0,True,COMPLETE
1,5783,2025-08-29T22:00:00-05:00,Barranquilla,10.9685,-74.7813,27.8,93.0,0.0,9.5,140.46,True,5783,2025,8,29,22,,VALID,False,,False,False,False,False,False,-0.0536193114003,-0.259728849748,0.93,0.0,America/Bogota,2025-08-30T03:00:00+00:00,2025-08-29,CO,3689147,24,True,No festivo,False,False,True,23.86,44446.55,40914.62,True,08001,BARRANQUILLA,08,ATLÁNTICO,2025,True,18.0,academic_illustration,True,noche,True,6.627777777777777,12.34626388888889,11.365172222222222,9.8,0.0,True,COMPLETE
1,5872,2025-09-02T15:00:00-05:00,Barranquilla,10.9685,-74.7813,30.3,72.0,0.1,9.0,141.44,True,5872,2025,9,2,15,,VALID,False,,False,False,False,False,False,0.978064856292,-0.194900433158,0.72,0.0953101798043,America/Bogota,2025-09-02T20:00:00+00:00,2025-09-02,CO,3689147,24,True,No festivo,False,False,True,18.17,44310.56,32436.36,True,08001,BARRANQUILLA,08,ATLÁNTICO,2025,True,18.0,academic_illustration,True,tarde,True,5.0472222222222225,12.308488888888888,9.0101,12.3,0.0,True,COMPLETE
1,5887,2025-09-03T06:00:00-05:00,Barranquilla,10.9685,-74.7813,25.4,99.0,0.0,7.2,126.94,True,5887,2025,9,3,6,,VALID,False,,False,False,False,False,False,-1.04403611238,-1.15409639291,0.99,0.0,America/Bogota,2025-09-03T11:00:00+00:00,2025-09-03,CO,3689147,24,True,No festivo,False,False,True,20.69,44276.58,36791.49,True,08001,BARRANQUILLA,08,ATLÁNTICO,2025,True,18.0,academic_illustration,True,manana,True,5.747222222222223,12.299050000000001,10.219858333333333,7.399999999999999,0.0,True,COMPLETE
1,5896,2025-09-03T15:00:00-05:00,Barranquilla,10.9685,-74.7813,29.3,76.0,0.1,8.1,141.45,True,5896,2025,9,3,15,,VALID,False,,False,False,False,False,False,0.565391189215,-0.194238918703,0.76,0.0953101798043,America/Bogota,2025-09-03T20:00:00+00:00,2025-09-03,CO,3689147,24,True,No festivo,False,False,True,20.69,44276.58,36791.49,True,08001,BARRANQUILLA,08,ATLÁNTICO,2025,True,18.0,academic_illustration,True,tarde,True,5.747222222222223,12.299050000000001,10.219858333333333,11.3,0.0,True,COMPLETE
1,5898,2025-09-03T17:00:00-05:00,Barranquilla,10.9685,-74.7813,29.3,77.0,0.0,9.1,133.2,True,5898,2025,9,3,17,,VALID,False,,False,False,False,False,False,0.565391189215,-0.739988344079,0.77,0.0,America/Bogota,2025-09-03T22:00:00+00:00,2025-09-03,CO,3689147,24,True,No festivo,False,False,True,20.69,44276.58,36791.49,True,08001,BARRANQUILLA,08,ATLÁNTICO,2025,True,18.0,academic_illustration,True,tarde,True,5.747222222222223,12.299050000000001,10.219858333333333,11.3,0.0,True,COMPLETE
1,5919,2025-09-04T14:00:00-05:00,Barranquilla,10.9685,-74.7813,32.7,60.0,0.5,2.6,150.52,True,5919,2025,9,4,14,,VALID,False,,False,False,False,False,False,1.96848165728,0.405754691984,0.6,0.405465108108,America/Bogota,2025-09-04T19:00:00+00:00,2025-09-04,CO,3689147,24,True,No festivo,False,False,True,20.97,44242.56,36000.0,True,08001,BARRANQUILLA,08,ATLÁNTICO,2025,True,18.0,academic_illustration,True,tarde,True,5.824999999999999,12.2896,10.0,14.700000000000003,0.0,True,COMPLETE
1,5934,2025-09-05T05:00:00-05:00,Barranquilla,10.9685,-74.7813,23.2,98.0,3.2,11.8,142.62,True,5934,2025,9,5,5,,VALID,False,,False,False,False,False,False,-1.95191817995,-0.116841727468,0.98,1.43508452529,America/Bogota,2025-09-05T10:00:00+00:00,2025-09-05,CO,3689147,24,True,No festivo,False,False,True,17.16,44208.3,27761.98,True,08001,BARRANQUILLA,08,ATLÁNTICO,2025,True,18.0,academic_illustration,True,madrugada,True,4.766666666666667,12.280083333333334,7.711661111111111,5.199999999999999,0.0,True,COMPLETE
1,5978,2025-09-07T01:00:00-05:00,Barranquilla,10.9685,-74.7813,24.5,95.0,0.0,3.1,131.32,True,5978,2025,9,7,1,,VALID,False,,False,False,False,False,False,-1.41544241275,-0.86435306162,0.95,0.0,America/Bogota,2025-09-07T06:00:00+00:00,2025-09-07,CO,3689147,24,True,No festivo,False,True,True,19.43,44139.08,29830.31,True,08001,BARRANQUILLA,08,ATLÁNTICO,2025,True,18.0,academic_illustration,True,madrugada,True,5.397222222222222,12.260855555555557,8.286197222222222,6.5,0.0,False,COMPLETE
1,6031,2025-09-09T06:00:00-05:00,Barranquilla,10.9685,-74.7813,25.2,97.0,0.0,4.9,125.63,True,6031,2025,9,9,6,,VALID,False,,False,False,False,False,False,-1.1265708458,-1.24075478652,0.97,0.0,America/Bogota,2025-09-09T11:00:00+00:00,2025-09-09,CO,3689147,24,True,No festivo,False,False,True,23.25,44069.11,41801.48,True,08001,BARRANQUILLA,08,ATLÁNTICO,2025,True,18.0,academic_illustration,True,manana,True,6.458333333333333,12.241419444444444,11.611522222222224,7.199999999999999,0.0,True,COMPLETE
1,6046,2025-09-09T21:00:00-05:00,Barranquilla,10.9685,-74.7813,27.7,89.0,0.0,8.1,158.66,True,6046,2025,9,9,21,,VALID,False,,False,False,False,False,False,-0.094886678108,0.944227458355,0.89,0.0,America/Bogota,2025-09-10T02:00:00+00:00,2025-09-09,CO,3689147,24,True,No festivo,False,False,True,23.25,44069.11,41801.48,True,08001,BARRANQUILLA,08,ATLÁNTICO,2025,True,18.0,academic_illustration,True,noche,True,6.458333333333333,12.241419444444444,11.611522222222224,9.7,0.0,True,COMPLETE
1,6092,2025-09-11T19:00:00-05:00,Barranquilla,10.9685,-74.7813,28.3,91.0,0.0,6.9,162.02,True,6092,2025,9,11,19,,VALID,False,,False,False,False,False,False,0.152717522138,1.16649631524,0.91,0.0,America/Bogota,2025-09-12T00:00:00+00:00,2025-09-11,CO,3689147,24,True,No festivo,False,False,True,22.5,43998.56,39676.61,True,08001,BARRANQUILLA,08,ATLÁNTICO,2025,True,18.0,academic_illustration,True,noche,True,6.25,12.221822222222222,11.021280555555556,10.3,0.0,True,COMPLETE
1,6123,2025-09-13T02:00:00-05:00,Barranquilla,10.9685,-74.7813,26.0,94.0,0.0,3.6,123.72,True,6123,2025,9,13,2,,VALID,False,,False,False,False,False,False,-0.796431912139,-1.36710404742,0.94,0.0,America/Bogota,2025-09-13T07:00:00+00:00,2025-09-13,CO,3689147,24,True,No festivo,False,True,True,20.08,43927.63,36907.07,True,08001,BARRANQUILLA,08,ATLÁNTICO,2025,True,18.0,academic_illustration,True,madrugada,True,5.5777777777777775,12.202119444444444,10.25196388888889,8.0,0.0,False,COMPLETE
1,6125,2025-09-13T04:00:00-05:00,Barranquilla,10.9685,-74.7813,25.9,96.0,0.0,7.7,126.86,True,6125,2025,9,13,4,,VALID,False,,False,False,False,False,False,-0.837699278846,-1.15938850855,0.96,0.0,America/Bogota,2025-09-13T09:00:00+00:00,2025-09-13,CO,3689147,24,True,No festivo,False,True,True,20.08,43927.63,36907.07,True,08001,BARRANQUILLA,08,ATLÁNTICO,2025,True,18.0,academic_illustration,True,madrugada,True,5.5777777777777775,12.202119444444444,10.25196388888889,7.899999999999999,0.0,False,COMPLETE
1,6161,2025-09-14T16:00:00-05:00,Barranquilla,10.9685,-74.7813,29.6,79.0,0.0,11.8,135.07,True,6161,2025,9,14,16,,VALID,False,,False,False,False,False,False,0.689193289338,-0.616285140994,0.79,0.0,America/Bogota,2025-09-14T21:00:00+00:00,2025-09-14,CO,3689147,24,True,No festivo,False,True,True,20.96,43892.07,39507.73,True,08001,BARRANQUILLA,08,ATLÁNTICO,2025,True,18.0,academic_illustration,True,tarde,True,5.822222222222222,12.192241666666666,10.974369444444445,11.600000000000001,0.0,False,COMPLETE
1,6173,2025-09-15T04:00:00-05:00,Barranquilla,10.9685,-74.7813,26.4,95.0,0.0,8.4,135.55,True,6173,2025,9,15,4,,VALID,False,,False,False,False,False,False,-0.631362445308,-0.584532447154,0.95,0.0,America/Bogota,2025-09-15T09:00:00+00:00,2025-09-15,CO,3689147,24,True,No festivo,False,False,True,23.68,43856.49,42377.89,True,08001,BARRANQUILLA,08,ATLÁNTICO,2025,True,18.0,academic_illustration,True,madrugada,True,6.5777777777777775,12.182358333333333,11.77163611111111,8.399999999999999,0.0,True,COMPLETE
1,6223,2025-09-17T06:00:00-05:00,Barranquilla,10.9685,-74.7813,24.5,98.0,0.0,5.8,133.57,True,6223,2025,9,17,6,,VALID,False,,False,False,False,False,False,-1.41544241275,-0.715512309244,0.98,0.0,America/Bogota,2025-09-17T11:00:00+00:00,2025-09-17,CO,3689147,24,True,No festivo,False,False,True,20.31,43785.33,39878.48,True,08001,BARRANQUILLA,08,ATLÁNTICO,2025,True,18.0,academic_illustration,True,manana,True,5.641666666666667,12.162591666666668,11.077355555555556,6.5,0.0,True,COMPLETE
1,6263,2025-09-18T22:00:00-05:00,Barranquilla,10.9685,-74.7813,25.7,97.0,0.0,5.1,132.7,True,6263,2025,9,18,22,,VALID,False,,False,False,False,False,False,-0.920234012262,-0.773064066829,0.97,0.0,America/Bogota,2025-09-19T03:00:00+00:00,2025-09-18,CO,3689147,24,True,No festivo,False,False,True,19.59,43749.79,34379.3,True,08001,BARRANQUILLA,08,ATLÁNTICO,2025,True,18.0,academic_illustration,True,noche,True,5.441666666666666,12.152719444444445,9.549805555555556,7.699999999999999,0.0,True,COMPLETE
1,6281,2025-09-19T16:00:00-05:00,Barranquilla,10.9685,-74.7813,28.1,77.0,0.1,5.4,132.61,True,6281,2025,9,19,16,,VALID,False,,False,False,False,False,False,0.0701827887227,-0.779017696924,0.77,0.0953101798043,America/Bogota,2025-09-19T21:00:00+00:00,2025-09-19,CO,3689147,24,True,No festivo,False,False,True,20.16,43714.31,35173.19,True,08001,BARRANQUILLA,08,ATLÁNTICO,2025,True,18.0,academic_illustration,True,tarde,True,5.6,12.142863888888888,9.770330555555557,10.100000000000001,0.0,True,COMPLETE
1,6286,2025-09-19T21:00:00-05:00,Barranquilla,10.9685,-74.7813,26.1,93.0,0.0,2.2,162.79,True,6286,2025,9,19,21,,VALID,False,,False,False,False,False,False,-0.755164545431,1.21743292827,0.93,0.0,America/Bogota,2025-09-20T02:00:00+00:00,2025-09-19,CO,3689147,24,True,No festivo,False,False,True,20.16,43714.31,35173.19,True,08001,BARRANQUILLA,08,ATLÁNTICO,2025,True,18.0,academic_illustration,True,noche,True,5.6,12.142863888888888,9.770330555555557,8.100000000000001,0.0,True,COMPLETE
1,6460,2025-09-27T03:00:00-05:00,Barranquilla,10.9685,-74.7813,24.8,96.0,0.0,6.0,125.58,True,6460,2025,9,27,3,,VALID,False,,False,False,False,False,False,-1.29164031263,-1.24406235879,0.96,0.0,America/Bogota,2025-09-27T08:00:00+00:00,2025-09-27,CO,3689147,24,True,No festivo,False,True,True,17.27,43432.91,30287.05,True,08001,BARRANQUILLA,08,ATLÁNTICO,2025,True,18.0,academic_illustration,True,madrugada,True,4.797222222222222,12.064697222222224,8.413069444444444,6.800000000000001,0.0,False,COMPLETE
1,6539,2025-09-30T10:00:00-05:00,Barranquilla,10.9685,-74.7813,30.2,73.0,0.0,10.1,148.27,True,6539,2025,9,30,10,,VALID,False,,False,False,False,False,False,0.936797489584,0.256913939608,0.73,0.0,America/Bogota,2025-09-30T15:00:00+00:00,2025-09-30,CO,3689147,24,True,No festivo,False,False,True,20.37,43326.53,38519.81,True,08001,BARRANQUILLA,08,ATLÁNTICO,2025,True,18.0,academic_illustration,True,manana,True,5.658333333333333,12.035147222222221,10.699947222222221,12.2,0.0,True,COMPLETE
1,6634,2025-10-04T09:00:00-05:00,Barranquilla,10.9685,-74.7813,27.6,83.0,0.1,8.8,158.49,True,6634,2025,10,4,9,,VALID,False,,False,False,False,False,False,-0.136154044816,0.93298171262,0.83,0.0953101798043,America/Bogota,2025-10-04T14:00:00+00:00,2025-10-04,CO,3689147,24,True,No festivo,False,True,True,12.11,43184.62,11623.41,True,08001,BARRANQUILLA,08,ATLÁNTICO,2025,True,18.0,academic_illustration,True,manana,True,3.3638888888888885,11.995727777777779,3.228725,9.600000000000001,0.0,False,COMPLETE
1,6654,2025-10-05T05:00:00-05:00,Barranquilla,10.9685,-74.7813,25.2,95.0,0.0,3.9,128.73,True,6654,2025,10,5,5,,VALID,False,,False,False,False,False,False,-1.1265708458,-1.03568530546,0.95,0.0,America/Bogota,2025-10-05T10:00:00+00:00,2025-10-05,CO,3689147,24,True,No festivo,False,True,True,23.3,43149.3,42197.11,True,08001,BARRANQUILLA,08,ATLÁNTICO,2025,True,18.0,academic_illustration,True,madrugada,True,6.472222222222222,11.985916666666668,11.721419444444445,7.199999999999999,0.0,False,COMPLETE
1,6718,2025-10-07T21:00:00-05:00,Barranquilla,10.9685,-74.7813,27.7,86.0,0.0,8.3,157.24,True,6718,2025,10,7,21,,VALID,False,,False,False,False,False,False,-0.094886678108,0.850292405745,0.86,0.0,America/Bogota,2025-10-08T02:00:00+00:00,2025-10-07,CO,3689147,24,True,No festivo,False,False,True,22.11,43078.98,39430.68,True,08001,BARRANQUILLA,08,ATLÁNTICO,2025,True,18.0,academic_illustration,True,noche,True,6.141666666666667,11.966383333333335,10.952966666666667,9.7,0.0,True,COMPLETE
1,6727,2025-10-08T06:00:00-05:00,Barranquilla,10.9685,-74.7813,26.0,94.0,0.0,4.5,133.57,True,6727,2025,10,8,6,,VALID,False,,False,False,False,False,False,-0.796431912139,-0.715512309244,0.94,0.0,America/Bogota,2025-10-08T11:00:00+00:00,2025-10-08,CO,3689147,24,True,No festivo,False,False,True,19.85,43044.04,38327.74,True,08001,BARRANQUILLA,08,ATLÁNTICO,2025,True,18.0,academic_illustration,True,manana,True,5.513888888888889,11.956677777777777,10.646594444444444,8.0,0.0,True,COMPLETE
1,6803,2025-10-11T10:00:00-05:00,Barranquilla,10.9685,-74.7813,28.2,79.0,0.1,3.3,129.39,True,6803,2025,10,11,10,,VALID,False,,False,False,False,False,False,0.11145015543,-0.992025351435,0.79,0.0953101798043,America/Bogota,2025-10-11T15:00:00+00:00,2025-10-11,CO,3689147,24,True,No festivo,False,True,True,15.06,42940.4,25886.79,True,08001,BARRANQUILLA,08,ATLÁNTICO,2025,True,18.0,academic_illustration,True,manana,True,4.183333333333334,11.927888888888889,7.190775,10.2,0.0,False,COMPLETE
1,6828,2025-10-12T11:00:00-05:00,Barranquilla,10.9685,-74.7813,30.4,61.0,0.0,6.2,125.45,True,6828,2025,10,12,11,,VALID,False,,False,False,False,False,False,1.019332223,-1.25266204671,0.61,0.0,America/Bogota,2025-10-12T16:00:00+00:00,2025-10-12,CO,3689147,24,True,No festivo,False,True,True,19.71,42906.33,39261.2,True,08001,BARRANQUILLA,08,ATLÁNTICO,2025,True,18.0,academic_illustration,True,manana,True,5.4750000000000005,11.918425000000001,10.905888888888889,12.399999999999999,0.0,False,COMPLETE
1,6853,2025-10-13T12:00:00-05:00,Barranquilla,10.9685,-74.7813,29.5,69.0,0.1,10.8,140.48,True,6853,2025,10,13,12,,VALID,False,,False,False,False,False,False,0.64792592263,-0.258405820838,0.69,0.0953101798043,America/Bogota,2025-10-13T17:00:00+00:00,2025-10-13,CO,3689147,24,True,Día de la Raza,True,False,True,21.21,42872.54,41748.2,True,08001,BARRANQUILLA,08,ATLÁNTICO,2025,True,18.0,academic_illustration,True,tarde,True,5.891666666666667,11.909038888888889,11.59672222222222,11.5,0.0,False,COMPLETE
1,6903,2025-10-15T14:00:00-05:00,Barranquilla,10.9685,-74.7813,28.5,74.0,2.5,8.7,137.18,True,6903,2025,10,15,14,,VALID,False,,False,False,False,False,False,0.235252255553,-0.476705590989,0.74,1.2527629685,America/Bogota,2025-10-15T19:00:00+00:00,2025-10-15,CO,3689147,24,True,No festivo,False,False,True,15.67,42805.35,27987.66,True,08001,BARRANQUILLA,08,ATLÁNTICO,2025,True,18.0,academic_illustration,True,tarde,True,4.352777777777778,11.890374999999999,7.77435,10.5,0.0,True,COMPLETE
1,6908,2025-10-15T19:00:00-05:00,Barranquilla,10.9685,-74.7813,25.6,93.0,0.0,3.8,157.42,True,6908,2025,10,15,19,,VALID,False,,False,False,False,False,False,-0.96150137897,0.862199665935,0.93,0.0,America/Bogota,2025-10-16T00:00:00+00:00,2025-10-15,CO,3689147,24,True,No festivo,False,False,True,15.67,42805.35,27987.66,True,08001,BARRANQUILLA,08,ATLÁNTICO,2025,True,18.0,academic_illustration,True,noche,True,4.352777777777778,11.890374999999999,7.77435,7.600000000000001,0.0,True,COMPLETE
1,6920,2025-10-16T07:00:00-05:00,Barranquilla,10.9685,-74.7813,24.4,95.0,0.0,10.3,146.94,True,6920,2025,10,16,7,,VALID,False,,False,False,False,False,False,-1.45670977946,0.168932517093,0.95,0.0,America/Bogota,2025-10-16T12:00:00+00:00,2025-10-16,CO,3689147,24,True,No festivo,False,False,True,14.72,42771.71,29577.17,True,08001,BARRANQUILLA,08,ATLÁNTICO,2025,True,18.0,academic_illustration,True,manana,True,4.088888888888889,11.881030555555554,8.215880555555556,6.399999999999999,0.0,True,COMPLETE
1,6935,2025-10-16T22:00:00-05:00,Barranquilla,10.9685,-74.7813,25.6,90.0,0.0,4.3,132.63,True,6935,2025,10,16,22,,VALID,False,,False,False,False,False,False,-0.96150137897,-0.777694668014,0.9,0.0,America/Bogota,2025-10-17T03:00:00+00:00,2025-10-16,CO,3689147,24,True,No festivo,False,False,True,14.72,42771.71,29577.17,True,08001,BARRANQUILLA,08,ATLÁNTICO,2025,True,18.0,academic_illustration,True,noche,True,4.088888888888889,11.881030555555554,8.215880555555556,7.600000000000001,0.0,True,COMPLETE
1,6977,2025-10-18T16:00:00-05:00,Barranquilla,10.9685,-74.7813,27.6,78.0,0.3,6.2,136.51,True,6977,2025,10,18,16,,VALID,False,,False,False,False,False,False,-0.136154044816,-0.521027059474,0.78,0.262364264467,America/Bogota,2025-10-18T21:00:00+00:00,2025-10-18,CO,3689147,24,True,No festivo,False,True,True,21.27,42704.48,39600.0,True,08001,BARRANQUILLA,08,ATLÁNTICO,2025,True,18.0,academic_illustration,True,tarde,True,5.908333333333333,11.862355555555556,11.0,9.600000000000001,0.0,False,COMPLETE
1,7076,2025-10-22T19:00:00-05:00,Barranquilla,10.9685,-74.7813,26.7,86.0,0.0,9.3,159.8,True,7076,2025,10,22,19,,VALID,False,,False,False,False,False,False,-0.507560345185,1.01964010623,0.86,0.0,America/Bogota,2025-10-23T00:00:00+00:00,2025-10-22,CO,3689147,24,True,No festivo,False,False,True,14.54,42570.94,24206.01,True,08001,BARRANQUILLA,08,ATLÁNTICO,2025,True,18.0,academic_illustration,True,noche,True,4.038888888888889,11.825261111111113,6.723891666666666,8.7,0.0,True,COMPLETE
1,7079,2025-10-22T22:00:00-05:00,Barranquilla,10.9685,-74.7813,26.0,89.0,0.1,8.5,122.74,True,7079,2025,10,22,22,,VALID,False,,False,False,False,False,False,-0.796431912139,-1.43193246401,0.89,0.0953101798043,America/Bogota,2025-10-23T03:00:00+00:00,2025-10-22,CO,3689147,24,True,No festivo,False,False,True,14.54,42570.94,24206.01,True,08001,BARRANQUILLA,08,ATLÁNTICO,2025,True,18.0,academic_illustration,True,noche,True,4.038888888888889,11.825261111111113,6.723891666666666,8.0,0.0,True,COMPLETE
1,7092,2025-10-23T11:00:00-05:00,Barranquilla,10.9685,-74.7813,29.7,74.0,0.5,12.0,147.13,True,7092,2025,10,23,11,,VALID,False,,False,False,False,False,False,0.730460656046,0.181501291738,0.74,0.405465108108,America/Bogota,2025-10-23T16:00:00+00:00,2025-10-23,CO,3689147,24,True,No festivo,False,False,True,11.94,42537.92,18429.91,True,08001,BARRANQUILLA,08,ATLÁNTICO,2025,True,18.0,academic_illustration,True,manana,True,3.3166666666666664,11.816088888888888,5.1194194444444445,11.7,0.0,True,COMPLETE
1,7156,2025-10-26T03:00:00-05:00,Barranquilla,10.9685,-74.7813,24.5,94.0,0.1,7.9,124.11,True,7156,2025,10,26,3,,VALID,False,,False,False,False,False,False,-1.41544241275,-1.34130498368,0.94,0.0953101798043,America/Bogota,2025-10-26T08:00:00+00:00,2025-10-26,CO,3689147,24,True,No festivo,False,True,True,18.6,42440.19,39600.0,True,08001,BARRANQUILLA,08,ATLÁNTICO,2025,True,18.0,academic_illustration,True,madrugada,True,5.166666666666667,11.788941666666668,11.0,6.5,0.0,False,COMPLETE
1,7162,2025-10-26T09:00:00-05:00,Barranquilla,10.9685,-74.7813,28.8,80.0,0.0,8.9,152.35,True,7162,2025,10,26,9,,VALID,False,,False,False,False,False,False,0.359054355677,0.526811837249,0.8,0.0,America/Bogota,2025-10-26T14:00:00+00:00,2025-10-26,CO,3689147,24,True,No festivo,False,True,True,18.6,42440.19,39600.0,True,08001,BARRANQUILLA,08,ATLÁNTICO,2025,True,18.0,academic_illustration,True,manana,True,5.166666666666667,11.788941666666668,11.0,10.8,0.0,False,COMPLETE
1,7170,2025-10-26T17:00:00-05:00,Barranquilla,10.9685,-74.7813,27.3,85.0,0.0,3.1,132.69,True,7170,2025,10,26,17,,VALID,False,,False,False,False,False,False,-0.259956144939,-0.773725581284,0.85,0.0,America/Bogota,2025-10-26T22:00:00+00:00,2025-10-26,CO,3689147,24,True,No festivo,False,True,True,18.6,42440.19,39600.0,True,08001,BARRANQUILLA,08,ATLÁNTICO,2025,True,18.0,academic_illustration,True,tarde,True,5.166666666666667,11.788941666666668,11.0,9.3,0.0,False,COMPLETE
1,7215,2025-10-28T14:00:00-05:00,Barranquilla,10.9685,-74.7813,30.5,65.0,0.2,15.4,145.33,True,7215,2025,10,28,14,,VALID,False,,False,False,False,False,False,1.06059958971,0.0624286898378,0.65,0.182321556794,America/Bogota,2025-10-28T19:00:00+00:00,2025-10-28,CO,3689147,24,True,No festivo,False,False,True,19.55,42376.45,39600.0,True,08001,BARRANQUILLA,08,ATLÁNTICO,2025,True,18.0,academic_illustration,True,tarde,True,5.430555555555555,11.77123611111111,11.0,12.5,0.0,True,COMPLETE
1,7247,2025-10-29T22:00:00-05:00,Barranquilla,10.9685,-74.7813,25.8,94.0,0.0,2.0,134.33,True,7247,2025,10,29,22,,VALID,False,,False,False,False,False,False,-0.878966645554,-0.665237210664,0.94,0.0,America/Bogota,2025-10-30T03:00:00+00:00,2025-10-29,CO,3689147,24,True,No festivo,False,False,True,18.34,42345.1,37886.85,True,08001,BARRANQUILLA,08,ATLÁNTICO,2025,True,18.0,academic_illustration,True,noche,True,5.094444444444444,11.762527777777777,10.524125,7.800000000000001,0.0,True,COMPLETE
1,7336,2025-11-02T15:00:00-05:00,Barranquilla,10.9685,-74.7813,30.8,70.0,0.0,6.4,149.36,True,7336,2025,11,2,15,,VALID,False,,False,False,False,False,False,1.18440168983,0.329019015203,0.7,0.0,America/Bogota,2025-11-02T20:00:00+00:00,2025-11-02,CO,3689147,24,True,No festivo,False,True,True,19.9,42223.91,38587.85,True,08001,BARRANQUILLA,08,ATLÁNTICO,2025,True,18.0,academic_illustration,True,tarde,True,5.527777777777778,11.72886388888889,10.718847222222221,12.8,0.0,False,COMPLETE
1,7351,2025-11-03T06:00:00-05:00,Barranquilla,10.9685,-74.7813,25.5,97.0,0.0,6.5,145.29,True,7351,2025,11,3,6,,VALID,False,,False,False,False,False,False,-1.00276874568,0.0597826320177,0.97,0.0,America/Bogota,2025-11-03T11:00:00+00:00,2025-11-03,CO,3689147,24,True,Dia de los Santos,True,False,True,12.86,42194.72,23926.64,True,08001,BARRANQUILLA,08,ATLÁNTICO,2025,True,18.0,academic_illustration,True,manana,True,3.572222222222222,11.720755555555556,6.646288888888889,7.5,0.0,False,COMPLETE
1,7360,2025-11-03T15:00:00-05:00,Barranquilla,10.9685,-74.7813,30.0,71.0,0.8,4.4,149.32,True,7360,2025,11,3,15,,VALID,False,,False,False,False,False,False,0.854262756169,0.326372957383,0.71,0.587786664902,America/Bogota,2025-11-03T20:00:00+00:00,2025-11-03,CO,3689147,24,True,Dia de los Santos,True,False,True,12.86,42194.72,23926.64,True,08001,BARRANQUILLA,08,ATLÁNTICO,2025,True,18.0,academic_illustration,True,tarde,True,3.572222222222222,11.720755555555556,6.646288888888889,12.0,0.0,False,COMPLETE
1,7362,2025-11-03T17:00:00-05:00,Barranquilla,10.9685,-74.7813,28.7,79.0,0.0,3.9,145.57,True,7362,2025,11,3,17,,VALID,False,,False,False,False,False,False,0.317786988969,0.0783050367578,0.79,0.0,America/Bogota,2025-11-03T22:00:00+00:00,2025-11-03,CO,3689147,24,True,Dia de los Santos,True,False,True,12.86,42194.72,23926.64,True,08001,BARRANQUILLA,08,ATLÁNTICO,2025,True,18.0,academic_illustration,True,tarde,True,3.572222222222222,11.720755555555556,6.646288888888889,10.7,0.0,False,COMPLETE
1,7383,2025-11-04T14:00:00-05:00,Barranquilla,10.9685,-74.7813,30.2,66.0,0.0,6.9,141.83,True,7383,2025,11,4,14,,VALID,False,,False,False,False,False,False,0.936797489584,-0.169101369413,0.66,0.0,America/Bogota,2025-11-04T19:00:00+00:00,2025-11-04,CO,3689147,24,True,No festivo,False,False,True,18.96,42165.69,39905.88,True,08001,BARRANQUILLA,08,ATLÁNTICO,2025,True,18.0,academic_illustration,True,tarde,True,5.266666666666667,11.712691666666668,11.084966666666666,12.2,0.0,True,COMPLETE
1,7398,2025-11-05T05:00:00-05:00,Barranquilla,10.9685,-74.7813,24.6,99.0,0.0,6.6,124.97,True,7398,2025,11,5,5,,VALID,False,,False,False,False,False,False,-1.37417504605,-1.28441474055,0.99,0.0,America/Bogota,2025-11-05T10:00:00+00:00,2025-11-05,CO,3689147,24,True,No festivo,False,False,True,20.27,42136.83,39670.01,True,08001,BARRANQUILLA,08,ATLÁNTICO,2025,True,18.0,academic_illustration,True,madrugada,True,5.6305555555555555,11.704675,11.019447222222222,6.600000000000001,0.0,True,COMPLETE
1,7442,2025-11-07T01:00:00-05:00,Barranquilla,10.9685,-74.7813,27.0,90.0,0.0,8.9,136.43,True,7442,2025,11,7,1,,VALID,False,,False,False,False,False,False,-0.383758245062,-0.526319175114,0.9,0.0,America/Bogota,2025-11-07T06:00:00+00:00,2025-11-07,CO,3689147,24,True,No festivo,False,False,True,20.56,42079.74,39573.49,True,08001,BARRANQUILLA,08,ATLÁNTICO,2025,True,18.0,academic_illustration,True,madrugada,True,5.71111111111111,11.688816666666666,10.99263611111111,9.0,0.0,True,COMPLETE
1,7495,2025-11-09T06:00:00-05:00,Barranquilla,10.9685,-74.7813,26.8,91.0,0.0,6.2,129.86,True,7495,2025,11,9,6,,VALID,False,,False,False,False,False,False,-0.466292978477,-0.96093417205,0.91,0.0,America/Bogota,2025-11-09T11:00:00+00:00,2025-11-09,CO,3689147,24,True,No festivo,False,True,True,20.63,42023.7,39696.21,True,08001,BARRANQUILLA,08,ATLÁNTICO,2025,True,18.0,academic_illustration,True,manana,True,5.730555555555555,11.67325,11.026724999999999,8.8,0.0,False,COMPLETE
1,7510,2025-11-09T21:00:00-05:00,Barranquilla,10.9685,-74.7813,28.9,86.0,0.0,12.5,161.95,True,7510,2025,11,9,21,,VALID,False,,False,False,False,False,False,0.400321722384,1.16186571405,0.86,0.0,America/Bogota,2025-11-10T02:00:00+00:00,2025-11-09,CO,3689147,24,True,No festivo,False,True,True,20.63,42023.7,39696.21,True,08001,BARRANQUILLA,08,ATLÁNTICO,2025,True,18.0,academic_illustration,True,noche,True,5.730555555555555,11.67325,11.026724999999999,10.899999999999999,0.0,False,COMPLETE
1,7556,2025-11-11T19:00:00-05:00,Barranquilla,10.9685,-74.7813,27.4,84.0,0.0,11.7,167.38,True,7556,2025,11,11,19,,VALID,False,,False,False,False,False,False,-0.218688778231,1.52106806312,0.84,0.0,America/Bogota,2025-11-12T00:00:00+00:00,2025-11-11,CO,3689147,24,True,No festivo,False,False,True,15.39,41968.97,39143.66,True,08001,BARRANQUILLA,08,ATLÁNTICO,2025,True,18.0,academic_illustration,True,noche,True,4.275,11.658047222222223,10.87323888888889,9.399999999999999,0.0,True,COMPLETE
1,7587,2025-11-13T02:00:00-05:00,Barranquilla,10.9685,-74.7813,26.8,79.0,0.0,7.6,136.88,True,7587,2025,11,13,2,,VALID,False,,False,False,False,False,False,-0.466292978477,-0.496551024639,0.79,0.0,America/Bogota,2025-11-13T07:00:00+00:00,2025-11-13,CO,3689147,24,True,No festivo,False,False,True,18.73,41915.79,39961.98,True,08001,BARRANQUILLA,08,ATLÁNTICO,2025,True,18.0,academic_illustration,True,madrugada,True,5.2027777777777775,11.643275000000001,11.10055,8.8,0.0,True,COMPLETE
1,7589,2025-11-13T04:00:00-05:00,Barranquilla,10.9685,-74.7813,25.8,87.0,0.0,1.3,136.26,True,7589,2025,11,13,4,,VALID,False,,False,False,False,False,False,-0.878966645554,-0.537564920849,0.87,0.0,America/Bogota,2025-11-13T09:00:00+00:00,2025-11-13,CO,3689147,24,True,No festivo,False,False,True,18.73,41915.79,39961.98,True,08001,BARRANQUILLA,08,ATLÁNTICO,2025,True,18.0,academic_illustration,True,madrugada,True,5.2027777777777775,11.643275000000001,11.10055,7.800000000000001,0.0,True,COMPLETE
1,7625,2025-11-14T16:00:00-05:00,Barranquilla,10.9685,-74.7813,29.4,73.0,0.0,7.8,122.4,True,7625,2025,11,14,16,,VALID,False,,False,False,False,False,False,0.606658555923,-1.45442395548,0.73,0.0,America/Bogota,2025-11-14T21:00:00+00:00,2025-11-14,CO,3689147,24,True,No festivo,False,False,True,18.91,41889.87,39600.0,True,08001,BARRANQUILLA,08,ATLÁNTICO,2025,True,18.0,academic_illustration,True,tarde,True,5.252777777777777,11.636075,11.0,11.399999999999999,0.0,True,COMPLETE
1,7637,2025-11-15T04:00:00-05:00,Barranquilla,10.9685,-74.7813,25.2,97.0,1.2,3.5,133.48,True,7637,2025,11,15,4,,VALID,False,,False,False,False,False,False,-1.1265708458,-0.721465939339,0.97,0.788457360364,America/Bogota,2025-11-15T09:00:00+00:00,2025-11-15,CO,3689147,24,True,No festivo,False,True,True,14.52,41864.45,39380.44,True,08001,BARRANQUILLA,08,ATLÁNTICO,2025,True,18.0,academic_illustration,True,madrugada,True,4.033333333333333,11.629013888888888,10.939011111111112,7.199999999999999,0.0,False,COMPLETE
1,7687,2025-11-17T06:00:00-05:00,Barranquilla,10.9685,-74.7813,24.0,100.0,0.0,5.1,123.17,True,7687,2025,11,17,6,,VALID,False,,False,False,False,False,False,-1.62177924629,-1.40348734245,1.0,0.0,America/Bogota,2025-11-17T11:00:00+00:00,2025-11-17,CO,3689147,24,True,Independencia de Cartagena,True,False,True,18.91,41815.2,38583.04,True,08001,BARRANQUILLA,08,ATLÁNTICO,2025,True,18.0,academic_illustration,True,manana,True,5.252777777777777,11.615333333333332,10.717511111111111,6.0,0.0,False,COMPLETE
1,7727,2025-11-18T22:00:00-05:00,Barranquilla,10.9685,-74.7813,26.6,87.0,0.0,15.2,131.1,True,7727,2025,11,18,22,,VALID,False,,False,False,False,False,False,-0.548827711893,-0.87890637963,0.87,0.0,America/Bogota,2025-11-19T03:00:00+00:00,2025-11-18,CO,3689147,24,True,No festivo,False,False,True,18.04,41791.46,39006.36,True,08001,BARRANQUILLA,08,ATLÁNTICO,2025,True,18.0,academic_illustration,True,noche,True,5.011111111111111,11.608738888888888,10.8351,8.600000000000001,0.0,True,COMPLETE
1,7745,2025-11-19T16:00:00-05:00,Barranquilla,10.9685,-74.7813,29.3,77.0,0.0,12.8,131.91,True,7745,2025,11,19,16,,VALID,False,,False,False,False,False,False,0.565391189215,-0.825323708774,0.77,0.0,America/Bogota,2025-11-19T21:00:00+00:00,2025-11-19,CO,3689147,24,True,No festivo,False,False,True,17.53,41768.35,38715.92,True,08001,BARRANQUILLA,08,ATLÁNTICO,2025,True,18.0,academic_illustration,True,tarde,True,4.8694444444444445,11.602319444444444,10.754422222222221,11.3,0.0,True,COMPLETE
1,7750,2025-11-19T21:00:00-05:00,Barranquilla,10.9685,-74.7813,27.5,86.0,0.0,19.2,171.92,True,7750,2025,11,19,21,,VALID,False,,False,False,False,False,False,-0.177421411523,1.82139562569,0.86,0.0,America/Bogota,2025-11-20T02:00:00+00:00,2025-11-19,CO,3689147,24,True,No festivo,False,False,True,17.53,41768.35,38715.92,True,08001,BARRANQUILLA,08,ATLÁNTICO,2025,True,18.0,academic_illustration,True,noche,True,4.8694444444444445,11.602319444444444,10.754422222222221,9.5,0.0,True,COMPLETE
1,7924,2025-11-27T03:00:00-05:00,Barranquilla,10.9685,-74.7813,26.9,81.0,0.0,11.8,132.03,True,7924,2025,11,27,3,,VALID,False,,False,False,False,False,False,-0.42502561177,-0.817385535314,0.81,0.0,America/Bogota,2025-11-27T08:00:00+00:00,2025-11-27,CO,3689147,24,True,No festivo,False,False,True,19.97,41606.45,39750.39,True,08001,BARRANQUILLA,08,ATLÁNTICO,2025,True,18.0,academic_illustration,True,madrugada,True,5.547222222222222,11.557347222222221,11.041775,8.899999999999999,0.0,True,COMPLETE
1,8003,2025-11-30T10:00:00-05:00,Barranquilla,10.9685,-74.7813,28.2,77.0,0.1,6.3,143.93,True,8003,2025,11,30,10,,VALID,False,,False,False,False,False,False,0.11145015543,-0.0301833338625,0.77,0.0953101798043,America/Bogota,2025-11-30T15:00:00+00:00,2025-11-30,CO,3689147,24,True,No festivo,False,True,True,9.02,41554.85,14855.13,True,08001,BARRANQUILLA,08,ATLÁNTICO,2025,True,18.0,academic_illustration,True,manana,True,2.5055555555555555,11.543013888888888,4.126424999999999,10.2,0.0,False,COMPLETE
1,8098,2025-12-04T09:00:00-05:00,Barranquilla,10.9685,-74.7813,28.8,72.0,0.0,4.8,148.62,True,8098,2025,12,4,9,,VALID,False,,False,False,False,False,False,0.359054355677,0.280066945533,0.72,0.0,America/Bogota,2025-12-04T14:00:00+00:00,2025-12-04,CO,3689147,24,True,No festivo,False,False,True,19.47,41494.91,40253.01,True,08001,BARRANQUILLA,08,ATLÁNTICO,2025,True,18.0,academic_illustration,True,manana,True,5.408333333333333,11.52636388888889,11.181391666666666,10.8,0.0,True,COMPLETE
1,8118,2025-12-05T05:00:00-05:00,Barranquilla,10.9685,-74.7813,23.5,97.0,0.0,2.4,115.18,True,8118,2025,12,5,5,,VALID,False,,False,False,False,False,False,-1.82811607983,-1.93203739199,0.97,0.0,America/Bogota,2025-12-05T10:00:00+00:00,2025-12-05,CO,3689147,24,True,No festivo,False,False,True,20.95,41481.67,40213.77,True,08001,BARRANQUILLA,08,ATLÁNTICO,2025,True,18.0,academic_illustration,True,madrugada,True,5.819444444444444,11.52268611111111,11.170491666666665,5.5,0.0,True,COMPLETE
1,8182,2025-12-07T21:00:00-05:00,Barranquilla,10.9685,-74.7813,27.0,87.0,0.0,3.6,181.48,True,8182,2025,12,7,21,,VALID,False,,False,False,False,False,False,-0.383758245062,2.45380344467,0.87,0.0,America/Bogota,2025-12-08T02:00:00+00:00,2025-12-07,CO,3689147,24,True,No festivo,False,True,True,17.06,41457.46,39368.88,True,08001,BARRANQUILLA,08,ATLÁNTICO,2025,True,18.0,academic_illustration,True,noche,True,4.738888888888888,11.51596111111111,10.935799999999999,9.0,0.0,False,COMPLETE
1,8191,2025-12-08T06:00:00-05:00,Barranquilla,10.9685,-74.7813,24.5,96.0,0.0,4.9,133.95,True,8191,2025,12,8,6,,VALID,False,,False,False,False,False,False,-1.41544241275,-0.690374759954,0.96,0.0,America/Bogota,2025-12-08T11:00:00+00:00,2025-12-08,CO,3689147,24,True,La Inmaculada Concepción,True,False,True,19.28,41446.54,40093.9,True,08001,BARRANQUILLA,08,ATLÁNTICO,2025,True,18.0,academic_illustration,True,manana,True,5.355555555555556,11.512927777777778,11.137194444444445,6.5,0.0,False,COMPLETE
1,8267,2025-12-11T10:00:00-05:00,Barranquilla,10.9685,-74.7813,30.8,64.0,0.0,8.8,150.84,True,8267,2025,12,11,10,,VALID,False,,False,False,False,False,False,1.18440168983,0.426923154544,0.64,0.0,America/Bogota,2025-12-11T15:00:00+00:00,2025-12-11,CO,3689147,24,True,No festivo,False,False,True,19.78,41418.79,39972.72,True,08001,BARRANQUILLA,08,ATLÁNTICO,2025,True,18.0,academic_illustration,True,manana,True,5.4944444444444445,11.505219444444444,11.103533333333333,12.8,0.0,True,COMPLETE
1,8292,2025-12-12T11:00:00-05:00,Barranquilla,10.9685,-74.7813,31.3,64.0,0.0,6.8,127.55,True,8292,2025,12,12,11,,VALID,False,,False,False,False,False,False,1.39073852337,-1.11374401116,0.64,0.0,America/Bogota,2025-12-12T16:00:00+00:00,2025-12-12,CO,3689147,24,True,No festivo,False,False,True,18.58,41411.3,39164.32,True,08001,BARRANQUILLA,08,ATLÁNTICO,2025,True,18.0,academic_illustration,True,manana,True,5.1611111111111105,11.50313888888889,10.878977777777777,13.3,0.0,True,COMPLETE
1,8317,2025-12-13T12:00:00-05:00,Barranquilla,10.9685,-74.7813,31.7,58.0,1.1,5.9,147.79,True,8317,2025,12,13,12,,VALID,False,,False,False,False,False,False,1.5558079902,0.225161245768,0.58,0.741937344729,America/Bogota,2025-12-13T17:00:00+00:00,2025-12-13,CO,3689147,24,True,No festivo,False,True,True,16.46,41404.69,33315.87,True,08001,BARRANQUILLA,08,ATLÁNTICO,2025,True,18.0,academic_illustration,True,tarde,True,4.572222222222222,11.501302777777779,9.254408333333334,13.7,0.0,False,COMPLETE
1,8367,2025-12-15T14:00:00-05:00,Barranquilla,10.9685,-74.7813,31.1,63.0,0.2,8.7,135.5,True,8367,2025,12,15,14,,VALID,False,,False,False,False,False,False,1.30820378995,-0.587840019429,0.63,0.182321556794,America/Bogota,2025-12-15T19:00:00+00:00,2025-12-15,CO,3689147,24,True,No festivo,False,False,True,18.83,41393.85,39808.31,True,08001,BARRANQUILLA,08,ATLÁNTICO,2025,True,18.0,academic_illustration,True,tarde,True,5.230555555555555,11.498291666666667,11.057863888888889,13.100000000000001,0.0,True,COMPLETE
1,8372,2025-12-15T19:00:00-05:00,Barranquilla,10.9685,-74.7813,26.7,88.0,0.0,11.6,177.55,True,8372,2025,12,15,19,,VALID,False,,False,False,False,False,False,-0.507560345185,2.19382826385,0.88,0.0,America/Bogota,2025-12-16T00:00:00+00:00,2025-12-15,CO,3689147,24,True,No festivo,False,False,True,18.83,41393.85,39808.31,True,08001,BARRANQUILLA,08,ATLÁNTICO,2025,True,18.0,academic_illustration,True,noche,True,5.230555555555555,11.498291666666667,11.057863888888889,8.7,0.0,True,COMPLETE
1,8384,2025-12-16T07:00:00-05:00,Barranquilla,10.9685,-74.7813,25.5,97.0,0.0,3.3,156.12,True,8384,2025,12,16,7,,VALID,False,,False,False,False,False,False,-1.00276874568,0.776202786785,0.97,0.0,America/Bogota,2025-12-16T12:00:00+00:00,2025-12-16,CO,3689147,24,True,No festivo,False,False,True,18.27,41389.61,36457.43,True,08001,BARRANQUILLA,08,ATLÁNTICO,2025,True,18.0,academic_illustration,True,manana,True,5.075,11.497113888888888,10.12706388888889,7.5,0.0,True,COMPLETE
1,8399,2025-12-16T22:00:00-05:00,Barranquilla,10.9685,-74.7813,26.6,81.0,0.0,14.7,126.31,True,8399,2025,12,16,22,,VALID,False,,False,False,False,False,False,-0.548827711893,-1.19577180358,0.81,0.0,America/Bogota,2025-12-17T03:00:00+00:00,2025-12-16,CO,3689147,24,True,No festivo,False,False,True,18.27,41389.61,36457.43,True,08001,BARRANQUILLA,08,ATLÁNTICO,2025,True,18.0,academic_illustration,True,noche,True,5.075,11.497113888888888,10.12706388888889,8.600000000000001,0.0,True,COMPLETE
1,8441,2025-12-18T16:00:00-05:00,Barranquilla,10.9685,-74.7813,28.3,78.0,0.0,14.9,126.79,True,8441,2025,12,18,16,,VALID,False,,False,False,False,False,False,0.152717522138,-1.16401910974,0.78,0.0,America/Bogota,2025-12-18T21:00:00+00:00,2025-12-18,CO,3689147,24,True,No festivo,False,False,True,18.45,41383.52,39435.08,True,08001,BARRANQUILLA,08,ATLÁNTICO,2025,True,18.0,academic_illustration,True,tarde,True,5.125,11.49542222222222,10.95418888888889,10.3,0.0,True,COMPLETE
1,8540,2025-12-22T19:00:00-05:00,Barranquilla,10.9685,-74.7813,27.0,84.0,0.0,15.9,176.77,True,8540,2025,12,22,19,,VALID,False,,False,False,False,False,False,-0.383758245062,2.14223013636,0.84,0.0,America/Bogota,2025-12-23T00:00:00+00:00,2025-12-22,CO,3689147,24,True,No festivo,False,False,True,19.11,41380.84,40950.12,True,08001,BARRANQUILLA,08,ATLÁNTICO,2025,True,18.0,academic_illustration,True,noche,True,5.308333333333333,11.494677777777778,11.375033333333334,9.0,0.0,True,COMPLETE
1,8543,2025-12-22T22:00:00-05:00,Barranquilla,10.9685,-74.7813,26.6,84.0,0.0,19.1,135.02,True,8543,2025,12,22,22,,VALID,False,,False,False,False,False,False,-0.548827711893,-0.619592713269,0.84,0.0,America/Bogota,2025-12-23T03:00:00+00:00,2025-12-22,CO,3689147,24,True,No festivo,False,False,True,19.11,41380.84,40950.12,True,08001,BARRANQUILLA,08,ATLÁNTICO,2025,True,18.0,academic_illustration,True,noche,True,5.308333333333333,11.494677777777778,11.375033333333334,8.600000000000001,0.0,True,COMPLETE
1,8556,2025-12-23T11:00:00-05:00,Barranquilla,10.9685,-74.7813,33.9,45.0,0.0,6.2,154.98,True,8556,2025,12,23,11,,VALID,False,,False,False,False,False,False,2.46369005777,0.700790138914,0.45,0.0,America/Bogota,2025-12-23T16:00:00+00:00,2025-12-23,CO,3689147,24,True,No festivo,False,False,True,16.18,41382.15,39398.75,True,08001,BARRANQUILLA,08,ATLÁNTICO,2025,True,18.0,academic_illustration,True,manana,True,4.4944444444444445,11.495041666666667,10.944097222222222,15.899999999999999,0.0,True,COMPLETE
1,8620,2025-12-26T03:00:00-05:00,Barranquilla,10.9685,-74.7813,25.8,73.0,0.0,17.1,142.4,True,8620,2025,12,26,3,,VALID,False,,False,False,False,False,False,-0.878966645554,-0.131395045478,0.73,0.0,America/Bogota,2025-12-26T08:00:00+00:00,2025-12-26,CO,3689147,24,True,No festivo,False,False,True,21.02,41390.79,40960.15,True,08001,BARRANQUILLA,08,ATLÁNTICO,2025,True,18.0,academic_illustration,True,madrugada,True,5.838888888888889,11.497441666666667,11.377819444444444,7.800000000000001,0.0,True,COMPLETE
1,8626,2025-12-26T09:00:00-05:00,Barranquilla,10.9685,-74.7813,29.6,61.0,0.0,6.0,160.29,True,8626,2025,12,26,9,,VALID,False,,False,False,False,False,False,0.689193289338,1.05205431452,0.61,0.0,America/Bogota,2025-12-26T14:00:00+00:00,2025-12-26,CO,3689147,24,True,No festivo,False,False,True,21.02,41390.79,40960.15,True,08001,BARRANQUILLA,08,ATLÁNTICO,2025,True,18.0,academic_illustration,True,manana,True,5.838888888888889,11.497441666666667,11.377819444444444,11.600000000000001,0.0,True,COMPLETE
1,8634,2025-12-26T17:00:00-05:00,Barranquilla,10.9685,-74.7813,27.2,76.0,0.0,15.9,138.38,True,8634,2025,12,26,17,,VALID,False,,False,False,False,False,False,-0.301223511646,-0.397323856388,0.76,0.0,America/Bogota,2025-12-26T22:00:00+00:00,2025-12-26,CO,3689147,24,True,No festivo,False,False,True,21.02,41390.79,40960.15,True,08001,BARRANQUILLA,08,ATLÁNTICO,2025,True,18.0,academic_illustration,True,tarde,True,5.838888888888889,11.497441666666667,11.377819444444444,9.2,0.0,True,COMPLETE
1,8679,2025-12-28T14:00:00-05:00,Barranquilla,10.9685,-74.7813,30.9,56.0,0.0,13.8,135.93,True,8679,2025,12,28,14,,VALID,False,,False,False,False,False,False,1.22566905654,-0.559394897864,0.56,0.0,America/Bogota,2025-12-28T19:00:00+00:00,2025-12-28,CO,3689147,24,True,No festivo,False,True,True,21.07,41400.47,40969.77,True,08001,BARRANQUILLA,08,ATLÁNTICO,2025,True,18.0,academic_illustration,True,tarde,True,5.852777777777778,11.500130555555556,11.380491666666666,12.899999999999999,0.0,False,COMPLETE
1,8711,2025-12-29T22:00:00-05:00,Barranquilla,10.9685,-74.7813,26.9,80.0,0.0,17.2,135.94,True,8711,2025,12,29,22,,VALID,False,,False,False,False,False,False,-0.42502561177,-0.558733383409,0.8,0.0,America/Bogota,2025-12-30T03:00:00+00:00,2025-12-29,CO,3689147,24,True,No festivo,False,False,True,20.67,41406.48,40975.73,True,08001,BARRANQUILLA,08,ATLÁNTICO,2025,True,18.0,academic_illustration,True,noche,True,5.741666666666667,11.501800000000001,11.382147222222223,8.899999999999999,0.0,True,COMPLETE
2,82,2025-01-04T09:00:00-05:00,Bogota,4.711,-74.0721,15.0,74.0,0.0,0.3,156.64,True,8842,2025,1,4,9,,VALID,False,,False,False,False,False,False,0.288438255059,0.111423101136,0.74,0.0,America/Bogota,2025-01-04T14:00:00+00:00,2025-01-04,CO,3688689,2582,True,No festivo,False,True,True,14.93,42682.09,40196.29,True,11001,"BOGOTÁ, D.C.",11,"BOGOTÁ, D.C.",2025,True,18.0,academic_illustration,True,manana,True,4.147222222222222,11.85613611111111,11.16563611111111,0.0,3.0,False,COMPLETE
2,102,2025-01-05T05:00:00-05:00,Bogota,4.711,-74.0721,9.2,96.0,0.0,2.3,158.53,True,8862,2025,1,5,5,,VALID,False,,False,False,False,False,False,-1.36605115676,0.215176611722,0.96,0.0,America/Bogota,2025-01-05T10:00:00+00:00,2025-01-05,CO,3688689,2582,True,No festivo,False,True,True,9.28,42686.96,13141.18,True,11001,"BOGOTÁ, D.C.",11,"BOGOTÁ, D.C.",2025,True,18.0,academic_illustration,True,madrugada,True,2.5777777777777775,11.857488888888888,3.650327777777778,0.0,8.8,False,COMPLETE
2,166,2025-01-07T21:00:00-05:00,Bogota,4.711,-74.0721,13.6,91.0,0.0,2.2,189.29,True,8926,2025,1,7,21,,VALID,False,,False,False,False,False,False,-0.110921258138,1.90377872051,0.91,0.0,America/Bogota,2025-01-08T02:00:00+00:00,2025-01-07,CO,3688689,2582,True,No festivo,False,False,True,17.99,42697.57,41626.6,True,11001,"BOGOTÁ, D.C.",11,"BOGOTÁ, D.C.",2025,True,18.0,academic_illustration,True,noche,True,4.997222222222222,11.860436111111111,11.562944444444444,0.0,4.4,True,COMPLETE
2,175,2025-01-08T06:00:00-05:00,Bogota,4.711,-74.0721,10.1,100.0,0.0,0.9,165.57,True,8935,2025,1,8,6,,VALID,False,,False,False,False,False,False,-1.10932004113,0.601644714642,1.0,0.0,America/Bogota,2025-01-08T11:00:00+00:00,2025-01-08,CO,3688689,2582,True,No festivo,False,False,True,16.29,42703.4,36616.86,True,11001,"BOGOTÁ, D.C.",11,"BOGOTÁ, D.C.",2025,True,18.0,academic_illustration,True,manana,True,4.5249999999999995,11.862055555555555,10.17135,0.0,7.9,True,COMPLETE
2,251,2025-01-11T10:00:00-05:00,Bogota,4.711,-74.0721,17.3,62.0,0.0,2.1,149.98,True,9011,2025,1,11,10,,VALID,False,,False,False,False,False,False,0.944528883882,-0.254184507593,0.62,0.0,America/Bogota,2025-01-11T15:00:00+00:00,2025-01-11,CO,3688689,2582,True,No festivo,False,True,True,22.09,42723.0,41676.68,True,11001,"BOGOTÁ, D.C.",11,"BOGOTÁ, D.C.",2025,True,18.0,academic_illustration,True,manana,True,6.136111111111111,11.8675,11.576855555555555,0.0,0.6999999999999993,False,COMPLETE
2,276,2025-01-12T11:00:00-05:00,Bogota,4.711,-74.0721,18.5,53.0,0.0,1.0,148.89,True,9036,2025,1,12,11,,VALID,False,,False,False,False,False,False,1.28683703805,-0.3140211883,0.53,0.0,America/Bogota,2025-01-12T16:00:00+00:00,2025-01-12,CO,3688689,2582,True,No festivo,False,True,True,25.48,42730.19,42309.08,True,11001,"BOGOTÁ, D.C.",11,"BOGOTÁ, D.C.",2025,True,18.0,academic_illustration,True,manana,True,7.0777777777777775,11.869497222222224,11.752522222222222,0.5,0.0,False,COMPLETE
2,301,2025-01-13T12:00:00-05:00,Bogota,4.711,-74.0721,20.6,44.0,0.0,3.6,138.65,True,9061,2025,1,13,12,,VALID,False,,False,False,False,False,False,1.88587630785,-0.87615661073,0.44,0.0,America/Bogota,2025-01-13T17:00:00+00:00,2025-01-13,CO,3688689,2582,True,No festivo,False,False,True,24.48,42737.69,42316.9,True,11001,"BOGOTÁ, D.C.",11,"BOGOTÁ, D.C.",2025,True,18.0,academic_illustration,True,tarde,True,6.8,11.871580555555557,11.754694444444445,2.6000000000000014,0.0,True,COMPLETE
2,351,2025-01-15T14:00:00-05:00,Bogota,4.711,-74.0721,21.3,39.0,0.0,11.9,134.94,True,9111,2025,1,15,14,,VALID,False,,False,False,False,False,False,2.08555606444,-1.07982090929,0.39,0.0,America/Bogota,2025-01-15T19:00:00+00:00,2025-01-15,CO,3688689,2582,True,No festivo,False,False,True,23.72,42753.57,42045.51,True,11001,"BOGOTÁ, D.C.",11,"BOGOTÁ, D.C.",2025,True,18.0,academic_illustration,True,tarde,True,6.588888888888889,11.875991666666666,11.679308333333333,3.3000000000000007,0.0,True,COMPLETE
2,356,2025-01-15T19:00:00-05:00,Bogota,4.711,-74.0721,14.2,83.0,0.0,4.3,173.59,True,9116,2025,1,15,19,,VALID,False,,False,False,False,False,False,0.0602328189465,1.04191093416,0.83,0.0,America/Bogota,2025-01-16T00:00:00+00:00,2025-01-15,CO,3688689,2582,True,No festivo,False,False,True,23.72,42753.57,42045.51,True,11001,"BOGOTÁ, D.C.",11,"BOGOTÁ, D.C.",2025,True,18.0,academic_illustration,True,noche,True,6.588888888888889,11.875991666666666,11.679308333333333,0.0,3.8000000000000007,True,COMPLETE
2,368,2025-01-16T07:00:00-05:00,Bogota,4.711,-74.0721,9.9,99.0,0.0,1.8,176.34,True,9128,2025,1,16,7,,VALID,False,,False,False,False,False,False,-1.16637140016,1.19287503687,0.99,0.0,America/Bogota,2025-01-16T12:00:00+00:00,2025-01-16,CO,3688689,2582,True,No festivo,False,False,True,22.02,42761.92,42320.93,True,11001,"BOGOTÁ, D.C.",11,"BOGOTÁ, D.C.",2025,True,18.0,academic_illustration,True,manana,True,6.116666666666666,11.878311111111111,11.75581388888889,0.0,8.1,True,COMPLETE
2,383,2025-01-16T22:00:00-05:00,Bogota,4.711,-74.0721,12.5,94.0,0.1,1.9,135.28,True,9143,2025,1,16,22,,VALID,False,,False,False,False,False,False,-0.424703732792,-1.06115625659,0.94,0.0953101798043,America/Bogota,2025-01-17T03:00:00+00:00,2025-01-16,CO,3688689,2582,True,No festivo,False,False,True,22.02,42761.92,42320.93,True,11001,"BOGOTÁ, D.C.",11,"BOGOTÁ, D.C.",2025,True,18.0,academic_illustration,True,noche,True,6.116666666666666,11.878311111111111,11.75581388888889,0.0,5.5,True,COMPLETE
2,425,2025-01-18T16:00:00-05:00,Bogota,4.711,-74.0721,21.0,34.0,0.0,9.7,126.85,True,9185,2025,1,18,16,,VALID,False,,False,False,False,False,False,1.9999790259,-1.52392985142,0.34,0.0,America/Bogota,2025-01-18T21:00:00+00:00,2025-01-18,CO,3688689,2582,True,No festivo,False,True,True,23.03,42779.39,40151.17,True,11001,"BOGOTÁ, D.C.",11,"BOGOTÁ, D.C.",2025,True,18.0,academic_illustration,True,tarde,True,6.397222222222222,11.88316388888889,11.153102777777777,3.0,0.0,False,COMPLETE
2,524,2025-01-22T19:00:00-05:00,Bogota,4.711,-74.0721,14.7,61.0,0.0,5.2,164.27,True,9284,2025,1,22,19,,VALID,False,,False,False,False,False,False,0.202861216517,0.530279866091,0.61,0.0,America/Bogota,2025-01-23T00:00:00+00:00,2025-01-22,CO,3688689,2582,True,No festivo,False,False,True,26.7,42817.05,42338.04,True,11001,"BOGOTÁ, D.C.",11,"BOGOTÁ, D.C.",2025,True,18.0,academic_illustration,True,noche,True,7.416666666666666,11.893625,11.760566666666668,0.0,3.3000000000000007,True,COMPLETE
2,527,2025-01-22T22:00:00-05:00,Bogota,4.711,-74.0721,10.4,79.0,0.0,5.2,152.29,True,9287,2025,1,22,22,,VALID,False,,False,False,False,False,False,-1.02374300259,-0.127374661322,0.79,0.0,America/Bogota,2025-01-23T03:00:00+00:00,2025-01-22,CO,3688689,2582,True,No festivo,False,False,True,26.7,42817.05,42338.04,True,11001,"BOGOTÁ, D.C.",11,"BOGOTÁ, D.C.",2025,True,18.0,academic_illustration,True,noche,True,7.416666666666666,11.893625,11.760566666666668,0.0,7.6,True,COMPLETE
2,540,2025-01-23T11:00:00-05:00,Bogota,4.711,-74.0721,19.0,35.0,0.0,13.6,139.75,True,9300,2025,1,23,11,,VALID,True,wind_speed_kmh,False,False,False,True,False,1.42946543562,-0.815770969649,0.35,0.0,America/Bogota,2025-01-23T16:00:00+00:00,2025-01-23,CO,3688689,2582,True,No festivo,False,False,True,25.23,42826.96,42327.55,True,11001,"BOGOTÁ, D.C.",11,"BOGOTÁ, D.C.",2025,True,18.0,academic_illustration,True,manana,True,7.008333333333333,11.896377777777777,11.757652777777778,1.0,0.0,True,COMPLETE
2,604,2025-01-26T03:00:00-05:00,Bogota,4.711,-74.0721,10.6,97.0,0.0,4.4,147.19,True,9364,2025,1,26,3,,VALID,False,,False,False,False,False,False,-0.966691643559,-0.40734445179,0.97,0.0,America/Bogota,2025-01-26T08:00:00+00:00,2025-01-26,CO,3688689,2582,True,No festivo,False,True,True,12.95,42857.69,30167.91,True,11001,"BOGOTÁ, D.C.",11,"BOGOTÁ, D.C.",2025,True,18.0,academic_illustration,True,madrugada,True,3.597222222222222,11.90491388888889,8.379975,0.0,7.4,False,COMPLETE
2,610,2025-01-26T09:00:00-05:00,Bogota,4.711,-74.0721,15.3,72.0,0.1,8.3,175.13,True,9370,2025,1,26,9,,VALID,False,,False,False,False,False,False,0.374015293601,1.12645083168,0.72,0.0953101798043,America/Bogota,2025-01-26T14:00:00+00:00,2025-01-26,CO,3688689,2582,True,No festivo,False,True,True,12.95,42857.69,30167.91,True,11001,"BOGOTÁ, D.C.",11,"BOGOTÁ, D.C.",2025,True,18.0,academic_illustration,True,manana,True,3.597222222222222,11.90491388888889,8.379975,0.0,2.6999999999999993,False,COMPLETE
2,618,2025-01-26T17:00:00-05:00,Bogota,4.711,-74.0721,17.7,57.0,0.0,10.1,137.18,True,9378,2025,1,26,17,,VALID,False,,False,False,False,False,False,1.05863160194,-0.95685378563,0.57,0.0,America/Bogota,2025-01-26T22:00:00+00:00,2025-01-26,CO,3688689,2582,True,No festivo,False,True,True,12.95,42857.69,30167.91,True,11001,"BOGOTÁ, D.C.",11,"BOGOTÁ, D.C.",2025,True,18.0,academic_illustration,True,tarde,True,3.597222222222222,11.90491388888889,8.379975,0.0,0.3000000000000007,False,COMPLETE
2,663,2025-01-28T14:00:00-05:00,Bogota,4.711,-74.0721,20.6,44.0,0.1,11.3,131.29,True,9423,2025,1,28,14,,VALID,False,,False,False,False,False,False,1.88587630785,-1.2801914456,0.44,0.0953101798043,America/Bogota,2025-01-28T19:00:00+00:00,2025-01-28,CO,3688689,2582,True,No festivo,False,False,True,14.98,42879.14,38194.94,True,11001,"BOGOTÁ, D.C.",11,"BOGOTÁ, D.C.",2025,True,18.0,academic_illustration,True,tarde,True,4.161111111111111,11.910872222222222,10.609705555555557,2.6000000000000014,0.0,True,COMPLETE
2,695,2025-01-29T22:00:00-05:00,Bogota,4.711,-74.0721,11.4,90.0,0.0,6.7,160.53,True,9455,2025,1,29,22,,VALID,False,,False,False,False,False,False,-0.738486207447,0.324968686415,0.9,0.0,America/Bogota,2025-01-30T03:00:00+00:00,2025-01-29,CO,3688689,2582,True,No festivo,False,False,True,13.78,42890.28,31896.07,True,11001,"BOGOTÁ, D.C.",11,"BOGOTÁ, D.C.",2025,True,18.0,academic_illustration,True,noche,True,3.8277777777777775,11.913966666666667,8.860019444444445,0.0,6.6,True,COMPLETE
2,799,2025-02-03T06:00:00-05:00,Bogota,4.711,-74.0721,10.2,97.0,0.0,4.5,149.83,True,9559,2025,2,3,6,,VALID,False,,False,False,False,False,False,-1.08079436162,-0.262418913195,0.97,0.0,America/Bogota,2025-02-03T11:00:00+00:00,2025-02-03,CO,3688689,2582,True,No festivo,False,False,True,15.22,42949.59,33411.68,True,11001,"BOGOTÁ, D.C.",11,"BOGOTÁ, D.C.",2025,True,18.0,academic_illustration,True,manana,True,4.227777777777778,11.930441666666665,9.281022222222223,0.0,7.800000000000001,True,COMPLETE
2,808,2025-02-03T15:00:00-05:00,Bogota,4.711,-74.0721,20.9,42.0,0.0,10.7,124.14,True,9568,2025,2,3,15,,VALID,False,,False,False,False,False,False,1.97145334639,-1.67269811263,0.42,0.0,America/Bogota,2025-02-03T20:00:00+00:00,2025-02-03,CO,3688689,2582,True,No festivo,False,False,True,15.22,42949.59,33411.68,True,11001,"BOGOTÁ, D.C.",11,"BOGOTÁ, D.C.",2025,True,18.0,academic_illustration,True,tarde,True,4.227777777777778,11.930441666666665,9.281022222222223,2.8999999999999986,0.0,True,COMPLETE
2,826,2025-02-04T09:00:00-05:00,Bogota,4.711,-74.0721,16.1,65.0,0.0,4.8,163.56,True,9586,2025,2,4,9,,VALID,False,,False,False,False,False,False,0.602220729713,0.491303679575,0.65,0.0,America/Bogota,2025-02-04T14:00:00+00:00,2025-02-04,CO,3688689,2582,True,No festivo,False,False,True,14.34,42962.07,30966.28,True,11001,"BOGOTÁ, D.C.",11,"BOGOTÁ, D.C.",2025,True,18.0,academic_illustration,True,manana,True,3.9833333333333334,11.933908333333333,8.601744444444444,0.0,1.8999999999999986,True,COMPLETE
2,835,2025-02-04T18:00:00-05:00,Bogota,4.711,-74.0721,16.1,69.0,0.1,9.5,173.37,True,9595,2025,2,4,18,,VALID,False,,False,False,False,False,False,0.602220729713,1.02983380595,0.69,0.0953101798043,America/Bogota,2025-02-04T23:00:00+00:00,2025-02-04,CO,3688689,2582,True,No festivo,False,False,True,14.34,42962.07,30966.28,True,11001,"BOGOTÁ, D.C.",11,"BOGOTÁ, D.C.",2025,True,18.0,academic_illustration,True,noche,True,3.9833333333333334,11.933908333333333,8.601744444444444,0.0,1.8999999999999986,True,COMPLETE
2,900,2025-02-07T11:00:00-05:00,Bogota,4.711,-74.0721,19.1,54.0,0.1,6.2,144.14,True,9660,2025,2,7,11,,VALID,False,,False,False,False,False,False,1.45799111514,-0.574777365697,0.54,0.0953101798043,America/Bogota,2025-02-07T16:00:00+00:00,2025-02-07,CO,3688689,2582,True,No festivo,False,False,True,17.53,43000.49,35788.87,True,11001,"BOGOTÁ, D.C.",11,"BOGOTÁ, D.C.",2025,True,18.0,academic_illustration,True,manana,True,4.8694444444444445,11.944580555555556,9.941352777777778,1.1000000000000014,0.0,True,COMPLETE
2,903,2025-02-07T14:00:00-05:00,Bogota,4.711,-74.0721,21.6,41.0,0.0,4.0,128.98,True,9663,2025,2,7,14,,VALID,False,,False,False,False,False,False,2.17113310299,-1.40700129187,0.41,0.0,America/Bogota,2025-02-07T19:00:00+00:00,2025-02-07,CO,3688689,2582,True,No festivo,False,False,True,17.53,43000.49,35788.87,True,11001,"BOGOTÁ, D.C.",11,"BOGOTÁ, D.C.",2025,True,18.0,academic_illustration,True,tarde,True,4.8694444444444445,11.944580555555556,9.941352777777778,3.6000000000000014,0.0,True,COMPLETE
2,944,2025-02-09T07:00:00-05:00,Bogota,4.711,-74.0721,11.5,95.0,0.0,5.1,172.77,True,9704,2025,2,9,7,,VALID,False,,False,False,False,False,False,-0.709960527933,0.996896183538,0.95,0.0,America/Bogota,2025-02-09T12:00:00+00:00,2025-02-09,CO,3688689,2582,True,No festivo,False,True,True,13.31,43026.78,28397.54,True,11001,"BOGOTÁ, D.C.",11,"BOGOTÁ, D.C.",2025,True,18.0,academic_illustration,True,manana,True,3.6972222222222224,11.951883333333333,7.8882055555555555,0.0,6.5,False,COMPLETE
2,956,2025-02-09T19:00:00-05:00,Bogota,4.711,-74.0721,14.0,88.0,2.8,4.5,192.29,True,9716,2025,2,9,19,,VALID,True,precipitation_mm,False,False,True,False,False,0.00318145991841,2.06846683255,0.88,1.33500106673,America/Bogota,2025-02-10T00:00:00+00:00,2025-02-09,CO,3688689,2582,True,No festivo,False,True,True,13.31,43026.78,28397.54,True,11001,"BOGOTÁ, D.C.",11,"BOGOTÁ, D.C.",2025,True,18.0,academic_illustration,True,noche,True,3.6972222222222224,11.951883333333333,7.8882055555555555,0.0,4.0,False,COMPLETE
2,966,2025-02-10T05:00:00-05:00,Bogota,4.711,-74.0721,11.5,99.0,1.1,4.0,138.0,True,9726,2025,2,10,5,,VALID,True,precipitation_mm,False,False,True,False,False,-0.709960527933,-0.911839035006,0.99,0.741937344729,America/Bogota,2025-02-10T10:00:00+00:00,2025-02-10,CO,3688689,2582,True,No festivo,False,False,True,10.1,43040.09,21215.17,True,11001,"BOGOTÁ, D.C.",11,"BOGOTÁ, D.C.",2025,True,18.0,academic_illustration,True,madrugada,True,2.8055555555555554,11.955580555555555,5.893102777777777,0.0,6.5,True,COMPLETE
2,1009,2025-02-12T00:00:00-05:00,Bogota,4.711,-74.0721,11.9,100.0,0.0,2.2,152.79,True,9769,2025,2,12,0,,VALID,False,,False,False,False,False,False,-0.595857809877,-0.0999266426484,1.0,0.0,America/Bogota,2025-02-12T05:00:00+00:00,2025-02-12,CO,3688689,2582,True,No festivo,False,False,True,16.14,43066.96,36163.99,True,11001,"BOGOTÁ, D.C.",11,"BOGOTÁ, D.C.",2025,True,18.0,academic_illustration,True,madrugada,True,4.483333333333333,11.963044444444444,10.045552777777777,0.0,6.1,True,COMPLETE
2,1020,2025-02-12T11:00:00-05:00,Bogota,4.711,-74.0721,18.9,58.0,0.3,1.5,123.78,True,9780,2025,2,12,11,,VALID,True,precipitation_mm,False,False,True,False,False,1.40093975611,-1.69246068608,0.58,0.262364264467,America/Bogota,2025-02-12T16:00:00+00:00,2025-02-12,CO,3688689,2582,True,No festivo,False,False,True,16.14,43066.96,36163.99,True,11001,"BOGOTÁ, D.C.",11,"BOGOTÁ, D.C.",2025,True,18.0,academic_illustration,True,manana,True,4.483333333333333,11.963044444444444,10.045552777777777,0.8999999999999986,0.0,True,COMPLETE
2,1044,2025-02-13T11:00:00-05:00,Bogota,4.711,-74.0721,18.4,60.0,0.1,2.5,124.21,True,9804,2025,2,13,11,,VALID,False,,False,False,False,False,False,1.25831135854,-1.66885539002,0.6,0.0953101798043,America/Bogota,2025-02-13T16:00:00+00:00,2025-02-13,CO,3688689,2582,True,No festivo,False,False,True,13.37,43080.49,28044.41,True,11001,"BOGOTÁ, D.C.",11,"BOGOTÁ, D.C.",2025,True,18.0,academic_illustration,True,manana,True,3.7138888888888886,11.966802777777778,7.790113888888889,0.3999999999999986,0.0,True,COMPLETE
2,1055,2025-02-13T22:00:00-05:00,Bogota,4.711,-74.0721,12.2,95.0,0.0,3.1,153.29,True,9815,2025,2,13,22,,VALID,False,,False,False,False,False,False,-0.510280771335,-0.0724786239751,0.95,0.0,America/Bogota,2025-02-14T03:00:00+00:00,2025-02-13,CO,3688689,2582,True,No festivo,False,False,True,13.37,43080.49,28044.41,True,11001,"BOGOTÁ, D.C.",11,"BOGOTÁ, D.C.",2025,True,18.0,academic_illustration,True,noche,True,3.7138888888888886,11.966802777777778,7.790113888888889,0.0,5.800000000000001,True,COMPLETE
2,1099,2025-02-15T18:00:00-05:00,Bogota,4.711,-74.0721,14.3,87.0,0.4,1.6,174.66,True,9859,2025,2,15,18,,VALID,True,precipitation_mm,False,False,True,False,False,0.0887584984606,1.10064969412,0.87,0.336472236621,America/Bogota,2025-02-15T23:00:00+00:00,2025-02-15,CO,3688689,2582,True,No festivo,False,True,True,17.29,43107.71,40832.89,True,11001,"BOGOTÁ, D.C.",11,"BOGOTÁ, D.C.",2025,True,18.0,academic_illustration,True,noche,True,4.802777777777777,11.974363888888888,11.342469444444445,0.0,3.6999999999999993,False,COMPLETE
2,1106,2025-02-16T01:00:00-05:00,Bogota,4.711,-74.0721,10.9,99.0,0.1,0.9,152.61,True,9866,2025,2,16,1,,VALID,False,,False,False,False,False,False,-0.881114605017,-0.109807929371,0.99,0.0953101798043,America/Bogota,2025-02-16T06:00:00+00:00,2025-02-16,CO,3688689,2582,True,No festivo,False,True,True,16.89,43121.41,41295.75,True,11001,"BOGOTÁ, D.C.",11,"BOGOTÁ, D.C.",2025,True,18.0,academic_illustration,True,madrugada,True,4.691666666666666,11.978169444444445,11.471041666666666,0.0,7.1,False,COMPLETE
2,1107,2025-02-16T02:00:00-05:00,Bogota,4.711,-74.0721,11.3,98.0,0.1,0.2,136.02,True,9867,2025,2,16,2,,VALID,False,,False,False,False,False,False,-0.767011886961,-1.02053318895,0.98,0.0953101798043,America/Bogota,2025-02-16T07:00:00+00:00,2025-02-16,CO,3688689,2582,True,No festivo,False,True,True,16.89,43121.41,41295.75,True,11001,"BOGOTÁ, D.C.",11,"BOGOTÁ, D.C.",2025,True,18.0,academic_illustration,True,madrugada,True,4.691666666666666,11.978169444444445,11.471041666666666,0.0,6.699999999999999,False,COMPLETE
2,1226,2025-02-21T01:00:00-05:00,Bogota,4.711,-74.0721,12.3,95.0,0.0,2.5,155.72,True,9986,2025,2,21,1,,VALID,False,,False,False,False,False,False,-0.48175509182,0.0609187467774,0.95,0.0,America/Bogota,2025-02-21T06:00:00+00:00,2025-02-21,CO,3688689,2582,True,No festivo,False,False,True,15.51,43192.48,39600.0,True,11001,"BOGOTÁ, D.C.",11,"BOGOTÁ, D.C.",2025,True,18.0,academic_illustration,True,madrugada,True,4.308333333333334,11.997911111111112,11.0,0.0,5.699999999999999,True,COMPLETE
2,1289,2025-02-23T16:00:00-05:00,Bogota,4.711,-74.0721,17.4,70.0,3.1,7.1,135.8,True,10049,2025,2,23,16,,VALID,True,precipitation_mm,False,False,True,False,False,0.973054563396,-1.03261031717,0.7,1.41098697371,America/Bogota,2025-02-23T21:00:00+00:00,2025-02-23,CO,3688689,2582,True,No festivo,False,True,True,16.11,43221.88,40364.46,True,11001,"BOGOTÁ, D.C.",11,"BOGOTÁ, D.C.",2025,True,18.0,academic_illustration,True,tarde,True,4.475,12.006077777777778,11.212349999999999,0.0,0.6000000000000014,False,COMPLETE
2,1347,2025-02-26T02:00:00-05:00,Bogota,4.711,-74.0721,10.7,100.0,0.0,2.4,153.26,True,10107,2025,2,26,2,,VALID,False,,False,False,False,False,False,-0.938165964045,-0.0741255050955,1.0,0.0,America/Bogota,2025-02-26T07:00:00+00:00,2025-02-26,CO,3688689,2582,True,No festivo,False,False,True,13.66,43266.73,33745.96,True,11001,"BOGOTÁ, D.C.",11,"BOGOTÁ, D.C.",2025,True,18.0,academic_illustration,True,madrugada,True,3.7944444444444443,12.018536111111112,9.373877777777778,0.0,7.300000000000001,True,COMPLETE
2,1384,2025-02-27T15:00:00-05:00,Bogota,4.711,-74.0721,16.6,76.0,6.9,7.8,142.17,True,10144,2025,2,27,15,,VALID,True,precipitation_mm,False,False,True,False,False,0.744849127284,-0.68292255927,0.76,2.06686275947,America/Bogota,2025-02-27T20:00:00+00:00,2025-02-27,CO,3688689,2582,True,No festivo,False,False,True,14.83,43281.82,33990.35,True,11001,"BOGOTÁ, D.C.",11,"BOGOTÁ, D.C.",2025,True,18.0,academic_illustration,True,tarde,True,4.1194444444444445,12.022727777777778,9.441763888888888,0.0,1.3999999999999986,True,COMPLETE
2,1498,2025-03-04T09:00:00-05:00,Bogota,4.711,-74.0721,14.6,86.0,0.0,0.4,182.7,True,10258,2025,3,4,9,,VALID,False,,False,False,False,False,False,0.174335537003,1.54201383439,0.86,0.0,America/Bogota,2025-03-04T14:00:00+00:00,2025-03-04,CO,3688689,2582,True,No festivo,False,False,True,11.35,43357.86,13517.9,True,11001,"BOGOTÁ, D.C.",11,"BOGOTÁ, D.C.",2025,True,18.0,academic_illustration,True,manana,True,3.1527777777777777,12.04385,3.754972222222222,0.0,3.4000000000000004,True,COMPLETE
2,1518,2025-03-05T05:00:00-05:00,Bogota,4.711,-74.0721,10.0,100.0,0.0,0.4,147.73,True,10278,2025,3,5,5,,VALID,False,,False,False,False,False,False,-1.13784572064,-0.377700591623,1.0,0.0,America/Bogota,2025-03-05T10:00:00+00:00,2025-03-05,CO,3688689,2582,True,No festivo,False,False,True,13.83,43373.1,19609.46,True,11001,"BOGOTÁ, D.C.",11,"BOGOTÁ, D.C.",2025,True,18.0,academic_illustration,True,madrugada,True,3.841666666666667,12.048083333333333,5.447072222222222,0.0,8.0,True,COMPLETE
2,1582,2025-03-07T21:00:00-05:00,Bogota,4.711,-74.0721,12.8,89.0,0.5,2.0,180.94,True,10342,2025,3,7,21,,VALID,True,precipitation_mm,False,False,True,False,False,-0.33912669425,1.44539680866,0.89,0.405465108108,America/Bogota,2025-03-08T02:00:00+00:00,2025-03-07,CO,3688689,2582,True,No festivo,False,False,True,11.52,43403.51,18038.64,True,11001,"BOGOTÁ, D.C.",11,"BOGOTÁ, D.C.",2025,True,18.0,academic_illustration,True,noche,True,3.1999999999999997,12.056530555555556,5.0107333333333335,0.0,5.199999999999999,True,COMPLETE
2,1591,2025-03-08T06:00:00-05:00,Bogota,4.711,-74.0721,8.8,99.0,0.0,2.1,149.57,True,10351,2025,3,8,6,,VALID,False,,False,False,False,False,False,-1.48015387481,-0.276691882905,0.99,0.0,America/Bogota,2025-03-08T11:00:00+00:00,2025-03-08,CO,3688689,2582,True,No festivo,False,True,True,17.54,43418.7,34574.43,True,11001,"BOGOTÁ, D.C.",11,"BOGOTÁ, D.C.",2025,True,18.0,academic_illustration,True,manana,True,4.872222222222222,12.060749999999999,9.604008333333333,0.0,9.2,False,COMPLETE
2,1667,2025-03-11T10:00:00-05:00,Bogota,4.711,-74.0721,16.7,68.0,0.0,1.5,134.96,True,10427,2025,3,11,10,,VALID,False,,False,False,False,False,False,0.773374806798,-1.07872298854,0.68,0.0,America/Bogota,2025-03-11T15:00:00+00:00,2025-03-11,CO,3688689,2582,True,No festivo,False,False,True,17.42,43464.91,40527.97,True,11001,"BOGOTÁ, D.C.",11,"BOGOTÁ, D.C.",2025,True,18.0,academic_illustration,True,manana,True,4.8388888888888895,12.073586111111112,11.257769444444445,0.0,1.3000000000000007,True,COMPLETE
2,1692,2025-03-12T11:00:00-05:00,Bogota,4.711,-74.0721,18.6,63.0,0.1,7.0,131.12,True,10452,2025,3,12,11,,VALID,False,,False,False,False,False,False,1.31536271756,-1.28952377195,0.63,0.0953101798043,America/Bogota,2025-03-12T16:00:00+00:00,2025-03-12,CO,3688689,2582,True,No festivo,False,False,True,10.76,43480.49,21824.78,True,11001,"BOGOTÁ, D.C.",11,"BOGOTÁ, D.C.",2025,True,18.0,academic_illustration,True,manana,True,2.988888888888889,12.077913888888888,6.062438888888889,0.6000000000000014,0.0,True,COMPLETE
2,1717,2025-03-13T12:00:00-05:00,Bogota,4.711,-74.0721,18.0,65.0,0.9,12.3,129.26,True,10477,2025,3,13,12,,VALID,True,precipitation_mm,False,False,True,False,False,1.14420864048,-1.39163040142,0.65,0.641853886172,America/Bogota,2025-03-13T17:00:00+00:00,2025-03-13,CO,3688689,2582,True,No festivo,False,False,True,19.11,43496.15,37529.06,True,11001,"BOGOTÁ, D.C.",11,"BOGOTÁ, D.C.",2025,True,18.0,academic_illustration,True,tarde,True,5.308333333333333,12.082263888888889,10.424738888888887,0.0,0.0,True,COMPLETE
2,1767,2025-03-15T14:00:00-05:00,Bogota,4.711,-74.0721,20.1,51.0,0.0,8.3,130.04,True,10527,2025,3,15,14,,VALID,False,,False,False,False,False,False,1.74324791028,-1.34881149229,0.51,0.0,America/Bogota,2025-03-15T19:00:00+00:00,2025-03-15,CO,3688689,2582,True,No festivo,False,True,True,18.08,43527.64,36000.0,True,11001,"BOGOTÁ, D.C.",11,"BOGOTÁ, D.C.",2025,True,18.0,academic_illustration,True,tarde,True,5.022222222222221,12.091011111111111,10.0,2.1000000000000014,0.0,False,COMPLETE
2,1772,2025-03-15T19:00:00-05:00,Bogota,4.711,-74.0721,14.5,81.0,0.0,4.7,177.1,True,10532,2025,3,15,19,,VALID,False,,False,False,False,False,False,0.145809857489,1.23459602525,0.81,0.0,America/Bogota,2025-03-16T00:00:00+00:00,2025-03-15,CO,3688689,2582,True,No festivo,False,True,True,18.08,43527.64,36000.0,True,11001,"BOGOTÁ, D.C.",11,"BOGOTÁ, D.C.",2025,True,18.0,academic_illustration,True,noche,True,5.022222222222221,12.091011111111111,10.0,0.0,3.5,False,COMPLETE
2,1784,2025-03-16T07:00:00-05:00,Bogota,4.711,-74.0721,10.9,98.0,0.0,1.8,178.89,True,10544,2025,3,16,7,,VALID,False,,False,False,False,False,False,-0.881114605017,1.3328599321,0.98,0.0,America/Bogota,2025-03-16T12:00:00+00:00,2025-03-16,CO,3688689,2582,True,No festivo,False,True,True,17.08,43543.46,36000.0,True,11001,"BOGOTÁ, D.C.",11,"BOGOTÁ, D.C.",2025,True,18.0,academic_illustration,True,manana,True,4.744444444444444,12.095405555555555,10.0,0.0,7.1,False,COMPLETE
2,1799,2025-03-16T22:00:00-05:00,Bogota,4.711,-74.0721,12.2,97.0,0.0,3.6,150.5,True,10559,2025,3,16,22,,VALID,False,,False,False,False,False,False,-0.510280771335,-0.225638568172,0.97,0.0,America/Bogota,2025-03-17T03:00:00+00:00,2025-03-16,CO,3688689,2582,True,No festivo,False,True,True,17.08,43543.46,36000.0,True,11001,"BOGOTÁ, D.C.",11,"BOGOTÁ, D.C.",2025,True,18.0,academic_illustration,True,noche,True,4.744444444444444,12.095405555555555,10.0,0.0,5.800000000000001,False,COMPLETE
2,1841,2025-03-18T16:00:00-05:00,Bogota,4.711,-74.0721,17.1,66.0,0.5,9.3,147.54,True,10601,2025,3,18,16,,VALID,True,precipitation_mm,False,False,True,False,False,0.887477524854,-0.388130838718,0.66,0.405465108108,America/Bogota,2025-03-18T21:00:00+00:00,2025-03-18,CO,3688689,2582,True,No festivo,False,False,True,15.35,43575.18,28459.0,True,11001,"BOGOTÁ, D.C.",11,"BOGOTÁ, D.C.",2025,True,18.0,academic_illustration,True,tarde,True,4.263888888888888,12.104216666666666,7.905277777777778,0.0,0.8999999999999986,True,COMPLETE
2,1940,2025-03-22T19:00:00-05:00,Bogota,4.711,-74.0721,14.5,80.0,0.0,5.0,197.41,True,10700,2025,3,22,19,,VALID,False,,False,False,False,False,False,0.145809857489,2.34953454376,0.8,0.0,America/Bogota,2025-03-23T00:00:00+00:00,2025-03-22,CO,3688689,2582,True,No festivo,False,True,True,19.3,43638.65,37519.05,True,11001,"BOGOTÁ, D.C.",11,"BOGOTÁ, D.C.",2025,True,18.0,academic_illustration,True,noche,True,5.361111111111112,12.121847222222222,10.421958333333334,0.0,3.5,False,COMPLETE
2,1943,2025-03-22T22:00:00-05:00,Bogota,4.711,-74.0721,11.3,93.0,0.0,3.1,143.19,True,10703,2025,3,22,22,,VALID,False,,False,False,False,False,False,-0.767011886961,-0.626928601177,0.93,0.0,America/Bogota,2025-03-23T03:00:00+00:00,2025-03-22,CO,3688689,2582,True,No festivo,False,True,True,19.3,43638.65,37519.05,True,11001,"BOGOTÁ, D.C.",11,"BOGOTÁ, D.C.",2025,True,18.0,academic_illustration,True,noche,True,5.361111111111112,12.121847222222222,10.421958333333334,0.0,6.699999999999999,False,COMPLETE
2,1956,2025-03-23T11:00:00-05:00,Bogota,4.711,-74.0721,18.2,58.0,0.0,10.4,138.5,True,10716,2025,3,23,11,,VALID,False,,False,False,False,False,False,1.20125999951,-0.884391016332,0.58,0.0,America/Bogota,2025-03-23T16:00:00+00:00,2025-03-23,CO,3688689,2582,True,No festivo,False,True,True,18.25,43654.47,41097.45,True,11001,"BOGOTÁ, D.C.",11,"BOGOTÁ, D.C.",2025,True,18.0,academic_illustration,True,manana,True,5.069444444444445,12.126241666666667,11.415958333333332,0.1999999999999993,0.0,False,COMPLETE
2,2020,2025-03-26T03:00:00-05:00,Bogota,4.711,-74.0721,8.9,100.0,0.0,4.7,153.94,True,10780,2025,3,26,3,,VALID,False,,False,False,False,False,False,-1.4516281953,-0.0367961996997,1.0,0.0,America/Bogota,2025-03-26T08:00:00+00:00,2025-03-26,CO,3688689,2582,True,No festivo,False,False,True,20.33,43701.61,38458.16,True,11001,"BOGOTÁ, D.C.",11,"BOGOTÁ, D.C.",2025,True,18.0,academic_illustration,True,madrugada,True,5.647222222222221,12.139336111111112,10.682822222222223,0.0,9.1,True,COMPLETE
2,2026,2025-03-26T09:00:00-05:00,Bogota,4.711,-74.0721,14.9,73.0,0.0,2.9,144.44,True,10786,2025,3,26,9,,VALID,False,,False,False,False,False,False,0.259912575545,-0.558308554493,0.73,0.0,America/Bogota,2025-03-26T14:00:00+00:00,2025-03-26,CO,3688689,2582,True,No festivo,False,False,True,20.33,43701.61,38458.16,True,11001,"BOGOTÁ, D.C.",11,"BOGOTÁ, D.C.",2025,True,18.0,academic_illustration,True,manana,True,5.647222222222221,12.139336111111112,10.682822222222223,0.0,3.0999999999999996,True,COMPLETE
2,2034,2025-03-26T17:00:00-05:00,Bogota,4.711,-74.0721,18.5,61.0,0.0,12.1,137.26,True,10794,2025,3,26,17,,VALID,False,,False,False,False,False,False,1.28683703805,-0.952462102642,0.61,0.0,America/Bogota,2025-03-26T22:00:00+00:00,2025-03-26,CO,3688689,2582,True,No festivo,False,False,True,20.33,43701.61,38458.16,True,11001,"BOGOTÁ, D.C.",11,"BOGOTÁ, D.C.",2025,True,18.0,academic_illustration,True,tarde,True,5.647222222222221,12.139336111111112,10.682822222222223,0.5,0.0,True,COMPLETE
2,2079,2025-03-28T14:00:00-05:00,Bogota,4.711,-74.0721,19.2,59.0,0.1,4.4,138.39,True,10839,2025,3,28,14,,VALID,False,,False,False,False,False,False,1.48651679465,-0.890429580441,0.59,0.0953101798043,America/Bogota,2025-03-28T19:00:00+00:00,2025-03-28,CO,3688689,2582,True,No festivo,False,False,True,16.97,43732.71,39027.4,True,11001,"BOGOTÁ, D.C.",11,"BOGOTÁ, D.C.",2025,True,18.0,academic_illustration,True,tarde,True,4.713888888888889,12.147975,10.840944444444444,1.1999999999999993,0.0,True,COMPLETE
2,2111,2025-03-29T22:00:00-05:00,Bogota,4.711,-74.0721,12.1,99.0,0.0,1.8,145.39,True,10871,2025,3,29,22,,VALID,False,,False,False,False,False,False,-0.538806450849,-0.506157319014,0.99,0.0,America/Bogota,2025-03-30T03:00:00+00:00,2025-03-29,CO,3688689,2582,True,No festivo,False,True,True,16.35,43748.28,34169.63,True,11001,"BOGOTÁ, D.C.",11,"BOGOTÁ, D.C.",2025,True,18.0,academic_illustration,True,noche,True,4.541666666666667,12.1523,9.491563888888889,0.0,5.9,False,COMPLETE
2,2200,2025-04-02T15:00:00-05:00,Bogota,4.711,-74.0721,18.2,68.0,0.0,7.2,137.89,True,10960,2025,4,2,15,,VALID,False,,False,False,False,False,False,1.20125999951,-0.917877599114,0.68,0.0,America/Bogota,2025-04-02T20:00:00+00:00,2025-04-02,CO,3688689,2582,True,No festivo,False,False,True,12.43,43810.99,25430.54,True,11001,"BOGOTÁ, D.C.",11,"BOGOTÁ, D.C.",2025,True,18.0,academic_illustration,True,tarde,True,3.4527777777777775,12.169719444444445,7.064038888888889,0.1999999999999993,0.0,True,COMPLETE
2,2215,2025-04-03T06:00:00-05:00,Bogota,4.711,-74.0721,8.4,100.0,0.0,2.2,169.51,True,10975,2025,4,3,6,,VALID,False,,False,False,False,False,False,-1.59425659287,0.817935101788,1.0,0.0,America/Bogota,2025-04-03T11:00:00+00:00,2025-04-03,CO,3688689,2582,True,No festivo,False,False,True,16.93,43826.72,34330.5,True,11001,"BOGOTÁ, D.C.",11,"BOGOTÁ, D.C.",2025,True,18.0,academic_illustration,True,manana,True,4.7027777777777775,12.174088888888889,9.53625,0.0,9.6,True,COMPLETE
2,2224,2025-04-03T15:00:00-05:00,Bogota,4.711,-74.0721,19.8,60.0,0.0,6.9,127.82,True,10984,2025,4,3,15,,VALID,False,,False,False,False,False,False,1.65767087173,-1.4706806952,0.6,0.0,America/Bogota,2025-04-03T20:00:00+00:00,2025-04-03,CO,3688689,2582,True,No festivo,False,False,True,16.93,43826.72,34330.5,True,11001,"BOGOTÁ, D.C.",11,"BOGOTÁ, D.C.",2025,True,18.0,academic_illustration,True,tarde,True,4.7027777777777775,12.174088888888889,9.53625,1.8000000000000007,0.0,True,COMPLETE
2,2226,2025-04-03T17:00:00-05:00,Bogota,4.711,-74.0721,14.8,82.0,10.0,5.2,165.14,True,10986,2025,4,3,17,,VALID,True,precipitation_mm,False,False,True,False,False,0.231386896031,0.578039418583,0.82,2.3978952728,America/Bogota,2025-04-03T22:00:00+00:00,2025-04-03,CO,3688689,2582,True,No festivo,False,False,True,16.93,43826.72,34330.5,True,11001,"BOGOTÁ, D.C.",11,"BOGOTÁ, D.C.",2025,True,18.0,academic_illustration,True,tarde,True,4.7027777777777775,12.174088888888889,9.53625,0.0,3.1999999999999993,True,COMPLETE
2,2247,2025-04-04T14:00:00-05:00,Bogota,4.711,-74.0721,18.0,68.0,3.3,7.8,136.83,True,11007,2025,4,4,14,,VALID,True,precipitation_mm,False,False,True,False,False,1.14420864048,-0.976067398701,0.68,1.4586150227,America/Bogota,2025-04-04T19:00:00+00:00,2025-04-04,CO,3688689,2582,True,No festivo,False,False,True,10.23,43842.44,19795.34,True,11001,"BOGOTÁ, D.C.",11,"BOGOTÁ, D.C.",2025,True,18.0,academic_illustration,True,tarde,True,2.841666666666667,12.178455555555557,5.4987055555555555,0.0,0.0,True,COMPLETE
2,2262,2025-04-05T05:00:00-05:00,Bogota,4.711,-74.0721,10.7,99.0,0.0,2.6,152.24,True,11022,2025,4,5,5,,VALID,False,,False,False,False,False,False,-0.938165964045,-0.130119463189,0.99,0.0,America/Bogota,2025-04-05T10:00:00+00:00,2025-04-05,CO,3688689,2582,True,No festivo,False,True,True,9.68,43858.16,15892.11,True,11001,"BOGOTÁ, D.C.",11,"BOGOTÁ, D.C.",2025,True,18.0,academic_illustration,True,madrugada,True,2.6888888888888887,12.182822222222223,4.414475,0.0,7.300000000000001,False,COMPLETE
2,2306,2025-04-07T01:00:00-05:00,Bogota,4.711,-74.0721,13.0,95.0,0.3,0.9,150.78,True,11066,2025,4,7,1,,VALID,True,precipitation_mm,False,False,True,False,False,-0.282075335222,-0.210267677715,0.95,0.262364264467,America/Bogota,2025-04-07T06:00:00+00:00,2025-04-07,CO,3688689,2582,True,No festivo,False,False,True,17.37,43889.5,38942.9,True,11001,"BOGOTÁ, D.C.",11,"BOGOTÁ, D.C.",2025,True,18.0,academic_illustration,True,madrugada,True,4.825,12.191527777777777,10.817472222222223,0.0,5.0,True,COMPLETE
2,2359,2025-04-09T06:00:00-05:00,Bogota,4.711,-74.0721,11.2,99.0,0.0,4.7,147.25,True,11119,2025,4,9,6,,VALID,False,,False,False,False,False,False,-0.795537566475,-0.404050689549,0.99,0.0,America/Bogota,2025-04-09T11:00:00+00:00,2025-04-09,CO,3688689,2582,True,No festivo,False,False,True,14.24,43920.67,32818.84,True,11001,"BOGOTÁ, D.C.",11,"BOGOTÁ, D.C.",2025,True,18.0,academic_illustration,True,manana,True,3.9555555555555557,12.20018611111111,9.116344444444444,0.0,6.800000000000001,True,COMPLETE
2,2374,2025-04-09T21:00:00-05:00,Bogota,4.711,-74.0721,13.0,92.0,2.3,0.9,174.26,True,11134,2025,4,9,21,,VALID,True,precipitation_mm,False,False,True,False,False,-0.282075335222,1.07869127918,0.92,1.19392246847,America/Bogota,2025-04-10T02:00:00+00:00,2025-04-09,CO,3688689,2582,True,No festivo,False,False,True,14.24,43920.67,32818.84,True,11001,"BOGOTÁ, D.C.",11,"BOGOTÁ, D.C.",2025,True,18.0,academic_illustration,True,noche,True,3.9555555555555557,12.20018611111111,9.116344444444444,0.0,5.0,True,COMPLETE
2,2420,2025-04-11T19:00:00-05:00,Bogota,4.711,-74.0721,13.4,89.0,0.0,3.4,181.48,True,11180,2025,4,11,19,,VALID,False,,False,False,False,False,False,-0.167972617166,1.47504066883,0.89,0.0,America/Bogota,2025-04-12T00:00:00+00:00,2025-04-11,CO,3688689,2582,True,No festivo,False,False,True,18.41,43951.58,42079.51,True,11001,"BOGOTÁ, D.C.",11,"BOGOTÁ, D.C.",2025,True,18.0,academic_illustration,True,noche,True,5.113888888888889,12.208772222222223,11.688752777777779,0.0,4.6,True,COMPLETE
2,2451,2025-04-13T02:00:00-05:00,Bogota,4.711,-74.0721,10.4,97.0,0.0,2.0,154.91,True,11211,2025,4,13,2,,VALID,False,,False,False,False,False,False,-1.02374300259,0.0164529565266,0.97,0.0,America/Bogota,2025-04-13T07:00:00+00:00,2025-04-13,CO,3688689,2582,True,No festivo,False,True,True,24.58,43982.12,43167.12,True,11001,"BOGOTÁ, D.C.",11,"BOGOTÁ, D.C.",2025,True,18.0,academic_illustration,True,madrugada,True,6.8277777777777775,12.217255555555557,11.990866666666667,0.0,7.6,False,COMPLETE
2,2453,2025-04-13T04:00:00-05:00,Bogota,4.711,-74.0721,9.3,98.0,0.0,1.9,171.67,True,11213,2025,4,13,4,,VALID,False,,False,False,False,False,False,-1.33752547724,0.936510542457,0.98,0.0,America/Bogota,2025-04-13T09:00:00+00:00,2025-04-13,CO,3688689,2582,True,No festivo,False,True,True,24.58,43982.12,43167.12,True,11001,"BOGOTÁ, D.C.",11,"BOGOTÁ, D.C.",2025,True,18.0,academic_illustration,True,madrugada,True,6.8277777777777775,12.217255555555557,11.990866666666667,0.0,8.7,False,COMPLETE
2,2489,2025-04-14T16:00:00-05:00,Bogota,4.711,-74.0721,21.4,43.0,0.0,6.4,131.58,True,11249,2025,4,14,16,,VALID,False,,False,False,False,False,False,2.11408174396,-1.26427159477,0.43,0.0,America/Bogota,2025-04-14T21:00:00+00:00,2025-04-14,CO,3688689,2582,True,No festivo,False,False,True,23.08,43997.23,43159.96,True,11001,"BOGOTÁ, D.C.",11,"BOGOTÁ, D.C.",2025,True,18.0,academic_illustration,True,tarde,True,6.4111111111111105,12.22145277777778,11.988877777777777,3.3999999999999986,0.0,True,COMPLETE
2,2501,2025-04-15T04:00:00-05:00,Bogota,4.711,-74.0721,8.7,96.0,0.0,3.2,151.99,True,11261,2025,4,15,4,,VALID,False,,False,False,False,False,False,-1.50867955433,-0.143843472526,0.96,0.0,America/Bogota,2025-04-15T09:00:00+00:00,2025-04-15,CO,3688689,2582,True,No festivo,False,False,True,22.82,44012.21,41331.35,True,11001,"BOGOTÁ, D.C.",11,"BOGOTÁ, D.C.",2025,True,18.0,academic_illustration,True,madrugada,True,6.338888888888889,12.225613888888889,11.480930555555554,0.0,9.3,True,COMPLETE
2,2551,2025-04-17T06:00:00-05:00,Bogota,4.711,-74.0721,10.1,97.0,0.0,3.2,156.7,True,11311,2025,4,17,6,,VALID,False,,False,False,False,False,False,-1.10932004113,0.114716863377,0.97,0.0,America/Bogota,2025-04-17T11:00:00+00:00,2025-04-17,CO,3688689,2582,True,Jueves Santo,True,False,True,18.48,44041.77,40842.36,True,11001,"BOGOTÁ, D.C.",11,"BOGOTÁ, D.C.",2025,True,18.0,academic_illustration,True,manana,True,5.133333333333334,12.233825,11.3451,0.0,7.9,False,COMPLETE
2,2591,2025-04-18T22:00:00-05:00,Bogota,4.711,-74.0721,13.0,95.0,0.0,3.2,145.43,True,11351,2025,4,18,22,,VALID,False,,False,False,False,False,False,-0.282075335222,-0.50396147752,0.95,0.0,America/Bogota,2025-04-19T03:00:00+00:00,2025-04-18,CO,3688689,2582,True,Viernes Santo,True,False,True,15.63,44056.49,32744.42,True,11001,"BOGOTÁ, D.C.",11,"BOGOTÁ, D.C.",2025,True,18.0,academic_illustration,True,noche,True,4.341666666666667,12.237913888888889,9.095672222222221,0.0,5.0,False,COMPLETE
2,2609,2025-04-19T16:00:00-05:00,Bogota,4.711,-74.0721,19.9,54.0,0.1,11.4,130.8,True,11369,2025,4,19,16,,VALID,False,,False,False,False,False,False,1.68619655125,-1.3070905039,0.54,0.0953101798043,America/Bogota,2025-04-19T21:00:00+00:00,2025-04-19,CO,3688689,2582,True,No festivo,False,True,True,15.54,44071.18,34377.36,True,11001,"BOGOTÁ, D.C.",11,"BOGOTÁ, D.C.",2025,True,18.0,academic_illustration,True,tarde,True,4.316666666666666,12.241994444444444,9.549266666666666,1.8999999999999986,0.0,False,COMPLETE
2,2614,2025-04-19T21:00:00-05:00,Bogota,4.711,-74.0721,13.9,88.0,0.0,2.7,192.11,True,11374,2025,4,19,21,,VALID,False,,False,False,False,False,False,-0.0253442195956,2.05858554582,0.88,0.0,America/Bogota,2025-04-20T02:00:00+00:00,2025-04-19,CO,3688689,2582,True,No festivo,False,True,True,15.54,44071.18,34377.36,True,11001,"BOGOTÁ, D.C.",11,"BOGOTÁ, D.C.",2025,True,18.0,academic_illustration,True,noche,True,4.316666666666666,12.241994444444444,9.549266666666666,0.0,4.1,False,COMPLETE
2,2788,2025-04-27T03:00:00-05:00,Bogota,4.711,-74.0721,12.0,97.0,0.0,3.1,155.0,True,11548,2025,4,27,3,,VALID,False,,False,False,False,False,False,-0.567332130363,0.0213935998878,0.97,0.0,America/Bogota,2025-04-27T08:00:00+00:00,2025-04-27,CO,3688689,2582,True,No festivo,False,True,True,14.97,44186.81,40480.7,True,11001,"BOGOTÁ, D.C.",11,"BOGOTÁ, D.C.",2025,True,18.0,academic_illustration,True,madrugada,True,4.158333333333333,12.274113888888888,11.244638888888888,0.0,6.0,False,COMPLETE
2,2867,2025-04-30T10:00:00-05:00,Bogota,4.711,-74.0721,15.3,80.0,0.5,3.1,141.27,True,11627,2025,4,30,10,,VALID,True,precipitation_mm,False,False,True,False,False,0.374015293601,-0.732328992882,0.8,0.405465108108,America/Bogota,2025-04-30T15:00:00+00:00,2025-04-30,CO,3688689,2582,True,No festivo,False,False,True,12.01,44228.48,18733.28,True,11001,"BOGOTÁ, D.C.",11,"BOGOTÁ, D.C.",2025,True,18.0,academic_illustration,True,manana,True,3.336111111111111,12.28568888888889,5.203688888888888,0.0,2.6999999999999993,True,COMPLETE
2,2962,2025-05-04T09:00:00-05:00,Bogota,4.711,-74.0721,15.7,74.0,0.1,3.5,160.39,True,11722,2025,5,4,9,,VALID,False,,False,False,False,False,False,0.488118011657,0.317283241186,0.74,0.0953101798043,America/Bogota,2025-05-04T14:00:00+00:00,2025-05-04,CO,3688689,2582,True,No festivo,False,True,True,13.72,44281.71,27691.37,True,11001,"BOGOTÁ, D.C.",11,"BOGOTÁ, D.C.",2025,True,18.0,academic_illustration,True,manana,True,3.8111111111111113,12.300475,7.692047222222222,0.0,2.3000000000000007,False,COMPLETE
2,2982,2025-05-05T05:00:00-05:00,Bogota,4.711,-74.0721,11.6,94.0,0.0,0.0,156.23,True,11742,2025,5,5,5,,VALID,False,,False,False,False,False,False,-0.681434848419,0.0889157258242,0.94,0.0,America/Bogota,2025-05-05T10:00:00+00:00,2025-05-05,CO,3688689,2582,True,No festivo,False,False,True,6.89,44294.51,6643.4,True,11001,"BOGOTÁ, D.C.",11,"BOGOTÁ, D.C.",2025,True,18.0,academic_illustration,True,madrugada,True,1.9138888888888888,12.304030555555556,1.8453888888888887,0.0,6.4,True,COMPLETE
2,3046,2025-05-07T21:00:00-05:00,Bogota,4.711,-74.0721,12.3,98.0,0.0,1.8,186.23,True,11806,2025,5,7,21,,VALID,False,,False,False,False,False,False,-0.48175509182,1.73579684622,0.98,0.0,America/Bogota,2025-05-08T02:00:00+00:00,2025-05-07,CO,3688689,2582,True,No festivo,False,False,True,10.36,44319.45,14907.63,True,11001,"BOGOTÁ, D.C.",11,"BOGOTÁ, D.C.",2025,True,18.0,academic_illustration,True,noche,True,2.8777777777777778,12.310958333333332,4.141008333333333,0.0,5.699999999999999,True,COMPLETE
2,3055,2025-05-08T06:00:00-05:00,Bogota,4.711,-74.0721,9.6,100.0,0.0,0.8,155.68,True,11815,2025,5,8,6,,VALID,False,,False,False,False,False,False,-1.2519484387,0.0587229052835,1.0,0.0,America/Bogota,2025-05-08T11:00:00+00:00,2025-05-08,CO,3688689,2582,True,No festivo,False,False,True,15.94,44331.69,39875.65,True,11001,"BOGOTÁ, D.C.",11,"BOGOTÁ, D.C.",2025,True,18.0,academic_illustration,True,manana,True,4.427777777777777,12.314358333333335,11.076569444444445,0.0,8.4,True,COMPLETE
2,3131,2025-05-11T10:00:00-05:00,Bogota,4.711,-74.0721,16.2,71.0,0.2,7.9,138.96,True,11891,2025,5,11,10,,VALID,False,,False,False,False,False,False,0.630746409228,-0.859138839153,0.71,0.182321556794,America/Bogota,2025-05-11T15:00:00+00:00,2025-05-11,CO,3688689,2582,True,No festivo,False,True,True,12.31,44367.66,28819.08,True,11001,"BOGOTÁ, D.C.",11,"BOGOTÁ, D.C.",2025,True,18.0,academic_illustration,True,manana,True,3.4194444444444443,12.32435,8.0053,0.0,1.8000000000000007,False,COMPLETE
2,3156,2025-05-12T11:00:00-05:00,Bogota,4.711,-74.0721,18.7,60.0,0.2,7.5,137.23,True,11916,2025,5,12,11,,VALID,False,,False,False,False,False,False,1.34388839708,-0.954108983763,0.6,0.182321556794,America/Bogota,2025-05-12T16:00:00+00:00,2025-05-12,CO,3688689,2582,True,No festivo,False,False,True,12.5,44379.36,33469.23,True,11001,"BOGOTÁ, D.C.",11,"BOGOTÁ, D.C.",2025,True,18.0,academic_illustration,True,manana,True,3.4722222222222223,12.3276,9.297008333333334,0.6999999999999993,0.0,True,COMPLETE
2,3181,2025-05-13T12:00:00-05:00,Bogota,4.711,-74.0721,17.4,68.0,0.1,9.0,144.26,True,11941,2025,5,13,12,,VALID,False,,False,False,False,False,False,0.973054563396,-0.568189841216,0.68,0.0953101798043,America/Bogota,2025-05-13T17:00:00+00:00,2025-05-13,CO,3688689,2582,True,No festivo,False,False,True,10.84,44390.88,21246.72,True,11001,"BOGOTÁ, D.C.",11,"BOGOTÁ, D.C.",2025,True,18.0,academic_illustration,True,tarde,True,3.011111111111111,12.3308,5.901866666666667,0.0,0.6000000000000014,True,COMPLETE
2,3231,2025-05-15T14:00:00-05:00,Bogota,4.711,-74.0721,16.5,75.0,5.8,6.5,143.75,True,11991,2025,5,15,14,,VALID,True,precipitation_mm,False,False,True,False,False,0.71632344777,-0.596186820262,0.75,1.91692261218,America/Bogota,2025-05-15T19:00:00+00:00,2025-05-15,CO,3688689,2582,True,No festivo,False,False,True,11.8,44413.39,19956.74,True,11001,"BOGOTÁ, D.C.",11,"BOGOTÁ, D.C.",2025,True,18.0,academic_illustration,True,tarde,True,3.2777777777777777,12.337052777777778,5.5435388888888895,0.0,1.5,True,COMPLETE
2,3236,2025-05-15T19:00:00-05:00,Bogota,4.711,-74.0721,14.2,92.0,0.2,4.7,184.26,True,11996,2025,5,15,19,,VALID,False,,False,False,False,False,False,0.0602328189465,1.62765165265,0.92,0.182321556794,America/Bogota,2025-05-16T00:00:00+00:00,2025-05-15,CO,3688689,2582,True,No festivo,False,False,True,11.8,44413.39,19956.74,True,11001,"BOGOTÁ, D.C.",11,"BOGOTÁ, D.C.",2025,True,18.0,academic_illustration,True,noche,True,3.2777777777777777,12.337052777777778,5.5435388888888895,0.0,3.8000000000000007,True,COMPLETE
2,3248,2025-05-16T07:00:00-05:00,Bogota,4.711,-74.0721,11.4,94.0,0.0,3.5,181.63,True,12008,2025,5,16,7,,VALID,False,,False,False,False,False,False,-0.738486207447,1.48327507443,0.94,0.0,America/Bogota,2025-05-16T12:00:00+00:00,2025-05-16,CO,3688689,2582,True,No festivo,False,False,True,13.39,44424.35,28475.04,True,11001,"BOGOTÁ, D.C.",11,"BOGOTÁ, D.C.",2025,True,18.0,academic_illustration,True,manana,True,3.7194444444444446,12.340097222222221,7.9097333333333335,0.0,6.6,True,COMPLETE
2,3263,2025-05-16T22:00:00-05:00,Bogota,4.711,-74.0721,13.2,92.0,0.0,1.4,152.63,True,12023,2025,5,16,22,,VALID,False,,False,False,False,False,False,-0.225023976194,-0.108710008624,0.92,0.0,America/Bogota,2025-05-17T03:00:00+00:00,2025-05-16,CO,3688689,2582,True,No festivo,False,False,True,13.39,44424.35,28475.04,True,11001,"BOGOTÁ, D.C.",11,"BOGOTÁ, D.C.",2025,True,18.0,academic_illustration,True,noche,True,3.7194444444444446,12.340097222222221,7.9097333333333335,0.0,4.800000000000001,True,COMPLETE
2,3305,2025-05-18T16:00:00-05:00,Bogota,4.711,-74.0721,16.0,77.0,2.5,6.2,136.76,True,12065,2025,5,18,16,,VALID,True,precipitation_mm,False,False,True,False,False,0.573695050199,-0.979910121316,0.77,1.2527629685,America/Bogota,2025-05-18T21:00:00+00:00,2025-05-18,CO,3688689,2582,True,No festivo,False,True,True,16.37,44445.61,33645.04,True,11001,"BOGOTÁ, D.C.",11,"BOGOTÁ, D.C.",2025,True,18.0,academic_illustration,True,tarde,True,4.5472222222222225,12.346002777777779,9.345844444444445,0.0,2.0,False,COMPLETE
2,3404,2025-05-22T19:00:00-05:00,Bogota,4.711,-74.0721,12.4,96.0,0.0,2.4,181.02,True,12164,2025,5,22,19,,VALID,False,,False,False,False,False,False,-0.453229412306,1.44978849165,0.96,0.0,America/Bogota,2025-05-23T00:00:00+00:00,2025-05-22,CO,3688689,2582,True,No festivo,False,False,True,11.94,44485.16,22422.74,True,11001,"BOGOTÁ, D.C.",11,"BOGOTÁ, D.C.",2025,True,18.0,academic_illustration,True,noche,True,3.3166666666666664,12.356988888888889,6.228538888888889,0.0,5.6,True,COMPLETE
2,3407,2025-05-22T22:00:00-05:00,Bogota,4.711,-74.0721,11.9,94.0,0.0,2.6,149.76,True,12167,2025,5,22,22,,VALID,False,,False,False,False,False,False,-0.595857809877,-0.266261635809,0.94,0.0,America/Bogota,2025-05-23T03:00:00+00:00,2025-05-22,CO,3688689,2582,True,No festivo,False,False,True,11.94,44485.16,22422.74,True,11001,"BOGOTÁ, D.C.",11,"BOGOTÁ, D.C.",2025,True,18.0,academic_illustration,True,noche,True,3.3166666666666664,12.356988888888889,6.228538888888889,0.0,6.1,True,COMPLETE
2,3420,2025-05-23T11:00:00-05:00,Bogota,4.711,-74.0721,18.3,60.0,0.1,9.7,143.6,True,12180,2025,5,23,11,,VALID,False,,False,False,False,False,False,1.22978567902,-0.604421225864,0.6,0.0953101798043,America/Bogota,2025-05-23T16:00:00+00:00,2025-05-23,CO,3688689,2582,True,No festivo,False,False,True,16.63,44494.36,38735.3,True,11001,"BOGOTÁ, D.C.",11,"BOGOTÁ, D.C.",2025,True,18.0,academic_illustration,True,manana,True,4.6194444444444445,12.359544444444445,10.759805555555557,0.3000000000000007,0.0,True,COMPLETE
2,3484,2025-05-26T03:00:00-05:00,Bogota,4.711,-74.0721,12.0,91.0,0.1,1.1,143.17,True,12244,2025,5,26,3,,VALID,False,,False,False,False,False,False,-0.567332130363,-0.628026521923,0.91,0.0953101798043,America/Bogota,2025-05-26T08:00:00+00:00,2025-05-26,CO,3688689,2582,True,No festivo,False,False,True,13.84,44520.08,28707.99,True,11001,"BOGOTÁ, D.C.",11,"BOGOTÁ, D.C.",2025,True,18.0,academic_illustration,True,madrugada,True,3.844444444444444,12.36668888888889,7.974441666666667,0.0,6.0,True,COMPLETE
2,3490,2025-05-26T09:00:00-05:00,Bogota,4.711,-74.0721,15.3,80.0,0.3,2.3,158.46,True,12250,2025,5,26,9,,VALID,True,precipitation_mm,False,False,True,False,False,0.374015293601,0.211333889107,0.8,0.262364264467,America/Bogota,2025-05-26T14:00:00+00:00,2025-05-26,CO,3688689,2582,True,No festivo,False,False,True,13.84,44520.08,28707.99,True,11001,"BOGOTÁ, D.C.",11,"BOGOTÁ, D.C.",2025,True,18.0,academic_illustration,True,manana,True,3.844444444444444,12.36668888888889,7.974441666666667,0.0,2.6999999999999993,True,COMPLETE
2,3498,2025-05-26T17:00:00-05:00,Bogota,4.711,-74.0721,17.3,66.0,0.3,7.9,141.81,True,12258,2025,5,26,17,,VALID,True,precipitation_mm,False,False,True,False,False,0.944528883882,-0.702685132715,0.66,0.262364264467,America/Bogota,2025-05-26T22:00:00+00:00,2025-05-26,CO,3688689,2582,True,No festivo,False,False,True,13.84,44520.08,28707.99,True,11001,"BOGOTÁ, D.C.",11,"BOGOTÁ, D.C.",2025,True,18.0,academic_illustration,True,tarde,True,3.844444444444444,12.36668888888889,7.974441666666667,0.0,0.6999999999999993,True,COMPLETE
2,3543,2025-05-28T14:00:00-05:00,Bogota,4.711,-74.0721,19.4,56.0,0.5,8.9,132.49,True,12303,2025,5,28,14,,VALID,True,precipitation_mm,False,False,True,False,False,1.54356815368,-1.21431620079,0.56,0.405465108108,America/Bogota,2025-05-28T19:00:00+00:00,2025-05-28,CO,3688689,2582,True,No festivo,False,False,True,14.68,44535.69,30778.96,True,11001,"BOGOTÁ, D.C.",11,"BOGOTÁ, D.C.",2025,True,18.0,academic_illustration,True,tarde,True,4.0777777777777775,12.371025000000001,8.549711111111112,1.3999999999999986,0.0,True,COMPLETE
2,3575,2025-05-29T22:00:00-05:00,Bogota,4.711,-74.0721,12.0,93.0,0.0,2.2,155.21,True,12335,2025,5,29,22,,VALID,False,,False,False,False,False,False,-0.567332130363,0.0329217677306,0.93,0.0,America/Bogota,2025-05-30T03:00:00+00:00,2025-05-29,CO,3688689,2582,True,No festivo,False,False,True,17.66,44543.12,37078.88,True,11001,"BOGOTÁ, D.C.",11,"BOGOTÁ, D.C.",2025,True,18.0,academic_illustration,True,noche,True,4.905555555555556,12.373088888888889,10.299688888888888,0.0,6.0,True,COMPLETE
2,3664,2025-06-02T15:00:00-05:00,Bogota,4.711,-74.0721,17.9,62.0,0.1,8.9,133.47,True,12424,2025,6,2,15,,VALID,False,,False,False,False,False,False,1.11568296097,-1.16051808419,0.62,0.0953101798043,America/Bogota,2025-06-02T20:00:00+00:00,2025-06-02,CO,3688689,2582,True,Ascensión del señor,True,False,True,13.21,44570.15,22135.66,True,11001,"BOGOTÁ, D.C.",11,"BOGOTÁ, D.C.",2025,True,18.0,academic_illustration,True,tarde,True,3.6694444444444447,12.380597222222223,6.1487944444444445,0.0,0.10000000000000142,False,COMPLETE
2,3679,2025-06-03T06:00:00-05:00,Bogota,4.711,-74.0721,11.6,93.0,0.0,0.3,146.02,True,12439,2025,6,3,6,,VALID,False,,False,False,False,False,False,-0.681434848419,-0.471572815485,0.93,0.0,America/Bogota,2025-06-03T11:00:00+00:00,2025-06-03,CO,3688689,2582,True,No festivo,False,False,True,9.57,44576.21,20314.17,True,11001,"BOGOTÁ, D.C.",11,"BOGOTÁ, D.C.",2025,True,18.0,academic_illustration,True,manana,True,2.658333333333333,12.382280555555555,5.642824999999999,0.0,6.4,True,COMPLETE
2,3688,2025-06-03T15:00:00-05:00,Bogota,4.711,-74.0721,18.1,65.0,0.5,9.4,139.04,True,12448,2025,6,3,15,,VALID,True,precipitation_mm,False,False,True,False,False,1.17273431999,-0.854747156165,0.65,0.405465108108,America/Bogota,2025-06-03T20:00:00+00:00,2025-06-03,CO,3688689,2582,True,No festivo,False,False,True,9.57,44576.21,20314.17,True,11001,"BOGOTÁ, D.C.",11,"BOGOTÁ, D.C.",2025,True,18.0,academic_illustration,True,tarde,True,2.658333333333333,12.382280555555555,5.642824999999999,0.10000000000000142,0.0,True,COMPLETE
2,3690,2025-06-03T17:00:00-05:00,Bogota,4.711,-74.0721,15.7,80.0,2.2,9.0,134.7,True,12450,2025,6,3,17,,VALID,True,precipitation_mm,False,False,True,False,False,0.488118011657,-1.09299595825,0.8,1.16315080981,America/Bogota,2025-06-03T22:00:00+00:00,2025-06-03,CO,3688689,2582,True,No festivo,False,False,True,9.57,44576.21,20314.17,True,11001,"BOGOTÁ, D.C.",11,"BOGOTÁ, D.C.",2025,True,18.0,academic_illustration,True,tarde,True,2.658333333333333,12.382280555555555,5.642824999999999,0.0,2.3000000000000007,True,COMPLETE
2,3711,2025-06-04T14:00:00-05:00,Bogota,4.711,-74.0721,18.1,67.0,4.2,9.6,137.22,True,12471,2025,6,4,14,,VALID,True,precipitation_mm,False,False,True,False,False,1.17273431999,-0.954657944136,0.67,1.64865862559,America/Bogota,2025-06-04T19:00:00+00:00,2025-06-04,CO,3688689,2582,True,No festivo,False,False,True,14.67,44581.96,31639.89,True,11001,"BOGOTÁ, D.C.",11,"BOGOTÁ, D.C.",2025,True,18.0,academic_illustration,True,tarde,True,4.075,12.383877777777778,8.788858333333334,0.10000000000000142,0.0,True,COMPLETE
2,3726,2025-06-05T05:00:00-05:00,Bogota,4.711,-74.0721,10.5,97.0,0.0,2.5,150.72,True,12486,2025,6,5,5,,VALID,False,,False,False,False,False,False,-0.995217323073,-0.213561439956,0.97,0.0,America/Bogota,2025-06-05T10:00:00+00:00,2025-06-05,CO,3688689,2582,True,No festivo,False,False,True,7.5,44587.41,7532.71,True,11001,"BOGOTÁ, D.C.",11,"BOGOTÁ, D.C.",2025,True,18.0,academic_illustration,True,madrugada,True,2.0833333333333335,12.385391666666667,2.0924194444444444,0.0,7.5,True,COMPLETE
2,3770,2025-06-07T01:00:00-05:00,Bogota,4.711,-74.0721,10.3,96.0,0.0,1.8,160.9,True,12530,2025,6,7,1,,VALID,False,,False,False,False,False,False,-1.0522686821,0.345280220233,0.96,0.0,America/Bogota,2025-06-07T06:00:00+00:00,2025-06-07,CO,3688689,2582,True,No festivo,False,True,True,11.94,44597.38,25729.88,True,11001,"BOGOTÁ, D.C.",11,"BOGOTÁ, D.C.",2025,True,18.0,academic_illustration,True,madrugada,True,3.3166666666666664,12.38816111111111,7.1471888888888895,0.0,7.699999999999999,False,COMPLETE
2,3823,2025-06-09T06:00:00-05:00,Bogota,4.711,-74.0721,8.8,96.0,0.1,1.8,165.18,True,12583,2025,6,9,6,,VALID,False,,False,False,False,False,False,-1.48015387481,0.580235260077,0.96,0.0953101798043,America/Bogota,2025-06-09T11:00:00+00:00,2025-06-09,CO,3688689,2582,True,No festivo,False,False,True,9.36,44606.05,13507.12,True,11001,"BOGOTÁ, D.C.",11,"BOGOTÁ, D.C.",2025,True,18.0,academic_illustration,True,manana,True,2.5999999999999996,12.390569444444445,3.751977777777778,0.0,9.2,True,COMPLETE
2,3838,2025-06-09T21:00:00-05:00,Bogota,4.711,-74.0721,12.7,92.0,0.6,4.4,178.15,True,12598,2025,6,9,21,,VALID,True,precipitation_mm,False,False,True,False,False,-0.367652373764,1.29223686446,0.92,0.470003629246,America/Bogota,2025-06-10T02:00:00+00:00,2025-06-09,CO,3688689,2582,True,No festivo,False,False,True,9.36,44606.05,13507.12,True,11001,"BOGOTÁ, D.C.",11,"BOGOTÁ, D.C.",2025,True,18.0,academic_illustration,True,noche,True,2.5999999999999996,12.390569444444445,3.751977777777778,0.0,5.300000000000001,True,COMPLETE
2,3884,2025-06-11T19:00:00-05:00,Bogota,4.711,-74.0721,13.9,96.0,1.3,2.9,181.42,True,12644,2025,6,11,19,,VALID,True,precipitation_mm,False,False,True,False,False,-0.0253442195956,1.47174690659,0.96,0.832909122935,America/Bogota,2025-06-12T00:00:00+00:00,2025-06-11,CO,3688689,2582,True,No festivo,False,False,True,12.37,44613.37,31197.01,True,11001,"BOGOTÁ, D.C.",11,"BOGOTÁ, D.C.",2025,True,18.0,academic_illustration,True,noche,True,3.436111111111111,12.392602777777778,8.66583611111111,0.0,4.1,True,COMPLETE
2,3915,2025-06-13T02:00:00-05:00,Bogota,4.711,-74.0721,11.6,98.0,0.2,1.9,146.96,True,12675,2025,6,13,2,,VALID,False,,False,False,False,False,False,-0.681434848419,-0.41997054038,0.98,0.182321556794,America/Bogota,2025-06-13T07:00:00+00:00,2025-06-13,CO,3688689,2582,True,No festivo,False,False,True,13.56,44619.28,22523.13,True,11001,"BOGOTÁ, D.C.",11,"BOGOTÁ, D.C.",2025,True,18.0,academic_illustration,True,madrugada,True,3.7666666666666666,12.394244444444444,6.256425,0.0,6.4,True,COMPLETE
2,3917,2025-06-13T04:00:00-05:00,Bogota,4.711,-74.0721,11.4,97.0,0.0,3.5,158.4,True,12677,2025,6,13,4,,VALID,False,,False,False,False,False,False,-0.738486207447,0.208040126866,0.97,0.0,America/Bogota,2025-06-13T09:00:00+00:00,2025-06-13,CO,3688689,2582,True,No festivo,False,False,True,13.56,44619.28,22523.13,True,11001,"BOGOTÁ, D.C.",11,"BOGOTÁ, D.C.",2025,True,18.0,academic_illustration,True,madrugada,True,3.7666666666666666,12.394244444444444,6.256425,0.0,6.6,True,COMPLETE
2,3953,2025-06-14T16:00:00-05:00,Bogota,4.711,-74.0721,16.1,72.0,0.4,5.2,140.23,True,12713,2025,6,14,16,,VALID,True,precipitation_mm,False,False,True,False,False,0.602220729713,-0.789420871723,0.72,0.336472236621,America/Bogota,2025-06-14T21:00:00+00:00,2025-06-14,CO,3688689,2582,True,No festivo,False,True,True,12.82,44621.69,21460.71,True,11001,"BOGOTÁ, D.C.",11,"BOGOTÁ, D.C.",2025,True,18.0,academic_illustration,True,tarde,True,3.561111111111111,12.39491388888889,5.961308333333333,0.0,1.8999999999999986,False,COMPLETE
2,3965,2025-06-15T04:00:00-05:00,Bogota,4.711,-74.0721,11.5,97.0,0.1,1.8,151.04,True,12725,2025,6,15,4,,VALID,False,,False,False,False,False,False,-0.709960527933,-0.195994708005,0.97,0.0953101798043,America/Bogota,2025-06-15T09:00:00+00:00,2025-06-15,CO,3688689,2582,True,No festivo,False,True,True,12.58,44623.73,25139.22,True,11001,"BOGOTÁ, D.C.",11,"BOGOTÁ, D.C.",2025,True,18.0,academic_illustration,True,madrugada,True,3.4944444444444445,12.395480555555556,6.983116666666667,0.0,6.5,False,COMPLETE
2,4015,2025-06-17T06:00:00-05:00,Bogota,4.711,-74.0721,8.5,99.0,0.0,3.1,152.38,True,12775,2025,6,17,6,,VALID,False,,False,False,False,False,False,-1.56573091335,-0.122434017961,0.99,0.0,America/Bogota,2025-06-17T11:00:00+00:00,2025-06-17,CO,3688689,2582,True,No festivo,False,False,True,14.18,44626.72,32095.94,True,11001,"BOGOTÁ, D.C.",11,"BOGOTÁ, D.C.",2025,True,18.0,academic_illustration,True,manana,True,3.9388888888888887,12.396311111111112,8.91553888888889,0.0,9.5,True,COMPLETE
2,4055,2025-06-18T22:00:00-05:00,Bogota,4.711,-74.0721,10.2,93.0,0.0,3.1,156.08,True,12815,2025,6,18,22,,VALID,False,,False,False,False,False,False,-1.08079436162,0.0806813202222,0.93,0.0,America/Bogota,2025-06-19T03:00:00+00:00,2025-06-18,CO,3688689,2582,True,No festivo,False,False,True,18.59,44627.68,43200.0,True,11001,"BOGOTÁ, D.C.",11,"BOGOTÁ, D.C.",2025,True,18.0,academic_illustration,True,noche,True,5.163888888888889,12.396577777777777,12.0,0.0,7.800000000000001,True,COMPLETE
2,4073,2025-06-19T16:00:00-05:00,Bogota,4.711,-74.0721,17.1,65.0,0.1,9.0,134.4,True,12833,2025,6,19,16,,VALID,False,,False,False,False,False,False,0.887477524854,-1.10946476945,0.65,0.0953101798043,America/Bogota,2025-06-19T21:00:00+00:00,2025-06-19,CO,3688689,2582,True,No festivo,False,False,True,16.21,44628.29,37039.63,True,11001,"BOGOTÁ, D.C.",11,"BOGOTÁ, D.C.",2025,True,18.0,academic_illustration,True,tarde,True,4.502777777777778,12.396747222222222,10.28878611111111,0.0,0.8999999999999986,True,COMPLETE
2,4078,2025-06-19T21:00:00-05:00,Bogota,4.711,-74.0721,13.0,95.0,0.0,3.8,184.47,True,12838,2025,6,19,21,,VALID,False,,False,False,False,False,False,-0.282075335222,1.63917982049,0.95,0.0,America/Bogota,2025-06-20T02:00:00+00:00,2025-06-19,CO,3688689,2582,True,No festivo,False,False,True,16.21,44628.29,37039.63,True,11001,"BOGOTÁ, D.C.",11,"BOGOTÁ, D.C.",2025,True,18.0,academic_illustration,True,noche,True,4.502777777777778,12.396747222222222,10.28878611111111,0.0,5.0,True,COMPLETE
2,4252,2025-06-27T03:00:00-05:00,Bogota,4.711,-74.0721,9.1,100.0,0.0,1.3,157.49,True,13012,2025,6,27,3,,VALID,False,,False,False,False,False,False,-1.39457683627,0.158084732881,1.0,0.0,America/Bogota,2025-06-27T08:00:00+00:00,2025-06-27,CO,3688689,2582,True,No festivo,False,False,True,14.6,44620.73,38484.1,True,11001,"BOGOTÁ, D.C.",11,"BOGOTÁ, D.C.",2025,True,18.0,academic_illustration,True,madrugada,True,4.055555555555555,12.394647222222224,10.690027777777777,0.0,8.9,True,COMPLETE
2,4331,2025-06-30T10:00:00-05:00,Bogota,4.711,-74.0721,15.1,78.0,0.1,7.4,147.31,True,13091,2025,6,30,10,,VALID,False,,False,False,False,False,False,0.316963934573,-0.400756927308,0.78,0.0953101798043,America/Bogota,2025-06-30T15:00:00+00:00,2025-06-30,CO,3688689,2582,True,Sagrado Corazón; San Pedro y San Pablo,True,False,True,13.99,44612.36,32717.68,True,11001,"BOGOTÁ, D.C.",11,"BOGOTÁ, D.C.",2025,True,18.0,academic_illustration,True,manana,True,3.886111111111111,12.392322222222223,9.088244444444445,0.0,2.9000000000000004,False,COMPLETE
2,4426,2025-07-04T09:00:00-05:00,Bogota,4.711,-74.0721,13.3,79.0,0.0,3.3,164.58,True,13186,2025,7,4,9,,VALID,False,,False,False,False,False,False,-0.19649829668,0.547297637669,0.79,0.0,America/Bogota,2025-07-04T14:00:00+00:00,2025-07-04,CO,3688689,2582,True,No festivo,False,False,True,10.26,44596.75,18746.82,True,11001,"BOGOTÁ, D.C.",11,"BOGOTÁ, D.C.",2025,True,18.0,academic_illustration,True,manana,True,2.85,12.387986111111111,5.20745,0.0,4.699999999999999,True,COMPLETE
2,4446,2025-07-05T05:00:00-05:00,Bogota,4.711,-74.0721,10.3,94.0,0.0,2.5,160.7,True,13206,2025,7,5,5,,VALID,False,,False,False,False,False,False,-1.0522686821,0.334301012764,0.94,0.0,America/Bogota,2025-07-05T10:00:00+00:00,2025-07-05,CO,3688689,2582,True,No festivo,False,True,True,17.07,44592.07,38656.82,True,11001,"BOGOTÁ, D.C.",11,"BOGOTÁ, D.C.",2025,True,18.0,academic_illustration,True,madrugada,True,4.741666666666666,12.38668611111111,10.738005555555555,0.0,7.699999999999999,False,COMPLETE
2,4510,2025-07-07T21:00:00-05:00,Bogota,4.711,-74.0721,12.0,90.0,0.0,3.2,187.86,True,13270,2025,7,7,21,,VALID,False,,False,False,False,False,False,-0.567332130363,1.8252773871,0.9,0.0,America/Bogota,2025-07-08T02:00:00+00:00,2025-07-07,CO,3688689,2582,True,No festivo,False,False,True,18.31,44581.71,41457.19,True,11001,"BOGOTÁ, D.C.",11,"BOGOTÁ, D.C.",2025,True,18.0,academic_illustration,True,noche,True,5.08611111111111,12.383808333333333,11.515886111111111,0.0,6.0,True,COMPLETE
2,4519,2025-07-08T06:00:00-05:00,Bogota,4.711,-74.0721,8.8,97.0,0.0,1.7,164.06,True,13279,2025,7,8,6,,VALID,False,,False,False,False,False,False,-1.48015387481,0.518751698249,0.97,0.0,America/Bogota,2025-07-08T11:00:00+00:00,2025-07-08,CO,3688689,2582,True,No festivo,False,False,True,11.6,44575.99,28701.7,True,11001,"BOGOTÁ, D.C.",11,"BOGOTÁ, D.C.",2025,True,18.0,academic_illustration,True,manana,True,3.222222222222222,12.382219444444443,7.9726944444444445,0.0,9.2,True,COMPLETE
2,4595,2025-07-11T10:00:00-05:00,Bogota,4.711,-74.0721,14.8,76.0,0.1,4.7,133.74,True,13355,2025,7,11,10,,VALID,False,,False,False,False,False,False,0.231386896031,-1.1456961541,0.76,0.0953101798043,America/Bogota,2025-07-11T15:00:00+00:00,2025-07-11,CO,3688689,2582,True,No festivo,False,False,True,7.65,44556.81,5004.98,True,11001,"BOGOTÁ, D.C.",11,"BOGOTÁ, D.C.",2025,True,18.0,academic_illustration,True,manana,True,2.125,12.376891666666666,1.3902722222222221,0.0,3.1999999999999993,True,COMPLETE
2,4620,2025-07-12T11:00:00-05:00,Bogota,4.711,-74.0721,14.8,73.0,0.0,7.3,162.98,True,13380,2025,7,12,11,,VALID,False,,False,False,False,False,False,0.231386896031,0.459463977914,0.73,0.0,America/Bogota,2025-07-12T16:00:00+00:00,2025-07-12,CO,3688689,2582,True,No festivo,False,True,True,10.74,44549.78,23072.81,True,11001,"BOGOTÁ, D.C.",11,"BOGOTÁ, D.C.",2025,True,18.0,academic_illustration,True,manana,True,2.9833333333333334,12.374938888888888,6.409113888888889,0.0,3.1999999999999993,False,COMPLETE
2,4645,2025-07-13T12:00:00-05:00,Bogota,4.711,-74.0721,17.6,60.0,0.2,9.6,136.93,True,13405,2025,7,13,12,,VALID,False,,False,False,False,False,False,1.03010592242,-0.970577794967,0.6,0.182321556794,America/Bogota,2025-07-13T17:00:00+00:00,2025-07-13,CO,3688689,2582,True,No festivo,False,True,True,14.22,44542.44,30894.9,True,11001,"BOGOTÁ, D.C.",11,"BOGOTÁ, D.C.",2025,True,18.0,academic_illustration,True,tarde,True,3.95,12.372900000000001,8.581916666666666,0.0,0.3999999999999986,False,COMPLETE
2,4695,2025-07-15T14:00:00-05:00,Bogota,4.711,-74.0721,18.1,60.0,0.2,14.2,127.55,True,13455,2025,7,15,14,,VALID,True,wind_speed_kmh,False,False,False,True,False,1.17273431999,-1.48550262528,0.6,0.182321556794,America/Bogota,2025-07-15T19:00:00+00:00,2025-07-15,CO,3688689,2582,True,No festivo,False,False,True,15.06,44526.9,33755.48,True,11001,"BOGOTÁ, D.C.",11,"BOGOTÁ, D.C.",2025,True,18.0,academic_illustration,True,tarde,True,4.183333333333334,12.368583333333333,9.376522222222222,0.10000000000000142,0.0,True,COMPLETE
2,4700,2025-07-15T19:00:00-05:00,Bogota,4.711,-74.0721,13.1,81.0,0.0,9.1,174.78,True,13460,2025,7,15,19,,VALID,False,,False,False,False,False,False,-0.253549655708,1.10723721861,0.81,0.0,America/Bogota,2025-07-16T00:00:00+00:00,2025-07-15,CO,3688689,2582,True,No festivo,False,False,True,15.06,44526.9,33755.48,True,11001,"BOGOTÁ, D.C.",11,"BOGOTÁ, D.C.",2025,True,18.0,academic_illustration,True,noche,True,4.183333333333334,12.368583333333333,9.376522222222222,0.0,4.9,True,COMPLETE
2,4712,2025-07-16T07:00:00-05:00,Bogota,4.711,-74.0721,10.0,93.0,0.0,1.8,172.52,True,13472,2025,7,16,7,,VALID,False,,False,False,False,False,False,-1.13784572064,0.983172174202,0.93,0.0,America/Bogota,2025-07-16T12:00:00+00:00,2025-07-16,CO,3688689,2582,True,No festivo,False,False,True,17.04,44518.73,42898.32,True,11001,"BOGOTÁ, D.C.",11,"BOGOTÁ, D.C.",2025,True,18.0,academic_illustration,True,manana,True,4.733333333333333,12.36631388888889,11.9162,0.0,8.0,True,COMPLETE
2,4727,2025-07-16T22:00:00-05:00,Bogota,4.711,-74.0721,12.0,95.0,0.0,3.6,142.76,True,13487,2025,7,16,22,,VALID,False,,False,False,False,False,False,-0.567332130363,-0.650533897236,0.95,0.0,America/Bogota,2025-07-17T03:00:00+00:00,2025-07-16,CO,3688689,2582,True,No festivo,False,False,True,17.04,44518.73,42898.32,True,11001,"BOGOTÁ, D.C.",11,"BOGOTÁ, D.C.",2025,True,18.0,academic_illustration,True,noche,True,4.733333333333333,12.36631388888889,11.9162,0.0,6.0,True,COMPLETE
2,4769,2025-07-18T16:00:00-05:00,Bogota,4.711,-74.0721,16.9,63.0,0.1,9.7,143.76,True,13529,2025,7,18,16,,VALID,False,,False,False,False,False,False,0.830426165826,-0.595637859889,0.63,0.0953101798043,America/Bogota,2025-07-18T21:00:00+00:00,2025-07-18,CO,3688689,2582,True,No festivo,False,False,True,13.31,44501.6,29772.18,True,11001,"BOGOTÁ, D.C.",11,"BOGOTÁ, D.C.",2025,True,18.0,academic_illustration,True,tarde,True,3.6972222222222224,12.361555555555555,8.27005,0.0,1.1000000000000014,True,COMPLETE
2,4868,2025-07-22T19:00:00-05:00,Bogota,4.711,-74.0721,14.0,88.0,0.3,5.4,180.16,True,13628,2025,7,22,19,,VALID,True,precipitation_mm,False,False,True,False,False,0.00318145991841,1.40257789953,0.88,0.262364264467,America/Bogota,2025-07-23T00:00:00+00:00,2025-07-22,CO,3688689,2582,True,No festivo,False,False,True,12.61,44464.57,31024.39,True,11001,"BOGOTÁ, D.C.",11,"BOGOTÁ, D.C.",2025,True,18.0,academic_illustration,True,noche,True,3.5027777777777773,12.351269444444444,8.617886111111112,0.0,4.0,True,COMPLETE
2,4871,2025-07-22T22:00:00-05:00,Bogota,4.711,-74.0721,13.0,94.0,0.7,3.0,142.61,True,13631,2025,7,22,22,,VALID,True,precipitation_mm,False,False,True,False,False,-0.282075335222,-0.658768302838,0.94,0.530628251062,America/Bogota,2025-07-23T03:00:00+00:00,2025-07-22,CO,3688689,2582,True,No festivo,False,False,True,12.61,44464.57,31024.39,True,11001,"BOGOTÁ, D.C.",11,"BOGOTÁ, D.C.",2025,True,18.0,academic_illustration,True,noche,True,3.5027777777777773,12.351269444444444,8.617886111111112,0.0,5.0,True,COMPLETE
2,4884,2025-07-23T11:00:00-05:00,Bogota,4.711,-74.0721,17.4,63.0,0.1,7.3,135.64,True,13644,2025,7,23,11,,VALID,False,,False,False,False,False,False,0.973054563396,-1.04139368314,0.63,0.0953101798043,America/Bogota,2025-07-23T16:00:00+00:00,2025-07-23,CO,3688689,2582,True,No festivo,False,False,True,10.66,44454.8,19184.53,True,11001,"BOGOTÁ, D.C.",11,"BOGOTÁ, D.C.",2025,True,18.0,academic_illustration,True,manana,True,2.9611111111111112,12.348555555555556,5.329036111111111,0.0,0.6000000000000014,True,COMPLETE
2,4948,2025-07-26T03:00:00-05:00,Bogota,4.711,-74.0721,10.4,99.0,0.0,3.1,155.23,True,13708,2025,7,26,3,,VALID,False,,False,False,False,False,False,-1.02374300259,0.0340196884775,0.99,0.0,America/Bogota,2025-07-26T08:00:00+00:00,2025-07-26,CO,3688689,2582,True,No festivo,False,True,True,15.72,44424.36,40118.47,True,11001,"BOGOTÁ, D.C.",11,"BOGOTÁ, D.C.",2025,True,18.0,academic_illustration,True,madrugada,True,4.366666666666667,12.3401,11.144019444444444,0.0,7.6,False,COMPLETE
2,4954,2025-07-26T09:00:00-05:00,Bogota,4.711,-74.0721,15.5,73.0,0.2,2.0,180.08,True,13714,2025,7,26,9,,VALID,False,,False,False,False,False,False,0.431066652629,1.39818621654,0.73,0.182321556794,America/Bogota,2025-07-26T14:00:00+00:00,2025-07-26,CO,3688689,2582,True,No festivo,False,True,True,15.72,44424.36,40118.47,True,11001,"BOGOTÁ, D.C.",11,"BOGOTÁ, D.C.",2025,True,18.0,academic_illustration,True,manana,True,4.366666666666667,12.3401,11.144019444444444,0.0,2.5,False,COMPLETE
2,4962,2025-07-26T17:00:00-05:00,Bogota,4.711,-74.0721,16.6,63.0,0.0,7.5,142.04,True,13722,2025,7,26,17,,VALID,False,,False,False,False,False,False,0.744849127284,-0.690059044125,0.63,0.0,America/Bogota,2025-07-26T22:00:00+00:00,2025-07-26,CO,3688689,2582,True,No festivo,False,True,True,15.72,44424.36,40118.47,True,11001,"BOGOTÁ, D.C.",11,"BOGOTÁ, D.C.",2025,True,18.0,academic_illustration,True,tarde,True,4.366666666666667,12.3401,11.144019444444444,0.0,1.3999999999999986,False,COMPLETE
2,5007,2025-07-28T14:00:00-05:00,Bogota,4.711,-74.0721,18.9,52.0,0.2,10.3,139.54,True,13767,2025,7,28,14,,VALID,False,,False,False,False,False,False,1.40093975611,-0.827299137492,0.52,0.182321556794,America/Bogota,2025-07-28T19:00:00+00:00,2025-07-28,CO,3688689,2582,True,No festivo,False,False,True,12.77,44402.85,30761.69,True,11001,"BOGOTÁ, D.C.",11,"BOGOTÁ, D.C.",2025,True,18.0,academic_illustration,True,tarde,True,3.547222222222222,12.334125,8.544913888888889,0.8999999999999986,0.0,True,COMPLETE
2,5039,2025-07-29T22:00:00-05:00,Bogota,4.711,-74.0721,12.1,92.0,0.1,6.3,172.54,True,13799,2025,7,29,22,,VALID,False,,False,False,False,False,False,-0.538806450849,0.984270094949,0.92,0.0953101798043,America/Bogota,2025-07-30T03:00:00+00:00,2025-07-29,CO,3688689,2582,True,No festivo,False,False,True,14.1,44391.71,36978.89,True,11001,"BOGOTÁ, D.C.",11,"BOGOTÁ, D.C.",2025,True,18.0,academic_illustration,True,noche,True,3.9166666666666665,12.331030555555555,10.27191388888889,0.0,5.9,True,COMPLETE
2,5170,2025-08-04T09:00:00-05:00,Bogota,4.711,-74.0721,14.2,72.0,0.1,6.7,157.18,True,13930,2025,8,4,9,,VALID,False,,False,False,False,False,False,0.0602328189465,0.141066961304,0.72,0.0953101798043,America/Bogota,2025-08-04T14:00:00+00:00,2025-08-04,CO,3688689,2582,True,No festivo,False,False,True,16.69,44320.17,36000.0,True,11001,"BOGOTÁ, D.C.",11,"BOGOTÁ, D.C.",2025,True,18.0,academic_illustration,True,manana,True,4.636111111111111,12.311158333333333,10.0,0.0,3.8000000000000007,True,COMPLETE
2,5190,2025-08-05T05:00:00-05:00,Bogota,4.711,-74.0721,6.3,100.0,0.0,1.3,159.85,True,13950,2025,8,5,5,,VALID,False,,False,False,False,False,False,-2.19329586266,0.287639381019,1.0,0.0,America/Bogota,2025-08-05T10:00:00+00:00,2025-08-05,CO,3688689,2582,True,No festivo,False,False,True,23.37,44307.6,43200.0,True,11001,"BOGOTÁ, D.C.",11,"BOGOTÁ, D.C.",2025,True,18.0,academic_illustration,True,madrugada,True,6.491666666666667,12.307666666666666,12.0,0.0,11.7,True,COMPLETE
2,5254,2025-08-07T21:00:00-05:00,Bogota,4.711,-74.0721,12.4,88.0,1.9,2.9,190.97,True,14014,2025,8,7,21,,VALID,True,precipitation_mm,False,False,True,False,False,-0.453229412306,1.99600406325,0.88,1.06471073699,America/Bogota,2025-08-08T02:00:00+00:00,2025-08-07,CO,3688689,2582,True,Batalla de Boyacá,True,False,True,18.75,44282.01,38874.79,True,11001,"BOGOTÁ, D.C.",11,"BOGOTÁ, D.C.",2025,True,18.0,academic_illustration,True,noche,True,5.208333333333333,12.300558333333333,10.798552777777777,0.0,5.6,False,COMPLETE
2,5263,2025-08-08T06:00:00-05:00,Bogota,4.711,-74.0721,11.3,99.0,0.0,0.4,153.14,True,14023,2025,8,8,6,,VALID,False,,False,False,False,False,False,-0.767011886961,-0.0807130295771,0.99,0.0,America/Bogota,2025-08-08T11:00:00+00:00,2025-08-08,CO,3688689,2582,True,No festivo,False,False,True,16.03,44269.02,33711.27,True,11001,"BOGOTÁ, D.C.",11,"BOGOTÁ, D.C.",2025,True,18.0,academic_illustration,True,manana,True,4.452777777777778,12.296949999999999,9.364241666666667,0.0,6.699999999999999,True,COMPLETE
2,5339,2025-08-11T10:00:00-05:00,Bogota,4.711,-74.0721,15.4,68.0,0.1,6.9,138.95,True,14099,2025,8,11,10,,VALID,False,,False,False,False,False,False,0.402540973115,-0.859687799526,0.68,0.0953101798043,America/Bogota,2025-08-11T15:00:00+00:00,2025-08-11,CO,3688689,2582,True,No festivo,False,False,True,13.3,44229.4,28328.72,True,11001,"BOGOTÁ, D.C.",11,"BOGOTÁ, D.C.",2025,True,18.0,academic_illustration,True,manana,True,3.6944444444444446,12.285944444444445,7.869088888888889,0.0,2.5999999999999996,True,COMPLETE
2,5364,2025-08-12T11:00:00-05:00,Bogota,4.711,-74.0721,18.1,53.0,0.0,10.4,136.21,True,14124,2025,8,12,11,,VALID,False,,False,False,False,False,False,1.17273431999,-1.01010294186,0.53,0.0,America/Bogota,2025-08-12T16:00:00+00:00,2025-08-12,CO,3688689,2582,True,No festivo,False,False,True,20.95,44216.01,42012.24,True,11001,"BOGOTÁ, D.C.",11,"BOGOTÁ, D.C.",2025,True,18.0,academic_illustration,True,manana,True,5.819444444444444,12.282225,11.670066666666665,0.10000000000000142,0.0,True,COMPLETE
2,5389,2025-08-13T12:00:00-05:00,Bogota,4.711,-74.0721,16.4,64.0,0.3,6.5,121.15,True,14149,2025,8,13,12,,VALID,True,precipitation_mm,False,False,True,False,False,0.687797768256,-1.8368372643,0.64,0.262364264467,America/Bogota,2025-08-13T17:00:00+00:00,2025-08-13,CO,3688689,2582,True,No festivo,False,False,True,17.41,44202.56,35606.48,True,11001,"BOGOTÁ, D.C.",11,"BOGOTÁ, D.C.",2025,True,18.0,academic_illustration,True,tarde,True,4.836111111111111,12.278488888888889,9.89068888888889,0.0,1.6000000000000014,True,COMPLETE
2,5439,2025-08-15T14:00:00-05:00,Bogota,4.711,-74.0721,18.1,54.0,0.0,15.5,141.69,True,14199,2025,8,15,14,,VALID,True,wind_speed_kmh,False,False,False,True,False,1.17273431999,-0.709272657197,0.54,0.0,America/Bogota,2025-08-15T19:00:00+00:00,2025-08-15,CO,3688689,2582,True,No festivo,False,False,True,11.37,44175.46,15722.67,True,11001,"BOGOTÁ, D.C.",11,"BOGOTÁ, D.C.",2025,True,18.0,academic_illustration,True,tarde,True,3.158333333333333,12.270961111111111,4.367408333333334,0.10000000000000142,0.0,True,COMPLETE
2,5444,2025-08-15T19:00:00-05:00,Bogota,4.711,-74.0721,14.2,75.0,0.0,7.0,175.1,True,14204,2025,8,15,19,,VALID,False,,False,False,False,False,False,0.0602328189465,1.12480395056,0.75,0.0,America/Bogota,2025-08-16T00:00:00+00:00,2025-08-15,CO,3688689,2582,True,No festivo,False,False,True,11.37,44175.46,15722.67,True,11001,"BOGOTÁ, D.C.",11,"BOGOTÁ, D.C.",2025,True,18.0,academic_illustration,True,noche,True,3.158333333333333,12.270961111111111,4.367408333333334,0.0,3.8000000000000007,True,COMPLETE
2,5456,2025-08-16T07:00:00-05:00,Bogota,4.711,-74.0721,10.3,95.0,0.0,3.3,173.69,True,14216,2025,8,16,7,,VALID,False,,False,False,False,False,False,-1.0522686821,1.0474005379,0.95,0.0,America/Bogota,2025-08-16T12:00:00+00:00,2025-08-16,CO,3688689,2582,True,No festivo,False,True,True,14.07,44161.68,26305.18,True,11001,"BOGOTÁ, D.C.",11,"BOGOTÁ, D.C.",2025,True,18.0,academic_illustration,True,manana,True,3.908333333333333,12.267133333333334,7.306994444444444,0.0,7.699999999999999,False,COMPLETE
2,5471,2025-08-16T22:00:00-05:00,Bogota,4.711,-74.0721,12.0,95.0,0.0,2.3,146.81,True,14231,2025,8,16,22,,VALID,False,,False,False,False,False,False,-0.567332130363,-0.428204945982,0.95,0.0,America/Bogota,2025-08-17T03:00:00+00:00,2025-08-16,CO,3688689,2582,True,No festivo,False,True,True,14.07,44161.68,26305.18,True,11001,"BOGOTÁ, D.C.",11,"BOGOTÁ, D.C.",2025,True,18.0,academic_illustration,True,noche,True,3.908333333333333,12.267133333333334,7.306994444444444,0.0,6.0,False,COMPLETE
2,5513,2025-08-18T16:00:00-05:00,Bogota,4.711,-74.0721,18.7,50.0,0.0,13.5,126.67,True,14273,2025,8,18,16,,VALID,True,wind_speed_kmh,False,False,False,True,False,1.34388839708,-1.53381113814,0.5,0.0,America/Bogota,2025-08-18T21:00:00+00:00,2025-08-18,CO,3688689,2582,True,La Asunción,True,False,True,17.85,44133.63,37893.23,True,11001,"BOGOTÁ, D.C.",11,"BOGOTÁ, D.C.",2025,True,18.0,academic_illustration,True,tarde,True,4.958333333333334,12.259341666666666,10.525897222222223,0.6999999999999993,0.0,False,COMPLETE
2,5612,2025-08-22T19:00:00-05:00,Bogota,4.711,-74.0721,14.5,81.0,0.0,5.4,199.87,True,14372,2025,8,22,19,,VALID,False,,False,False,False,False,False,0.145809857489,2.48457879563,0.81,0.0,America/Bogota,2025-08-23T00:00:00+00:00,2025-08-22,CO,3688689,2582,True,No festivo,False,False,True,15.56,44075.88,29504.41,True,11001,"BOGOTÁ, D.C.",11,"BOGOTÁ, D.C.",2025,True,18.0,academic_illustration,True,noche,True,4.322222222222222,12.2433,8.195669444444444,0.0,3.5,True,COMPLETE
2,5615,2025-08-22T22:00:00-05:00,Bogota,4.711,-74.0721,13.1,89.0,0.1,4.1,150.83,True,14375,2025,8,22,22,,VALID,False,,False,False,False,False,False,-0.253549655708,-0.207522875848,0.89,0.0953101798043,America/Bogota,2025-08-23T03:00:00+00:00,2025-08-22,CO,3688689,2582,True,No festivo,False,False,True,15.56,44075.88,29504.41,True,11001,"BOGOTÁ, D.C.",11,"BOGOTÁ, D.C.",2025,True,18.0,academic_illustration,True,noche,True,4.322222222222222,12.2433,8.195669444444444,0.0,4.9,True,COMPLETE
2,5628,2025-08-23T11:00:00-05:00,Bogota,4.711,-74.0721,18.5,53.0,0.1,9.7,131.12,True,14388,2025,8,23,11,,VALID,False,,False,False,False,False,False,1.28683703805,-1.28952377195,0.53,0.0953101798043,America/Bogota,2025-08-23T16:00:00+00:00,2025-08-23,CO,3688689,2582,True,No festivo,False,True,True,14.79,44061.17,36416.28,True,11001,"BOGOTÁ, D.C.",11,"BOGOTÁ, D.C.",2025,True,18.0,academic_illustration,True,manana,True,4.108333333333333,12.239213888888889,10.115633333333333,0.5,0.0,False,COMPLETE
2,5692,2025-08-26T03:00:00-05:00,Bogota,4.711,-74.0721,9.2,96.0,0.0,5.8,149.95,True,14452,2025,8,26,3,,VALID,False,,False,False,False,False,False,-1.36605115676,-0.255831388713,0.96,0.0,America/Bogota,2025-08-26T08:00:00+00:00,2025-08-26,CO,3688689,2582,True,No festivo,False,False,True,15.3,44016.56,32460.58,True,11001,"BOGOTÁ, D.C.",11,"BOGOTÁ, D.C.",2025,True,18.0,academic_illustration,True,madrugada,True,4.25,12.226822222222221,9.016827777777777,0.0,8.8,True,COMPLETE
2,5698,2025-08-26T09:00:00-05:00,Bogota,4.711,-74.0721,15.2,68.0,0.2,7.6,156.27,True,14458,2025,8,26,9,,VALID,False,,False,False,False,False,False,0.345489614087,0.091111567318,0.68,0.182321556794,America/Bogota,2025-08-26T14:00:00+00:00,2025-08-26,CO,3688689,2582,True,No festivo,False,False,True,15.3,44016.56,32460.58,True,11001,"BOGOTÁ, D.C.",11,"BOGOTÁ, D.C.",2025,True,18.0,academic_illustration,True,manana,True,4.25,12.226822222222221,9.016827777777777,0.0,2.8000000000000007,True,COMPLETE
2,5706,2025-08-26T17:00:00-05:00,Bogota,4.711,-74.0721,14.0,78.0,0.1,7.6,146.01,True,14466,2025,8,26,17,,VALID,False,,False,False,False,False,False,0.00318145991841,-0.472121775859,0.78,0.0953101798043,America/Bogota,2025-08-26T22:00:00+00:00,2025-08-26,CO,3688689,2582,True,No festivo,False,False,True,15.3,44016.56,32460.58,True,11001,"BOGOTÁ, D.C.",11,"BOGOTÁ, D.C.",2025,True,18.0,academic_illustration,True,tarde,True,4.25,12.226822222222221,9.016827777777777,0.0,4.0,True,COMPLETE
2,5751,2025-08-28T14:00:00-05:00,Bogota,4.711,-74.0721,18.0,54.0,0.0,14.7,137.37,True,14511,2025,8,28,14,,VALID,True,wind_speed_kmh,False,False,False,True,False,1.14420864048,-0.946423538534,0.54,0.0,America/Bogota,2025-08-28T19:00:00+00:00,2025-08-28,CO,3688689,2582,True,No festivo,False,False,True,16.62,43986.55,39467.61,True,11001,"BOGOTÁ, D.C.",11,"BOGOTÁ, D.C.",2025,True,18.0,academic_illustration,True,tarde,True,4.616666666666667,12.218486111111112,10.963225,0.0,0.0,True,COMPLETE
2,5783,2025-08-29T22:00:00-05:00,Bogota,4.711,-74.0721,12.0,82.0,0.0,4.9,153.33,True,14543,2025,8,29,22,,VALID,False,,False,False,False,False,False,-0.567332130363,-0.0702827824812,0.82,0.0,America/Bogota,2025-08-30T03:00:00+00:00,2025-08-29,CO,3688689,2582,True,No festivo,False,False,True,22.52,43971.49,43018.32,True,11001,"BOGOTÁ, D.C.",11,"BOGOTÁ, D.C.",2025,True,18.0,academic_illustration,True,noche,True,6.2555555555555555,12.214302777777776,11.949533333333333,0.0,6.0,True,COMPLETE
2,5872,2025-09-02T15:00:00-05:00,Bogota,4.711,-74.0721,18.4,57.0,0.1,13.8,140.34,True,14632,2025,9,2,15,,VALID,True,wind_speed_kmh,False,False,False,True,False,1.25831135854,-0.783382307615,0.57,0.0953101798043,America/Bogota,2025-09-02T20:00:00+00:00,2025-09-02,CO,3688689,2582,True,No festivo,False,False,True,14.62,43911.17,35787.25,True,11001,"BOGOTÁ, D.C.",11,"BOGOTÁ, D.C.",2025,True,18.0,academic_illustration,True,tarde,True,4.061111111111111,12.197547222222221,9.940902777777778,0.3999999999999986,0.0,True,COMPLETE
2,5887,2025-09-03T06:00:00-05:00,Bogota,4.711,-74.0721,7.2,97.0,0.0,1.9,156.82,True,14647,2025,9,3,6,,VALID,False,,False,False,False,False,False,-1.93656474704,0.121304387859,0.97,0.0,America/Bogota,2025-09-03T11:00:00+00:00,2025-09-03,CO,3688689,2582,True,No festivo,False,False,True,18.45,43896.12,40100.17,True,11001,"BOGOTÁ, D.C.",11,"BOGOTÁ, D.C.",2025,True,18.0,academic_illustration,True,manana,True,5.125,12.193366666666668,11.13893611111111,0.0,10.8,True,COMPLETE
2,5896,2025-09-03T15:00:00-05:00,Bogota,4.711,-74.0721,18.0,58.0,0.1,8.6,137.05,True,14656,2025,9,3,15,,VALID,False,,False,False,False,False,False,1.14420864048,-0.963990270485,0.58,0.0953101798043,America/Bogota,2025-09-03T20:00:00+00:00,2025-09-03,CO,3688689,2582,True,No festivo,False,False,True,18.45,43896.12,40100.17,True,11001,"BOGOTÁ, D.C.",11,"BOGOTÁ, D.C.",2025,True,18.0,academic_illustration,True,tarde,True,5.125,12.193366666666668,11.13893611111111,0.0,0.0,True,COMPLETE
2,5898,2025-09-03T17:00:00-05:00,Bogota,4.711,-74.0721,17.2,59.0,0.0,11.4,137.55,True,14658,2025,9,3,17,,VALID,False,,False,False,False,False,False,0.916003204368,-0.936542251812,0.59,0.0,America/Bogota,2025-09-03T22:00:00+00:00,2025-09-03,CO,3688689,2582,True,No festivo,False,False,True,18.45,43896.12,40100.17,True,11001,"BOGOTÁ, D.C.",11,"BOGOTÁ, D.C.",2025,True,18.0,academic_illustration,True,tarde,True,5.125,12.193366666666668,11.13893611111111,0.0,0.8000000000000007,True,COMPLETE
2,5919,2025-09-04T14:00:00-05:00,Bogota,4.711,-74.0721,18.2,61.0,0.1,10.2,134.39,True,14679,2025,9,4,14,,VALID,False,,False,False,False,False,False,1.20125999951,-1.11001372983,0.61,0.0953101798043,America/Bogota,2025-09-04T19:00:00+00:00,2025-09-04,CO,3688689,2582,True,No festivo,False,False,True,19.46,43881.06,38688.35,True,11001,"BOGOTÁ, D.C.",11,"BOGOTÁ, D.C.",2025,True,18.0,academic_illustration,True,tarde,True,5.405555555555556,12.189183333333332,10.74676388888889,0.1999999999999993,0.0,True,COMPLETE
2,5934,2025-09-05T05:00:00-05:00,Bogota,4.711,-74.0721,8.2,98.0,0.0,3.4,171.68,True,14694,2025,9,5,5,,VALID,False,,False,False,False,False,False,-1.6513079519,0.93705950283,0.98,0.0,America/Bogota,2025-09-05T10:00:00+00:00,2025-09-05,CO,3688689,2582,True,No festivo,False,False,True,9.67,43865.9,11263.78,True,11001,"BOGOTÁ, D.C.",11,"BOGOTÁ, D.C.",2025,True,18.0,academic_illustration,True,madrugada,True,2.686111111111111,12.184972222222223,3.128827777777778,0.0,9.8,True,COMPLETE
2,5978,2025-09-07T01:00:00-05:00,Bogota,4.711,-74.0721,10.2,96.0,0.0,3.5,152.38,True,14738,2025,9,7,1,,VALID,False,,False,False,False,False,False,-1.08079436162,-0.122434017961,0.96,0.0,America/Bogota,2025-09-07T06:00:00+00:00,2025-09-07,CO,3688689,2582,True,No festivo,False,True,True,13.36,43835.31,37493.72,True,11001,"BOGOTÁ, D.C.",11,"BOGOTÁ, D.C.",2025,True,18.0,academic_illustration,True,madrugada,True,3.711111111111111,12.176475,10.414922222222222,0.0,7.800000000000001,False,COMPLETE
2,6031,2025-09-09T06:00:00-05:00,Bogota,4.711,-74.0721,8.2,99.0,0.0,4.3,155.09,True,14791,2025,9,9,6,,VALID,False,,False,False,False,False,False,-1.6513079519,0.026334243249,0.99,0.0,America/Bogota,2025-09-09T11:00:00+00:00,2025-09-09,CO,3688689,2582,True,No festivo,False,False,True,22.2,43804.41,42886.17,True,11001,"BOGOTÁ, D.C.",11,"BOGOTÁ, D.C.",2025,True,18.0,academic_illustration,True,manana,True,6.166666666666666,12.167891666666668,11.912825,0.0,9.8,True,COMPLETE
2,6046,2025-09-09T21:00:00-05:00,Bogota,4.711,-74.0721,12.4,88.0,0.0,3.6,185.31,True,14806,2025,9,9,21,,VALID,False,,False,False,False,False,False,-0.453229412306,1.68529249187,0.88,0.0,America/Bogota,2025-09-10T02:00:00+00:00,2025-09-09,CO,3688689,2582,True,No festivo,False,False,True,22.2,43804.41,42886.17,True,11001,"BOGOTÁ, D.C.",11,"BOGOTÁ, D.C.",2025,True,18.0,academic_illustration,True,noche,True,6.166666666666666,12.167891666666668,11.912825,0.0,5.6,True,COMPLETE
2,6092,2025-09-11T19:00:00-05:00,Bogota,4.711,-74.0721,13.7,76.0,0.0,9.6,190.08,True,14852,2025,9,11,19,,VALID,False,,False,False,False,False,False,-0.0823955786238,1.94714659001,0.76,0.0,America/Bogota,2025-09-12T00:00:00+00:00,2025-09-11,CO,3688689,2582,True,No festivo,False,False,True,18.13,43773.3,37514.47,True,11001,"BOGOTÁ, D.C.",11,"BOGOTÁ, D.C.",2025,True,18.0,academic_illustration,True,noche,True,5.0361111111111105,12.15925,10.420686111111111,0.0,4.300000000000001,True,COMPLETE
2,6123,2025-09-13T02:00:00-05:00,Bogota,4.711,-74.0721,10.0,100.0,0.0,3.2,159.69,True,14883,2025,9,13,2,,VALID,False,,False,False,False,False,False,-1.13784572064,0.278856015044,1.0,0.0,America/Bogota,2025-09-13T07:00:00+00:00,2025-09-13,CO,3688689,2582,True,No festivo,False,True,True,21.88,43742.05,41791.92,True,11001,"BOGOTÁ, D.C.",11,"BOGOTÁ, D.C.",2025,True,18.0,academic_illustration,True,madrugada,True,6.0777777777777775,12.150569444444445,11.608866666666666,0.0,8.0,False,COMPLETE
2,6125,2025-09-13T04:00:00-05:00,Bogota,4.711,-74.0721,9.6,100.0,0.0,1.3,140.03,True,14885,2025,9,13,4,,VALID,False,,False,False,False,False,False,-1.2519484387,-0.800400079192,1.0,0.0,America/Bogota,2025-09-13T09:00:00+00:00,2025-09-13,CO,3688689,2582,True,No festivo,False,True,True,21.88,43742.05,41791.92,True,11001,"BOGOTÁ, D.C.",11,"BOGOTÁ, D.C.",2025,True,18.0,academic_illustration,True,madrugada,True,6.0777777777777775,12.150569444444445,11.608866666666666,0.0,8.4,False,COMPLETE
2,6161,2025-09-14T16:00:00-05:00,Bogota,4.711,-74.0721,18.5,51.0,0.0,13.9,148.46,True,14921,2025,9,14,16,,VALID,True,wind_speed_kmh,False,False,False,True,False,1.28683703805,-0.33762648436,0.51,0.0,America/Bogota,2025-09-14T21:00:00+00:00,2025-09-14,CO,3688689,2582,True,No festivo,False,True,True,22.46,43726.4,42738.6,True,11001,"BOGOTÁ, D.C.",11,"BOGOTÁ, D.C.",2025,True,18.0,academic_illustration,True,tarde,True,6.238888888888889,12.146222222222223,11.871833333333333,0.5,0.0,False,COMPLETE
2,6173,2025-09-15T04:00:00-05:00,Bogota,4.711,-74.0721,10.5,99.0,0.1,2.2,146.28,True,14933,2025,9,15,4,,VALID,False,,False,False,False,False,False,-0.995217323073,-0.457299845775,0.99,0.0953101798043,America/Bogota,2025-09-15T09:00:00+00:00,2025-09-15,CO,3688689,2582,True,No festivo,False,False,True,14.1,43710.76,30634.41,True,11001,"BOGOTÁ, D.C.",11,"BOGOTÁ, D.C.",2025,True,18.0,academic_illustration,True,madrugada,True,3.9166666666666665,12.141877777777779,8.509558333333333,0.0,7.5,True,COMPLETE
2,6223,2025-09-17T06:00:00-05:00,Bogota,4.711,-74.0721,7.9,93.0,0.0,3.0,157.93,True,14983,2025,9,17,6,,VALID,False,,False,False,False,False,False,-1.73688499044,0.182238989314,0.93,0.0,America/Bogota,2025-09-17T11:00:00+00:00,2025-09-17,CO,3688689,2582,True,No festivo,False,False,True,17.42,43679.49,30724.13,True,11001,"BOGOTÁ, D.C.",11,"BOGOTÁ, D.C.",2025,True,18.0,academic_illustration,True,manana,True,4.8388888888888895,12.133191666666667,8.534480555555556,0.0,10.1,True,COMPLETE
2,6263,2025-09-18T22:00:00-05:00,Bogota,4.711,-74.0721,11.0,98.0,0.0,1.5,155.35,True,15023,2025,9,18,22,,VALID,False,,False,False,False,False,False,-0.852588925503,0.0406072129591,0.98,0.0,America/Bogota,2025-09-19T03:00:00+00:00,2025-09-18,CO,3688689,2582,True,No festivo,False,False,True,12.34,43663.89,22316.0,True,11001,"BOGOTÁ, D.C.",11,"BOGOTÁ, D.C.",2025,True,18.0,academic_illustration,True,noche,True,3.4277777777777776,12.128858333333334,6.198888888888889,0.0,7.0,True,COMPLETE
2,6281,2025-09-19T16:00:00-05:00,Bogota,4.711,-74.0721,18.7,50.0,0.0,3.6,142.29,True,15041,2025,9,19,16,,VALID,False,,False,False,False,False,False,1.34388839708,-0.676335034789,0.5,0.0,America/Bogota,2025-09-19T21:00:00+00:00,2025-09-19,CO,3688689,2582,True,No festivo,False,False,True,15.16,43648.33,32317.29,True,11001,"BOGOTÁ, D.C.",11,"BOGOTÁ, D.C.",2025,True,18.0,academic_illustration,True,tarde,True,4.211111111111111,12.124536111111112,8.977025,0.6999999999999993,0.0,True,COMPLETE
2,6286,2025-09-19T21:00:00-05:00,Bogota,4.711,-74.0721,12.7,92.0,0.8,2.1,196.08,True,15046,2025,9,19,21,,VALID,True,precipitation_mm,False,False,True,False,False,-0.367652373764,2.27652281409,0.92,0.587786664902,America/Bogota,2025-09-20T02:00:00+00:00,2025-09-19,CO,3688689,2582,True,No festivo,False,False,True,15.16,43648.33,32317.29,True,11001,"BOGOTÁ, D.C.",11,"BOGOTÁ, D.C.",2025,True,18.0,academic_illustration,True,noche,True,4.211111111111111,12.124536111111112,8.977025,0.0,5.300000000000001,True,COMPLETE
2,6460,2025-09-27T03:00:00-05:00,Bogota,4.711,-74.0721,10.3,96.0,0.0,2.3,166.39,True,15220,2025,9,27,3,,VALID,False,,False,False,False,False,False,-1.0522686821,0.646659465266,0.96,0.0,America/Bogota,2025-09-27T08:00:00+00:00,2025-09-27,CO,3688689,2582,True,No festivo,False,True,True,15.6,43525.24,34199.29,True,11001,"BOGOTÁ, D.C.",11,"BOGOTÁ, D.C.",2025,True,18.0,academic_illustration,True,madrugada,True,4.333333333333333,12.090344444444444,9.499802777777777,0.0,7.699999999999999,False,COMPLETE
2,6539,2025-09-30T10:00:00-05:00,Bogota,4.711,-74.0721,16.0,73.0,0.1,4.0,126.07,True,15299,2025,9,30,10,,VALID,False,,False,False,False,False,False,0.573695050199,-1.56674876055,0.73,0.0953101798043,America/Bogota,2025-09-30T15:00:00+00:00,2025-09-30,CO,3688689,2582,True,No festivo,False,False,True,8.57,43478.89,289.2,True,11001,"BOGOTÁ, D.C.",11,"BOGOTÁ, D.C.",2025,True,18.0,academic_illustration,True,manana,True,2.3805555555555555,12.077469444444445,0.08033333333333333,0.0,2.0,True,COMPLETE
2,6634,2025-10-04T09:00:00-05:00,Bogota,4.711,-74.0721,15.3,71.0,0.0,2.6,169.72,True,15394,2025,10,4,9,,VALID,False,,False,False,False,False,False,0.374015293601,0.829463269631,0.71,0.0,America/Bogota,2025-10-04T14:00:00+00:00,2025-10-04,CO,3688689,2582,True,No festivo,False,True,True,12.9,43417.19,32274.61,True,11001,"BOGOTÁ, D.C.",11,"BOGOTÁ, D.C.",2025,True,18.0,academic_illustration,True,manana,True,3.5833333333333335,12.060330555555556,8.965169444444445,0.0,2.6999999999999993,False,COMPLETE
2,6654,2025-10-05T05:00:00-05:00,Bogota,4.711,-74.0721,10.0,100.0,0.0,0.9,145.8,True,15414,2025,10,5,5,,VALID,False,,False,False,False,False,False,-1.13784572064,-0.483649943702,1.0,0.0,America/Bogota,2025-10-05T10:00:00+00:00,2025-10-05,CO,3688689,2582,True,No festivo,False,True,True,17.75,43401.85,29842.33,True,11001,"BOGOTÁ, D.C.",11,"BOGOTÁ, D.C.",2025,True,18.0,academic_illustration,True,madrugada,True,4.930555555555555,12.056069444444445,8.289536111111111,0.0,8.0,False,COMPLETE
2,6718,2025-10-07T21:00:00-05:00,Bogota,4.711,-74.0721,13.2,90.0,0.0,0.6,184.64,True,15478,2025,10,7,21,,VALID,False,,False,False,False,False,False,-0.225023976194,1.64851214684,0.9,0.0,America/Bogota,2025-10-08T02:00:00+00:00,2025-10-07,CO,3688689,2582,True,No festivo,False,False,True,12.98,43371.36,25959.91,True,11001,"BOGOTÁ, D.C.",11,"BOGOTÁ, D.C.",2025,True,18.0,academic_illustration,True,noche,True,3.6055555555555556,12.047600000000001,7.211086111111111,0.0,4.800000000000001,True,COMPLETE
2,6727,2025-10-08T06:00:00-05:00,Bogota,4.711,-74.0721,8.2,97.0,0.0,0.9,167.52,True,15487,2025,10,8,6,,VALID,False,,False,False,False,False,False,-1.6513079519,0.708691987468,0.97,0.0,America/Bogota,2025-10-08T11:00:00+00:00,2025-10-08,CO,3688689,2582,True,No festivo,False,False,True,14.22,43356.23,25242.14,True,11001,"BOGOTÁ, D.C.",11,"BOGOTÁ, D.C.",2025,True,18.0,academic_illustration,True,manana,True,3.95,12.043397222222223,7.011705555555555,0.0,9.8,True,COMPLETE
2,6803,2025-10-11T10:00:00-05:00,Bogota,4.711,-74.0721,17.9,64.0,0.0,2.5,136.97,True,15563,2025,10,11,10,,VALID,False,,False,False,False,False,False,1.11568296097,-0.968381953473,0.64,0.0,America/Bogota,2025-10-11T15:00:00+00:00,2025-10-11,CO,3688689,2582,True,No festivo,False,True,True,17.74,43311.39,30924.61,True,11001,"BOGOTÁ, D.C.",11,"BOGOTÁ, D.C.",2025,True,18.0,academic_illustration,True,manana,True,4.927777777777777,12.030941666666667,8.590169444444445,0.0,0.10000000000000142,False,COMPLETE
2,6828,2025-10-12T11:00:00-05:00,Bogota,4.711,-74.0721,17.5,68.0,0.0,6.4,146.48,True,15588,2025,10,12,11,,VALID,False,,False,False,False,False,False,1.00158024291,-0.446320638306,0.68,0.0,America/Bogota,2025-10-12T16:00:00+00:00,2025-10-12,CO,3688689,2582,True,No festivo,False,True,True,13.2,43296.67,18830.46,True,11001,"BOGOTÁ, D.C.",11,"BOGOTÁ, D.C.",2025,True,18.0,academic_illustration,True,manana,True,3.6666666666666665,12.026852777777778,5.230683333333333,0.0,0.5,False,COMPLETE
2,6853,2025-10-13T12:00:00-05:00,Bogota,4.711,-74.0721,18.9,58.0,0.0,6.9,133.1,True,15613,2025,10,13,12,,VALID,False,,False,False,False,False,False,1.40093975611,-1.180829618,0.58,0.0,America/Bogota,2025-10-13T17:00:00+00:00,2025-10-13,CO,3688689,2582,True,Día de la Raza,True,False,True,18.0,43282.09,39429.22,True,11001,"BOGOTÁ, D.C.",11,"BOGOTÁ, D.C.",2025,True,18.0,academic_illustration,True,tarde,True,5.0,12.022802777777777,10.95256111111111,0.8999999999999986,0.0,False,COMPLETE
2,6903,2025-10-15T14:00:00-05:00,Bogota,4.711,-74.0721,19.4,51.0,0.0,11.4,139.23,True,15663,2025,10,15,14,,VALID,False,,False,False,False,False,False,1.54356815368,-0.844316909069,0.51,0.0,America/Bogota,2025-10-15T19:00:00+00:00,2025-10-15,CO,3688689,2582,True,No festivo,False,False,True,20.38,43253.1,36792.81,True,11001,"BOGOTÁ, D.C.",11,"BOGOTÁ, D.C.",2025,True,18.0,academic_illustration,True,tarde,True,5.6611111111111105,12.01475,10.220225,1.3999999999999986,0.0,True,COMPLETE
2,6908,2025-10-15T19:00:00-05:00,Bogota,4.711,-74.0721,13.6,91.0,0.0,1.5,200.34,True,15668,2025,10,15,19,,VALID,False,,False,False,False,False,False,-0.110921258138,2.51037993319,0.91,0.0,America/Bogota,2025-10-16T00:00:00+00:00,2025-10-15,CO,3688689,2582,True,No festivo,False,False,True,20.38,43253.1,36792.81,True,11001,"BOGOTÁ, D.C.",11,"BOGOTÁ, D.C.",2025,True,18.0,academic_illustration,True,noche,True,5.6611111111111105,12.01475,10.220225,0.0,4.4,True,COMPLETE
2,6920,2025-10-16T07:00:00-05:00,Bogota,4.711,-74.0721,10.9,96.0,0.1,3.1,167.58,True,15680,2025,10,16,7,,VALID,False,,False,False,False,False,False,-0.881114605017,0.711985749709,0.96,0.0953101798043,America/Bogota,2025-10-16T12:00:00+00:00,2025-10-16,CO,3688689,2582,True,No festivo,False,False,True,15.34,43238.61,28544.6,True,11001,"BOGOTÁ, D.C.",11,"BOGOTÁ, D.C.",2025,True,18.0,academic_illustration,True,manana,True,4.261111111111111,12.010725,7.929055555555555,0.0,7.1,True,COMPLETE
2,6935,2025-10-16T22:00:00-05:00,Bogota,4.711,-74.0721,11.4,99.0,0.0,4.8,151.61,True,15695,2025,10,16,22,,VALID,False,,False,False,False,False,False,-0.738486207447,-0.164703966717,0.99,0.0,America/Bogota,2025-10-17T03:00:00+00:00,2025-10-16,CO,3688689,2582,True,No festivo,False,False,True,15.34,43238.61,28544.6,True,11001,"BOGOTÁ, D.C.",11,"BOGOTÁ, D.C.",2025,True,18.0,academic_illustration,True,noche,True,4.261111111111111,12.010725,7.929055555555555,0.0,6.6,True,COMPLETE
2,6977,2025-10-18T16:00:00-05:00,Bogota,4.711,-74.0721,17.2,60.0,0.0,12.2,136.34,True,15737,2025,10,18,16,,VALID,False,,False,False,False,False,False,0.916003204368,-1.002966457,0.6,0.0,America/Bogota,2025-10-18T21:00:00+00:00,2025-10-18,CO,3688689,2582,True,No festivo,False,True,True,10.87,43209.67,29140.04,True,11001,"BOGOTÁ, D.C.",11,"BOGOTÁ, D.C.",2025,True,18.0,academic_illustration,True,tarde,True,3.019444444444444,12.00268611111111,8.094455555555555,0.0,0.8000000000000007,False,COMPLETE
2,7076,2025-10-22T19:00:00-05:00,Bogota,4.711,-74.0721,13.3,94.0,0.5,7.6,191.92,True,15836,2025,10,22,19,,VALID,True,precipitation_mm,False,False,True,False,False,-0.19649829668,2.04815529873,0.94,0.405465108108,America/Bogota,2025-10-23T00:00:00+00:00,2025-10-22,CO,3688689,2582,True,No festivo,False,False,True,18.81,43152.3,36473.02,True,11001,"BOGOTÁ, D.C.",11,"BOGOTÁ, D.C.",2025,True,18.0,academic_illustration,True,noche,True,5.225,11.98675,10.131394444444444,0.0,4.699999999999999,True,COMPLETE
2,7079,2025-10-22T22:00:00-05:00,Bogota,4.711,-74.0721,12.1,96.0,0.0,1.2,153.1,True,15839,2025,10,22,22,,VALID,False,,False,False,False,False,False,-0.538806450849,-0.0829088710709,0.96,0.0,America/Bogota,2025-10-23T03:00:00+00:00,2025-10-22,CO,3688689,2582,True,No festivo,False,False,True,18.81,43152.3,36473.02,True,11001,"BOGOTÁ, D.C.",11,"BOGOTÁ, D.C.",2025,True,18.0,academic_illustration,True,noche,True,5.225,11.98675,10.131394444444444,0.0,5.9,True,COMPLETE
2,7092,2025-10-23T11:00:00-05:00,Bogota,4.711,-74.0721,19.9,52.0,0.0,8.0,125.87,True,15852,2025,10,23,11,,VALID,False,,False,False,False,False,False,1.68619655125,-1.57772796802,0.52,0.0,America/Bogota,2025-10-23T16:00:00+00:00,2025-10-23,CO,3688689,2582,True,No festivo,False,False,True,16.91,43138.14,33417.7,True,11001,"BOGOTÁ, D.C.",11,"BOGOTÁ, D.C.",2025,True,18.0,academic_illustration,True,manana,True,4.697222222222222,11.982816666666666,9.282694444444443,1.8999999999999986,0.0,True,COMPLETE
2,7156,2025-10-26T03:00:00-05:00,Bogota,4.711,-74.0721,10.7,100.0,0.0,1.5,135.56,True,15916,2025,10,26,3,,VALID,False,,False,False,False,False,False,-0.938165964045,-1.04578536613,1.0,0.0,America/Bogota,2025-10-26T08:00:00+00:00,2025-10-26,CO,3688689,2582,True,No festivo,False,True,True,14.25,43096.28,31101.45,True,11001,"BOGOTÁ, D.C.",11,"BOGOTÁ, D.C.",2025,True,18.0,academic_illustration,True,madrugada,True,3.958333333333333,11.97118888888889,8.639291666666667,0.0,7.300000000000001,False,COMPLETE
2,7162,2025-10-26T09:00:00-05:00,Bogota,4.711,-74.0721,15.5,82.0,0.1,2.0,152.85,True,15922,2025,10,26,9,,VALID,False,,False,False,False,False,False,0.431066652629,-0.0966328804076,0.82,0.0953101798043,America/Bogota,2025-10-26T14:00:00+00:00,2025-10-26,CO,3688689,2582,True,No festivo,False,True,True,14.25,43096.28,31101.45,True,11001,"BOGOTÁ, D.C.",11,"BOGOTÁ, D.C.",2025,True,18.0,academic_illustration,True,manana,True,3.958333333333333,11.97118888888889,8.639291666666667,0.0,2.5,False,COMPLETE
2,7170,2025-10-26T17:00:00-05:00,Bogota,4.711,-74.0721,16.9,70.0,0.0,6.5,129.92,True,15930,2025,10,26,17,,VALID,False,,False,False,False,False,False,0.830426165826,-1.35539901677,0.7,0.0,America/Bogota,2025-10-26T22:00:00+00:00,2025-10-26,CO,3688689,2582,True,No festivo,False,True,True,14.25,43096.28,31101.45,True,11001,"BOGOTÁ, D.C.",11,"BOGOTÁ, D.C.",2025,True,18.0,academic_illustration,True,tarde,True,3.958333333333333,11.97118888888889,8.639291666666667,0.0,1.1000000000000014,False,COMPLETE
2,7215,2025-10-28T14:00:00-05:00,Bogota,4.711,-74.0721,18.8,56.0,0.1,8.1,136.27,True,15975,2025,10,28,14,,VALID,False,,False,False,False,False,False,1.37241407659,-1.00680917962,0.56,0.0953101798043,America/Bogota,2025-10-28T19:00:00+00:00,2025-10-28,CO,3688689,2582,True,No festivo,False,False,True,16.29,43069.02,36842.47,True,11001,"BOGOTÁ, D.C.",11,"BOGOTÁ, D.C.",2025,True,18.0,academic_illustration,True,tarde,True,4.5249999999999995,11.963616666666665,10.234019444444444,0.8000000000000007,0.0,True,COMPLETE
2,7247,2025-10-29T22:00:00-05:00,Bogota,4.711,-74.0721,12.1,91.0,0.0,3.7,152.35,True,16007,2025,10,29,22,,VALID,False,,False,False,False,False,False,-0.538806450849,-0.124080899081,0.91,0.0,America/Bogota,2025-10-30T03:00:00+00:00,2025-10-29,CO,3688689,2582,True,No festivo,False,False,True,15.3,43055.62,35354.64,True,11001,"BOGOTÁ, D.C.",11,"BOGOTÁ, D.C.",2025,True,18.0,academic_illustration,True,noche,True,4.25,11.959894444444446,9.820733333333333,0.0,5.9,True,COMPLETE
2,7336,2025-11-02T15:00:00-05:00,Bogota,4.711,-74.0721,20.2,49.0,0.0,10.3,119.91,True,16096,2025,11,2,15,,VALID,False,,False,False,False,False,False,1.77177358979,-1.90490835061,0.49,0.0,America/Bogota,2025-11-02T20:00:00+00:00,2025-11-02,CO,3688689,2582,True,No festivo,False,True,True,15.71,43003.92,33798.48,True,11001,"BOGOTÁ, D.C.",11,"BOGOTÁ, D.C.",2025,True,18.0,academic_illustration,True,tarde,True,4.363888888888889,11.945533333333334,9.388466666666668,2.1999999999999993,0.0,False,COMPLETE
2,7351,2025-11-03T06:00:00-05:00,Bogota,4.711,-74.0721,8.7,97.0,0.0,3.6,162.3,True,16111,2025,11,3,6,,VALID,False,,False,False,False,False,False,-1.50867955433,0.422134672519,0.97,0.0,America/Bogota,2025-11-03T11:00:00+00:00,2025-11-03,CO,3688689,2582,True,Dia de los Santos,True,False,True,16.7,42991.49,35834.5,True,11001,"BOGOTÁ, D.C.",11,"BOGOTÁ, D.C.",2025,True,18.0,academic_illustration,True,manana,True,4.638888888888888,11.942080555555554,9.954027777777778,0.0,9.3,False,COMPLETE
2,7360,2025-11-03T15:00:00-05:00,Bogota,4.711,-74.0721,18.1,56.0,0.1,6.8,126.96,True,16120,2025,11,3,15,,VALID,False,,False,False,False,False,False,1.17273431999,-1.51789128731,0.56,0.0953101798043,America/Bogota,2025-11-03T20:00:00+00:00,2025-11-03,CO,3688689,2582,True,Dia de los Santos,True,False,True,16.7,42991.49,35834.5,True,11001,"BOGOTÁ, D.C.",11,"BOGOTÁ, D.C.",2025,True,18.0,academic_illustration,True,tarde,True,4.638888888888888,11.942080555555554,9.954027777777778,0.10000000000000142,0.0,False,COMPLETE
2,7362,2025-11-03T17:00:00-05:00,Bogota,4.711,-74.0721,16.8,67.0,0.0,7.8,148.87,True,16122,2025,11,3,17,,VALID,False,,False,False,False,False,False,0.801900486312,-0.315119109047,0.67,0.0,America/Bogota,2025-11-03T22:00:00+00:00,2025-11-03,CO,3688689,2582,True,Dia de los Santos,True,False,True,16.7,42991.49,35834.5,True,11001,"BOGOTÁ, D.C.",11,"BOGOTÁ, D.C.",2025,True,18.0,academic_illustration,True,tarde,True,4.638888888888888,11.942080555555554,9.954027777777778,0.0,1.1999999999999993,False,COMPLETE
2,7383,2025-11-04T14:00:00-05:00,Bogota,4.711,-74.0721,18.5,57.0,0.4,13.1,136.08,True,16143,2025,11,4,14,,VALID,True,precipitation_mm,False,False,True,False,False,1.28683703805,-1.01723942671,0.57,0.336472236621,America/Bogota,2025-11-04T19:00:00+00:00,2025-11-04,CO,3688689,2582,True,No festivo,False,False,True,19.52,42979.13,36000.0,True,11001,"BOGOTÁ, D.C.",11,"BOGOTÁ, D.C.",2025,True,18.0,academic_illustration,True,tarde,True,5.422222222222222,11.93864722222222,10.0,0.5,0.0,True,COMPLETE
2,7398,2025-11-05T05:00:00-05:00,Bogota,4.711,-74.0721,10.4,93.0,0.0,4.5,141.66,True,16158,2025,11,5,5,,VALID,False,,False,False,False,False,False,-1.02374300259,-0.710919538317,0.93,0.0,America/Bogota,2025-11-05T10:00:00+00:00,2025-11-05,CO,3688689,2582,True,No festivo,False,False,True,15.76,42966.85,34870.25,True,11001,"BOGOTÁ, D.C.",11,"BOGOTÁ, D.C.",2025,True,18.0,academic_illustration,True,madrugada,True,4.377777777777777,11.935236111111111,9.686180555555556,0.0,7.6,True,COMPLETE
2,7442,2025-11-07T01:00:00-05:00,Bogota,4.711,-74.0721,10.6,96.0,0.0,0.6,161.5,True,16202,2025,11,7,1,,VALID,False,,False,False,False,False,False,-0.966691643559,0.378217842641,0.96,0.0,America/Bogota,2025-11-07T06:00:00+00:00,2025-11-07,CO,3688689,2582,True,No festivo,False,False,True,18.87,42942.57,33042.1,True,11001,"BOGOTÁ, D.C.",11,"BOGOTÁ, D.C.",2025,True,18.0,academic_illustration,True,madrugada,True,5.241666666666667,11.928491666666666,9.17836111111111,0.0,7.4,True,COMPLETE
2,7495,2025-11-09T06:00:00-05:00,Bogota,4.711,-74.0721,9.7,100.0,0.0,3.4,161.69,True,16255,2025,11,9,6,,VALID,False,,False,False,False,False,False,-1.22342275919,0.388648089737,1.0,0.0,America/Bogota,2025-11-09T11:00:00+00:00,2025-11-09,CO,3688689,2582,True,No festivo,False,True,True,15.36,42918.77,35878.62,True,11001,"BOGOTÁ, D.C.",11,"BOGOTÁ, D.C.",2025,True,18.0,academic_illustration,True,manana,True,4.266666666666667,11.921880555555555,9.966283333333335,0.0,8.3,False,COMPLETE
2,7510,2025-11-09T21:00:00-05:00,Bogota,4.711,-74.0721,13.0,82.0,0.0,7.9,180.32,True,16270,2025,11,9,21,,VALID,False,,False,False,False,False,False,-0.282075335222,1.41136126551,0.82,0.0,America/Bogota,2025-11-10T02:00:00+00:00,2025-11-09,CO,3688689,2582,True,No festivo,False,True,True,15.36,42918.77,35878.62,True,11001,"BOGOTÁ, D.C.",11,"BOGOTÁ, D.C.",2025,True,18.0,academic_illustration,True,noche,True,4.266666666666667,11.921880555555555,9.966283333333335,0.0,5.0,False,COMPLETE
2,7556,2025-11-11T19:00:00-05:00,Bogota,4.711,-74.0721,15.3,85.0,0.0,4.0,182.52,True,16316,2025,11,11,19,,VALID,False,,False,False,False,False,False,0.374015293601,1.53213254767,0.85,0.0,America/Bogota,2025-11-12T00:00:00+00:00,2025-11-11,CO,3688689,2582,True,No festivo,False,False,True,18.45,42895.55,39543.92,True,11001,"BOGOTÁ, D.C.",11,"BOGOTÁ, D.C.",2025,True,18.0,academic_illustration,True,noche,True,5.125,11.915430555555556,10.984422222222221,0.0,2.6999999999999993,True,COMPLETE
2,7587,2025-11-13T02:00:00-05:00,Bogota,4.711,-74.0721,11.7,98.0,0.0,2.1,139.66,True,16347,2025,11,13,2,,VALID,False,,False,False,False,False,False,-0.652909168905,-0.82071161301,0.98,0.0,America/Bogota,2025-11-13T07:00:00+00:00,2025-11-13,CO,3688689,2582,True,No festivo,False,False,True,14.51,42873.01,34046.97,True,11001,"BOGOTÁ, D.C.",11,"BOGOTÁ, D.C.",2025,True,18.0,academic_illustration,True,madrugada,True,4.030555555555555,11.909169444444444,9.457491666666668,0.0,6.300000000000001,True,COMPLETE
2,7589,2025-11-13T04:00:00-05:00,Bogota,4.711,-74.0721,11.3,96.0,0.0,3.6,152.82,True,16349,2025,11,13,4,,VALID,False,,False,False,False,False,False,-0.767011886961,-0.098279761528,0.96,0.0,America/Bogota,2025-11-13T09:00:00+00:00,2025-11-13,CO,3688689,2582,True,No festivo,False,False,True,14.51,42873.01,34046.97,True,11001,"BOGOTÁ, D.C.",11,"BOGOTÁ, D.C.",2025,True,18.0,academic_illustration,True,madrugada,True,4.030555555555555,11.909169444444444,9.457491666666668,0.0,6.699999999999999,True,COMPLETE
2,7625,2025-11-14T16:00:00-05:00,Bogota,4.711,-74.0721,18.2,52.0,0.0,3.2,141.95,True,16385,2025,11,14,16,,VALID,False,,False,False,False,False,False,1.20125999951,-0.694999687486,0.52,0.0,America/Bogota,2025-11-14T21:00:00+00:00,2025-11-14,CO,3688689,2582,True,No festivo,False,False,True,13.08,42862.04,32978.83,True,11001,"BOGOTÁ, D.C.",11,"BOGOTÁ, D.C.",2025,True,18.0,academic_illustration,True,tarde,True,3.6333333333333333,11.906122222222223,9.160786111111111,0.1999999999999993,0.0,True,COMPLETE
2,7637,2025-11-15T04:00:00-05:00,Bogota,4.711,-74.0721,11.5,98.0,0.1,2.4,158.77,True,16397,2025,11,15,4,,VALID,False,,False,False,False,False,False,-0.709960527933,0.228351660685,0.98,0.0953101798043,America/Bogota,2025-11-15T09:00:00+00:00,2025-11-15,CO,3688689,2582,True,No festivo,False,True,True,12.75,42851.28,27839.23,True,11001,"BOGOTÁ, D.C.",11,"BOGOTÁ, D.C.",2025,True,18.0,academic_illustration,True,madrugada,True,3.5416666666666665,11.903133333333333,7.733119444444444,0.0,6.5,False,COMPLETE
2,7687,2025-11-17T06:00:00-05:00,Bogota,4.711,-74.0721,11.5,95.0,0.0,0.4,153.94,True,16447,2025,11,17,6,,VALID,False,,False,False,False,False,False,-0.709960527933,-0.0367961996997,0.95,0.0,America/Bogota,2025-11-17T11:00:00+00:00,2025-11-17,CO,3688689,2582,True,Independencia de Cartagena,True,False,True,12.43,42830.45,23222.18,True,11001,"BOGOTÁ, D.C.",11,"BOGOTÁ, D.C.",2025,True,18.0,academic_illustration,True,manana,True,3.4527777777777775,11.897347222222221,6.450605555555556,0.0,6.5,False,COMPLETE
2,7727,2025-11-18T22:00:00-05:00,Bogota,4.711,-74.0721,12.6,96.0,0.0,3.3,147.47,True,16487,2025,11,18,22,,VALID,False,,False,False,False,False,False,-0.396178053278,-0.391973561333,0.96,0.0,America/Bogota,2025-11-19T03:00:00+00:00,2025-11-18,CO,3688689,2582,True,No festivo,False,False,True,14.28,42820.41,28433.5,True,11001,"BOGOTÁ, D.C.",11,"BOGOTÁ, D.C.",2025,True,18.0,academic_illustration,True,noche,True,3.9666666666666663,11.894558333333334,7.898194444444444,0.0,5.4,True,COMPLETE
2,7745,2025-11-19T16:00:00-05:00,Bogota,4.711,-74.0721,18.2,60.0,0.4,7.3,148.45,True,16505,2025,11,19,16,,VALID,True,precipitation_mm,False,False,True,False,False,1.20125999951,-0.338175444733,0.6,0.336472236621,America/Bogota,2025-11-19T21:00:00+00:00,2025-11-19,CO,3688689,2582,True,No festivo,False,False,True,15.08,42810.65,34720.63,True,11001,"BOGOTÁ, D.C.",11,"BOGOTÁ, D.C.",2025,True,18.0,academic_illustration,True,tarde,True,4.188888888888889,11.891847222222223,9.644619444444444,0.1999999999999993,0.0,True,COMPLETE
2,7750,2025-11-19T21:00:00-05:00,Bogota,4.711,-74.0721,12.3,97.0,0.0,5.7,183.46,True,16510,2025,11,19,21,,VALID,False,,False,False,False,False,False,-0.48175509182,1.58373482277,0.97,0.0,America/Bogota,2025-11-20T02:00:00+00:00,2025-11-19,CO,3688689,2582,True,No festivo,False,False,True,15.08,42810.65,34720.63,True,11001,"BOGOTÁ, D.C.",11,"BOGOTÁ, D.C.",2025,True,18.0,academic_illustration,True,noche,True,4.188888888888889,11.891847222222223,9.644619444444444,0.0,5.699999999999999,True,COMPLETE
2,7924,2025-11-27T03:00:00-05:00,Bogota,4.711,-74.0721,11.2,95.0,0.0,2.3,154.49,True,16684,2025,11,27,3,,VALID,False,,False,False,False,False,False,-0.795537566475,-0.00660337915905,0.95,0.0,America/Bogota,2025-11-27T08:00:00+00:00,2025-11-27,CO,3688689,2582,True,No festivo,False,False,True,15.3,42742.37,32652.52,True,11001,"BOGOTÁ, D.C.",11,"BOGOTÁ, D.C.",2025,True,18.0,academic_illustration,True,madrugada,True,4.25,11.872880555555556,9.070144444444445,0.0,6.800000000000001,True,COMPLETE
2,8003,2025-11-30T10:00:00-05:00,Bogota,4.711,-74.0721,17.3,71.0,0.0,1.5,151.89,True,16763,2025,11,30,10,,VALID,False,,False,False,False,False,False,0.944528883882,-0.14933307626,0.71,0.0,America/Bogota,2025-11-30T15:00:00+00:00,2025-11-30,CO,3688689,2582,True,No festivo,False,True,True,15.21,42720.65,33800.95,True,11001,"BOGOTÁ, D.C.",11,"BOGOTÁ, D.C.",2025,True,18.0,academic_illustration,True,manana,True,4.2250000000000005,11.866847222222223,9.389152777777777,0.0,0.6999999999999993,False,COMPLETE
2,8098,2025-12-04T09:00:00-05:00,Bogota,4.711,-74.0721,15.5,76.0,0.0,1.7,175.77,True,16858,2025,12,4,9,,VALID,False,,False,False,False,False,False,0.431066652629,1.16158429558,0.76,0.0,America/Bogota,2025-12-04T14:00:00+00:00,2025-12-04,CO,3688689,2582,True,No festivo,False,False,True,15.57,42695.46,36934.38,True,11001,"BOGOTÁ, D.C.",11,"BOGOTÁ, D.C.",2025,True,18.0,academic_illustration,True,manana,True,4.325,11.85985,10.259549999999999,0.0,2.5,True,COMPLETE
2,8118,2025-12-05T05:00:00-05:00,Bogota,4.711,-74.0721,11.6,98.0,0.2,1.1,149.83,True,16878,2025,12,5,5,,VALID,False,,False,False,False,False,False,-0.681434848419,-0.262418913195,0.98,0.182321556794,America/Bogota,2025-12-05T10:00:00+00:00,2025-12-05,CO,3688689,2582,True,No festivo,False,False,True,8.24,42689.89,7683.98,True,11001,"BOGOTÁ, D.C.",11,"BOGOTÁ, D.C.",2025,True,18.0,academic_illustration,True,madrugada,True,2.2888888888888888,11.858302777777778,2.1344388888888886,0.0,6.4,True,COMPLETE
2,8182,2025-12-07T21:00:00-05:00,Bogota,4.711,-74.0721,11.2,95.0,0.0,0.5,197.88,True,16942,2025,12,7,21,,VALID,False,,False,False,False,False,False,-0.795537566475,2.37533568131,0.95,0.0,America/Bogota,2025-12-08T02:00:00+00:00,2025-12-07,CO,3688689,2582,True,No festivo,False,True,True,15.1,42679.72,37310.39,True,11001,"BOGOTÁ, D.C.",11,"BOGOTÁ, D.C.",2025,True,18.0,academic_illustration,True,noche,True,4.194444444444445,11.855477777777779,10.363997222222222,0.0,6.800000000000001,False,COMPLETE
2,8191,2025-12-08T06:00:00-05:00,Bogota,4.711,-74.0721,7.8,100.0,0.0,2.2,155.55,True,16951,2025,12,8,6,,VALID,False,,False,False,False,False,False,-1.76541066995,0.0515864204284,1.0,0.0,America/Bogota,2025-12-08T11:00:00+00:00,2025-12-08,CO,3688689,2582,True,La Inmaculada Concepción,True,False,True,17.26,42675.14,31938.11,True,11001,"BOGOTÁ, D.C.",11,"BOGOTÁ, D.C.",2025,True,18.0,academic_illustration,True,manana,True,4.794444444444445,11.854205555555556,8.871697222222222,0.0,10.2,False,COMPLETE
2,8267,2025-12-11T10:00:00-05:00,Bogota,4.711,-74.0721,16.8,66.0,0.0,4.7,123.42,True,17027,2025,12,11,10,,VALID,False,,False,False,False,False,False,0.801900486312,-1.71222325952,0.66,0.0,America/Bogota,2025-12-11T15:00:00+00:00,2025-12-11,CO,3688689,2582,True,No festivo,False,False,True,14.81,42663.49,38441.02,True,11001,"BOGOTÁ, D.C.",11,"BOGOTÁ, D.C.",2025,True,18.0,academic_illustration,True,manana,True,4.113888888888889,11.850969444444443,10.678061111111111,0.0,1.1999999999999993,True,COMPLETE
2,8292,2025-12-12T11:00:00-05:00,Bogota,4.711,-74.0721,18.4,56.0,0.0,7.4,131.65,True,17052,2025,12,12,11,,VALID,False,,False,False,False,False,False,1.25831135854,-1.26042887216,0.56,0.0,America/Bogota,2025-12-12T16:00:00+00:00,2025-12-12,CO,3688689,2582,True,No festivo,False,False,True,15.56,42660.35,35703.27,True,11001,"BOGOTÁ, D.C.",11,"BOGOTÁ, D.C.",2025,True,18.0,academic_illustration,True,manana,True,4.322222222222222,11.850097222222221,9.917575,0.3999999999999986,0.0,True,COMPLETE
2,8317,2025-12-13T12:00:00-05:00,Bogota,4.711,-74.0721,19.8,52.0,0.0,10.4,146.87,True,17077,2025,12,13,12,,VALID,False,,False,False,False,False,False,1.65767087173,-0.424911183741,0.52,0.0,America/Bogota,2025-12-13T17:00:00+00:00,2025-12-13,CO,3688689,2582,True,No festivo,False,True,True,18.91,42657.57,40847.71,True,11001,"BOGOTÁ, D.C.",11,"BOGOTÁ, D.C.",2025,True,18.0,academic_illustration,True,tarde,True,5.252777777777777,11.849325,11.346586111111112,1.8000000000000007,0.0,False,COMPLETE
2,8367,2025-12-15T14:00:00-05:00,Bogota,4.711,-74.0721,21.1,44.0,0.1,6.0,130.8,True,17127,2025,12,15,14,,VALID,False,,False,False,False,False,False,2.02850470542,-1.3070905039,0.44,0.0953101798043,America/Bogota,2025-12-15T19:00:00+00:00,2025-12-15,CO,3688689,2582,True,No festivo,False,False,True,18.7,42653.03,41327.15,True,11001,"BOGOTÁ, D.C.",11,"BOGOTÁ, D.C.",2025,True,18.0,academic_illustration,True,tarde,True,5.194444444444444,11.84806388888889,11.47976388888889,3.1000000000000014,0.0,True,COMPLETE
2,8372,2025-12-15T19:00:00-05:00,Bogota,4.711,-74.0721,14.5,87.0,0.0,5.0,180.97,True,17132,2025,12,15,19,,VALID,False,,False,False,False,False,False,0.145809857489,1.44704368978,0.87,0.0,America/Bogota,2025-12-16T00:00:00+00:00,2025-12-15,CO,3688689,2582,True,No festivo,False,False,True,18.7,42653.03,41327.15,True,11001,"BOGOTÁ, D.C.",11,"BOGOTÁ, D.C.",2025,True,18.0,academic_illustration,True,noche,True,5.194444444444444,11.84806388888889,11.47976388888889,0.0,3.5,True,COMPLETE
2,8384,2025-12-16T07:00:00-05:00,Bogota,4.711,-74.0721,10.9,91.0,0.0,4.0,182.49,True,17144,2025,12,16,7,,VALID,False,,False,False,False,False,False,-0.881114605017,1.53048566655,0.91,0.0,America/Bogota,2025-12-16T12:00:00+00:00,2025-12-16,CO,3688689,2582,True,No festivo,False,False,True,16.74,42651.25,32027.08,True,11001,"BOGOTÁ, D.C.",11,"BOGOTÁ, D.C.",2025,True,18.0,academic_illustration,True,manana,True,4.6499999999999995,11.847569444444444,8.896411111111112,0.0,7.1,True,COMPLETE
2,8399,2025-12-16T22:00:00-05:00,Bogota,4.711,-74.0721,12.7,94.0,0.0,1.6,144.51,True,17159,2025,12,16,22,,VALID,False,,False,False,False,False,False,-0.367652373764,-0.554465831879,0.94,0.0,America/Bogota,2025-12-17T03:00:00+00:00,2025-12-16,CO,3688689,2582,True,No festivo,False,False,True,16.74,42651.25,32027.08,True,11001,"BOGOTÁ, D.C.",11,"BOGOTÁ, D.C.",2025,True,18.0,academic_illustration,True,noche,True,4.6499999999999995,11.847569444444444,8.896411111111112,0.0,5.300000000000001,True,COMPLETE
2,8441,2025-12-18T16:00:00-05:00,Bogota,4.711,-74.0721,16.6,67.0,0.0,11.9,137.19,True,17201,2025,12,18,16,,VALID,False,,False,False,False,False,False,0.744849127284,-0.956304825257,0.67,0.0,America/Bogota,2025-12-18T21:00:00+00:00,2025-12-18,CO,3688689,2582,True,No festivo,False,False,True,17.76,42648.69,35092.92,True,11001,"BOGOTÁ, D.C.",11,"BOGOTÁ, D.C.",2025,True,18.0,academic_illustration,True,tarde,True,4.933333333333334,11.846858333333333,9.748033333333332,0.0,1.3999999999999986,True,COMPLETE
2,8540,2025-12-22T19:00:00-05:00,Bogota,4.711,-74.0721,14.5,89.0,0.1,5.1,158.02,True,17300,2025,12,22,19,,VALID,False,,False,False,False,False,False,0.145809857489,0.187179632675,0.89,0.0953101798043,America/Bogota,2025-12-23T00:00:00+00:00,2025-12-22,CO,3688689,2582,True,No festivo,False,False,True,14.25,42647.57,41305.3,True,11001,"BOGOTÁ, D.C.",11,"BOGOTÁ, D.C.",2025,True,18.0,academic_illustration,True,noche,True,3.958333333333333,11.846547222222222,11.473694444444446,0.0,3.5,True,COMPLETE
2,8543,2025-12-22T22:00:00-05:00,Bogota,4.711,-74.0721,13.3,97.0,1.5,3.3,146.6,True,17303,2025,12,22,22,,VALID,True,precipitation_mm,False,False,True,False,False,-0.19649829668,-0.439733113824,0.97,0.916290731874,America/Bogota,2025-12-23T03:00:00+00:00,2025-12-22,CO,3688689,2582,True,No festivo,False,False,True,14.25,42647.57,41305.3,True,11001,"BOGOTÁ, D.C.",11,"BOGOTÁ, D.C.",2025,True,18.0,academic_illustration,True,noche,True,3.958333333333333,11.846547222222222,11.473694444444446,0.0,4.699999999999999,True,COMPLETE
2,8556,2025-12-23T11:00:00-05:00,Bogota,4.711,-74.0721,19.3,56.0,0.0,2.4,129.87,True,17316,2025,12,23,11,,VALID,False,,False,False,False,False,False,1.51504247416,-1.35814381863,0.56,0.0,America/Bogota,2025-12-23T16:00:00+00:00,2025-12-23,CO,3688689,2582,True,No festivo,False,False,True,16.02,42648.12,34808.05,True,11001,"BOGOTÁ, D.C.",11,"BOGOTÁ, D.C.",2025,True,18.0,academic_illustration,True,manana,True,4.45,11.8467,9.66890277777778,1.3000000000000007,0.0,True,COMPLETE
2,8620,2025-12-26T03:00:00-05:00,Bogota,4.711,-74.0721,11.0,100.0,0.0,2.5,155.05,True,17380,2025,12,26,3,,VALID,False,,False,False,False,False,False,-0.852588925503,0.0241384017551,1.0,0.0,America/Bogota,2025-12-26T08:00:00+00:00,2025-12-26,CO,3688689,2582,True,No festivo,False,False,True,21.19,42651.74,42228.37,True,11001,"BOGOTÁ, D.C.",11,"BOGOTÁ, D.C.",2025,True,18.0,academic_illustration,True,madrugada,True,5.886111111111111,11.847705555555555,11.730102777777779,0.0,7.0,True,COMPLETE
2,8626,2025-12-26T09:00:00-05:00,Bogota,4.711,-74.0721,14.7,69.0,0.0,3.6,158.91,True,17386,2025,12,26,9,,VALID,False,,False,False,False,False,False,0.202861216517,0.236037105913,0.69,0.0,America/Bogota,2025-12-26T14:00:00+00:00,2025-12-26,CO,3688689,2582,True,No festivo,False,False,True,21.19,42651.74,42228.37,True,11001,"BOGOTÁ, D.C.",11,"BOGOTÁ, D.C.",2025,True,18.0,academic_illustration,True,manana,True,5.886111111111111,11.847705555555555,11.730102777777779,0.0,3.3000000000000007,True,COMPLETE
2,8634,2025-12-26T17:00:00-05:00,Bogota,4.711,-74.0721,17.1,60.0,0.0,10.3,141.86,True,17394,2025,12,26,17,,VALID,False,,False,False,False,False,False,0.887477524854,-0.699940330848,0.6,0.0,America/Bogota,2025-12-26T22:00:00+00:00,2025-12-26,CO,3688689,2582,True,No festivo,False,False,True,21.19,42651.74,42228.37,True,11001,"BOGOTÁ, D.C.",11,"BOGOTÁ, D.C.",2025,True,18.0,academic_illustration,True,tarde,True,5.886111111111111,11.847705555555555,11.730102777777779,0.0,0.8999999999999986,True,COMPLETE
2,8679,2025-12-28T14:00:00-05:00,Bogota,4.711,-74.0721,19.6,38.0,0.0,18.1,149.31,True,17439,2025,12,28,14,,VALID,True,wind_speed_kmh,False,False,False,True,False,1.60061951271,-0.290964852615,0.38,0.0,America/Bogota,2025-12-28T19:00:00+00:00,2025-12-28,CO,3688689,2582,True,No festivo,False,True,True,20.63,42655.8,42232.33,True,11001,"BOGOTÁ, D.C.",11,"BOGOTÁ, D.C.",2025,True,18.0,academic_illustration,True,tarde,True,5.730555555555555,11.848833333333333,11.731202777777778,1.6000000000000014,0.0,False,COMPLETE
2,8711,2025-12-29T22:00:00-05:00,Bogota,4.711,-74.0721,12.6,86.0,0.0,6.7,135.7,True,17471,2025,12,29,22,,VALID,False,,False,False,False,False,False,-0.396178053278,-1.0380999209,0.86,0.0,America/Bogota,2025-12-30T03:00:00+00:00,2025-12-29,CO,3688689,2582,True,No festivo,False,False,True,18.59,42658.33,40684.39,True,11001,"BOGOTÁ, D.C.",11,"BOGOTÁ, D.C.",2025,True,18.0,academic_illustration,True,noche,True,5.163888888888889,11.849536111111112,11.301219444444444,0.0,5.4,True,COMPLETE
3,82,2025-01-04T09:00:00-05:00,Bucaramanga,7.1193,-73.1227,22.5,78.0,0.0,3.6,102.67,True,17602,2025,1,4,9,,VALID,False,,False,False,False,False,False,0.256255811797,-0.593171229473,0.78,0.0,America/Bogota,2025-01-04T14:00:00+00:00,2025-01-04,CO,3688465,1010,True,No festivo,False,True,True,9.28,42177.99,21046.95,True,68001,BUCARAMANGA,68,SANTANDER,2024,True,18.0,academic_illustration,True,manana,True,2.5777777777777775,11.716108333333333,5.846375,4.5,0.0,False,COMPLETE
3,102,2025-01-05T05:00:00-05:00,Bucaramanga,7.1193,-73.1227,19.0,98.0,0.5,5.7,107.5,True,17622,2025,1,5,5,,VALID,False,,False,False,False,False,False,-1.29023721822,-0.153935007113,0.98,0.405465108108,America/Bogota,2025-01-05T10:00:00+00:00,2025-01-05,CO,3688465,1010,True,No festivo,False,True,True,10.86,42185.62,19072.78,True,68001,BUCARAMANGA,68,SANTANDER,2024,True,18.0,academic_illustration,True,madrugada,True,3.0166666666666666,11.718227777777779,5.297994444444444,1.0,0.0,False,COMPLETE
3,166,2025-01-07T21:00:00-05:00,Bucaramanga,7.1193,-73.1227,21.4,93.0,0.3,1.5,121.75,True,17686,2025,1,7,21,,VALID,False,,False,False,False,False,False,-0.22978485478,1.14194825762,0.93,0.262364264467,America/Bogota,2025-01-08T02:00:00+00:00,2025-01-07,CO,3688465,1010,True,No festivo,False,False,True,18.56,42202.28,41777.34,True,68001,BUCARAMANGA,68,SANTANDER,2024,True,18.0,academic_illustration,True,noche,True,5.155555555555555,11.722855555555554,11.604816666666666,3.3999999999999986,0.0,True,COMPLETE
3,175,2025-01-08T06:00:00-05:00,Bucaramanga,7.1193,-73.1227,18.2,93.0,0.0,1.8,108.59,True,17695,2025,1,8,6,,VALID,False,,False,False,False,False,False,-1.64372133937,-0.054811304758,0.93,0.0,America/Bogota,2025-01-08T11:00:00+00:00,2025-01-08,CO,3688465,1010,True,No festivo,False,False,True,17.65,42211.44,41786.83,True,68001,BUCARAMANGA,68,SANTANDER,2024,True,18.0,academic_illustration,True,manana,True,4.902777777777778,11.7254,11.607452777777779,0.1999999999999993,0.0,True,COMPLETE
3,251,2025-01-11T10:00:00-05:00,Bucaramanga,7.1193,-73.1227,24.5,71.0,0.0,3.3,99.43,True,17771,2025,1,11,10,,VALID,False,,False,False,False,False,False,1.13996611466,-0.887814161243,0.71,0.0,America/Bogota,2025-01-11T15:00:00+00:00,2025-01-11,CO,3688465,1010,True,No festivo,False,True,True,13.23,42242.18,33182.49,True,68001,BUCARAMANGA,68,SANTANDER,2024,True,18.0,academic_illustration,True,manana,True,3.675,11.73393888888889,9.217358333333333,6.5,0.0,False,COMPLETE
3,276,2025-01-12T11:00:00-05:00,Bucaramanga,7.1193,-73.1227,24.9,74.0,0.0,5.2,104.63,True,17796,2025,1,12,11,,VALID,False,,False,False,False,False,False,1.31670817524,-0.414930443588,0.74,0.0,America/Bogota,2025-01-12T16:00:00+00:00,2025-01-12,CO,3688465,1010,True,No festivo,False,True,True,18.05,42253.46,40849.77,True,68001,BUCARAMANGA,68,SANTANDER,2024,True,18.0,academic_illustration,True,manana,True,5.013888888888889,11.737072222222222,11.347158333333333,6.899999999999999,0.0,False,COMPLETE
3,301,2025-01-13T12:00:00-05:00,Bucaramanga,7.1193,-73.1227,26.0,60.0,0.0,5.2,103.14,True,17821,2025,1,13,12,,VALID,False,,False,False,False,False,False,1.80274884182,-0.550429816532,0.6,0.0,America/Bogota,2025-01-13T17:00:00+00:00,2025-01-13,CO,3688465,1010,True,No festivo,False,False,True,19.2,42265.22,41842.29,True,68001,BUCARAMANGA,68,SANTANDER,2024,True,18.0,academic_illustration,True,tarde,True,5.333333333333333,11.740338888888889,11.622858333333333,8.0,0.0,True,COMPLETE
3,351,2025-01-15T14:00:00-05:00,Bucaramanga,7.1193,-73.1227,25.0,61.0,0.0,8.2,103.0,True,17871,2025,1,15,14,,VALID,False,,False,False,False,False,False,1.36089369038,-0.563161301238,0.61,0.0,America/Bogota,2025-01-15T19:00:00+00:00,2025-01-15,CO,3688465,1010,True,No festivo,False,False,True,18.62,42290.1,39938.53,True,68001,BUCARAMANGA,68,SANTANDER,2024,True,18.0,academic_illustration,True,tarde,True,5.1722222222222225,11.74725,11.09403611111111,7.0,0.0,True,COMPLETE
3,356,2025-01-15T19:00:00-05:00,Bucaramanga,7.1193,-73.1227,20.7,85.0,0.0,4.0,125.38,True,17876,2025,1,15,19,,VALID,False,,False,False,False,False,False,-0.539083460784,1.47205746821,0.85,0.0,America/Bogota,2025-01-16T00:00:00+00:00,2025-01-15,CO,3688465,1010,True,No festivo,False,False,True,18.62,42290.1,39938.53,True,68001,BUCARAMANGA,68,SANTANDER,2024,True,18.0,academic_illustration,True,noche,True,5.1722222222222225,11.74725,11.09403611111111,2.6999999999999993,0.0,True,COMPLETE
3,368,2025-01-16T07:00:00-05:00,Bucaramanga,7.1193,-73.1227,17.8,89.0,0.0,2.9,130.93,True,17888,2025,1,16,7,,VALID,False,,False,False,False,False,False,-1.82046339994,1.97676989763,0.89,0.0,America/Bogota,2025-01-16T12:00:00+00:00,2025-01-16,CO,3688465,1010,True,No festivo,False,False,True,17.43,42303.19,40641.67,True,68001,BUCARAMANGA,68,SANTANDER,2024,True,18.0,academic_illustration,True,manana,True,4.841666666666667,11.750886111111111,11.289352777777777,0.0,0.1999999999999993,True,COMPLETE
3,383,2025-01-16T22:00:00-05:00,Bucaramanga,7.1193,-73.1227,20.4,88.0,0.0,2.2,106.11,True,17903,2025,1,16,22,,VALID,False,,False,False,False,False,False,-0.671640006214,-0.280340462409,0.88,0.0,America/Bogota,2025-01-17T03:00:00+00:00,2025-01-16,CO,3688465,1010,True,No festivo,False,False,True,17.43,42303.19,40641.67,True,68001,BUCARAMANGA,68,SANTANDER,2024,True,18.0,academic_illustration,True,noche,True,4.841666666666667,11.750886111111111,11.289352777777777,2.3999999999999986,0.0,True,COMPLETE
3,425,2025-01-18T16:00:00-05:00,Bucaramanga,7.1193,-73.1227,24.2,63.0,0.0,8.8,114.35,True,17945,2025,1,18,16,,VALID,False,,False,False,False,False,False,1.00740956923,0.468998351722,0.63,0.0,America/Bogota,2025-01-18T21:00:00+00:00,2025-01-18,CO,3688465,1010,True,No festivo,False,True,True,20.54,42330.55,40641.11,True,68001,BUCARAMANGA,68,SANTANDER,2024,True,18.0,academic_illustration,True,tarde,True,5.705555555555555,11.758486111111113,11.289197222222223,6.199999999999999,0.0,False,COMPLETE
3,524,2025-01-22T19:00:00-05:00,Bucaramanga,7.1193,-73.1227,21.4,77.0,0.0,2.0,133.16,True,18044,2025,1,22,19,,VALID,False,,False,False,False,False,False,-0.22978485478,2.17956426116,0.77,0.0,America/Bogota,2025-01-23T00:00:00+00:00,2025-01-22,CO,3688465,1010,True,No festivo,False,False,True,23.14,42389.48,41969.14,True,68001,BUCARAMANGA,68,SANTANDER,2024,True,18.0,academic_illustration,True,noche,True,6.427777777777778,11.774855555555556,11.658094444444444,3.3999999999999986,0.0,True,COMPLETE
3,527,2025-01-22T22:00:00-05:00,Bucaramanga,7.1193,-73.1227,19.5,84.0,0.0,4.0,100.25,True,18047,2025,1,22,22,,VALID,False,,False,False,False,False,False,-1.0693096425,-0.813244036536,0.84,0.0,America/Bogota,2025-01-23T03:00:00+00:00,2025-01-22,CO,3688465,1010,True,No festivo,False,False,True,23.14,42389.48,41969.14,True,68001,BUCARAMANGA,68,SANTANDER,2024,True,18.0,academic_illustration,True,noche,True,6.427777777777778,11.774855555555556,11.658094444444444,1.5,0.0,True,COMPLETE
3,540,2025-01-23T11:00:00-05:00,Bucaramanga,7.1193,-73.1227,25.4,61.0,0.0,5.1,102.7,True,18060,2025,1,23,11,,VALID,False,,False,False,False,False,False,1.53763575096,-0.590443054179,0.61,0.0,America/Bogota,2025-01-23T16:00:00+00:00,2025-01-23,CO,3688465,1010,True,No festivo,False,False,True,20.81,42404.98,41984.85,True,68001,BUCARAMANGA,68,SANTANDER,2024,True,18.0,academic_illustration,True,manana,True,5.780555555555555,11.779161111111112,11.662458333333333,7.399999999999999,0.0,True,COMPLETE
3,604,2025-01-26T03:00:00-05:00,Bucaramanga,7.1193,-73.1227,20.2,83.0,0.0,1.8,99.31,True,18124,2025,1,26,3,,VALID,False,,False,False,False,False,False,-0.7600110365,-0.89872686242,0.83,0.0,America/Bogota,2025-01-26T08:00:00+00:00,2025-01-26,CO,3688465,1010,True,No festivo,False,True,True,18.19,42453.03,39979.27,True,68001,BUCARAMANGA,68,SANTANDER,2024,True,18.0,academic_illustration,True,madrugada,True,5.052777777777778,11.792508333333332,11.105352777777776,2.1999999999999993,0.0,False,COMPLETE
3,610,2025-01-26T09:00:00-05:00,Bucaramanga,7.1193,-73.1227,23.1,76.0,0.0,6.1,122.13,True,18130,2025,1,26,9,,VALID,False,,False,False,False,False,False,0.521368902658,1.17650514468,0.76,0.0,America/Bogota,2025-01-26T14:00:00+00:00,2025-01-26,CO,3688465,1010,True,No festivo,False,True,True,18.19,42453.03,39979.27,True,68001,BUCARAMANGA,68,SANTANDER,2024,True,18.0,academic_illustration,True,manana,True,5.052777777777778,11.792508333333332,11.105352777777776,5.100000000000001,0.0,False,COMPLETE
3,618,2025-01-26T17:00:00-05:00,Bucaramanga,7.1193,-73.1227,23.6,78.0,0.0,7.5,103.51,True,18138,2025,1,26,17,,VALID,False,,False,False,False,False,False,0.742296478374,-0.516782321237,0.78,0.0,America/Bogota,2025-01-26T22:00:00+00:00,2025-01-26,CO,3688465,1010,True,No festivo,False,True,True,18.19,42453.03,39979.27,True,68001,BUCARAMANGA,68,SANTANDER,2024,True,18.0,academic_illustration,True,tarde,True,5.052777777777778,11.792508333333332,11.105352777777776,5.600000000000001,0.0,False,COMPLETE
3,663,2025-01-28T14:00:00-05:00,Bucaramanga,7.1193,-73.1227,25.4,66.0,0.0,8.9,102.64,True,18183,2025,1,28,14,,VALID,False,,False,False,False,False,False,1.53763575096,-0.595899404768,0.66,0.0,America/Bogota,2025-01-28T19:00:00+00:00,2025-01-28,CO,3688465,1010,True,No festivo,False,False,True,17.76,42486.53,40313.17,True,68001,BUCARAMANGA,68,SANTANDER,2024,True,18.0,academic_illustration,True,tarde,True,4.933333333333334,11.801813888888889,11.198102777777777,7.399999999999999,0.0,True,COMPLETE
3,695,2025-01-29T22:00:00-05:00,Bucaramanga,7.1193,-73.1227,20.7,88.0,0.0,6.7,96.82,True,18215,2025,1,29,22,,VALID,False,,False,False,False,False,False,-0.539083460784,-1.12516541184,0.88,0.0,America/Bogota,2025-01-30T03:00:00+00:00,2025-01-29,CO,3688465,1010,True,No festivo,False,False,True,18.36,42503.92,41253.01,True,68001,BUCARAMANGA,68,SANTANDER,2024,True,18.0,academic_illustration,True,noche,True,5.1,11.806644444444444,11.459169444444445,2.6999999999999993,0.0,True,COMPLETE
3,799,2025-02-03T06:00:00-05:00,Bucaramanga,7.1193,-73.1227,19.6,89.0,0.0,2.0,98.69,True,18319,2025,2,3,6,,VALID,False,,False,False,False,False,False,-1.02512412736,-0.955109151833,0.89,0.0,America/Bogota,2025-02-03T11:00:00+00:00,2025-02-03,CO,3688465,1010,True,No festivo,False,False,True,20.32,42596.45,42179.14,True,68001,BUCARAMANGA,68,SANTANDER,2024,True,18.0,academic_illustration,True,manana,True,5.644444444444445,11.832347222222221,11.716427777777778,1.6000000000000014,0.0,True,COMPLETE
3,808,2025-02-03T15:00:00-05:00,Bucaramanga,7.1193,-73.1227,25.5,73.0,0.1,9.4,104.72,True,18328,2025,2,3,15,,VALID,False,,False,False,False,False,False,1.5818212661,-0.406745917705,0.73,0.0953101798043,America/Bogota,2025-02-03T20:00:00+00:00,2025-02-03,CO,3688465,1010,True,No festivo,False,False,True,20.32,42596.45,42179.14,True,68001,BUCARAMANGA,68,SANTANDER,2024,True,18.0,academic_illustration,True,tarde,True,5.644444444444445,11.832347222222221,11.716427777777778,7.5,0.0,True,COMPLETE
3,826,2025-02-04T09:00:00-05:00,Bucaramanga,7.1193,-73.1227,22.8,83.0,0.0,2.9,108.37,True,18346,2025,2,4,9,,VALID,False,,False,False,False,False,False,0.388812357227,-0.0748179235819,0.83,0.0,America/Bogota,2025-02-04T14:00:00+00:00,2025-02-04,CO,3688465,1010,True,No festivo,False,False,True,20.22,42615.89,42041.64,True,68001,BUCARAMANGA,68,SANTANDER,2024,True,18.0,academic_illustration,True,manana,True,5.616666666666666,11.837747222222221,11.678233333333333,4.800000000000001,0.0,True,COMPLETE
3,835,2025-02-04T18:00:00-05:00,Bucaramanga,7.1193,-73.1227,22.0,90.0,3.4,6.6,129.07,True,18355,2025,2,4,18,,VALID,True,precipitation_mm,False,False,True,False,False,0.0353282360804,1.80762302939,0.9,1.48160454092,America/Bogota,2025-02-04T23:00:00+00:00,2025-02-04,CO,3688465,1010,True,No festivo,False,False,True,20.22,42615.89,42041.64,True,68001,BUCARAMANGA,68,SANTANDER,2024,True,18.0,academic_illustration,True,noche,True,5.616666666666666,11.837747222222221,11.678233333333333,4.0,0.0,True,COMPLETE
3,900,2025-02-07T11:00:00-05:00,Bucaramanga,7.1193,-73.1227,25.9,70.0,0.2,6.5,105.3,True,18420,2025,2,7,11,,VALID,False,,False,False,False,False,False,1.75856332667,-0.354001195352,0.7,0.182321556794,America/Bogota,2025-02-07T16:00:00+00:00,2025-02-07,CO,3688465,1010,True,No festivo,False,False,True,19.56,42675.73,42259.67,True,68001,BUCARAMANGA,68,SANTANDER,2024,True,18.0,academic_illustration,True,manana,True,5.433333333333333,11.854369444444446,11.738797222222221,7.899999999999999,0.0,True,COMPLETE
3,903,2025-02-07T14:00:00-05:00,Bucaramanga,7.1193,-73.1227,25.9,66.0,0.5,10.5,106.65,True,18423,2025,2,7,14,,VALID,False,,False,False,False,False,False,1.75856332667,-0.231233307114,0.66,0.405465108108,America/Bogota,2025-02-07T19:00:00+00:00,2025-02-07,CO,3688465,1010,True,No festivo,False,False,True,19.56,42675.73,42259.67,True,68001,BUCARAMANGA,68,SANTANDER,2024,True,18.0,academic_illustration,True,tarde,True,5.433333333333333,11.854369444444446,11.738797222222221,7.899999999999999,0.0,True,COMPLETE
3,944,2025-02-09T07:00:00-05:00,Bucaramanga,7.1193,-73.1227,20.0,90.0,0.2,0.2,122.71,True,18464,2025,2,9,7,,VALID,False,,False,False,False,False,False,-0.848382066787,1.22924986703,0.9,0.182321556794,America/Bogota,2025-02-09T12:00:00+00:00,2025-02-09,CO,3688465,1010,True,No festivo,False,True,True,13.8,42716.63,28938.59,True,68001,BUCARAMANGA,68,SANTANDER,2024,True,18.0,academic_illustration,True,manana,True,3.8333333333333335,11.865730555555555,8.038497222222222,2.0,0.0,False,COMPLETE
3,956,2025-02-09T19:00:00-05:00,Bucaramanga,7.1193,-73.1227,21.1,90.0,0.0,1.1,124.03,True,18476,2025,2,9,19,,VALID,False,,False,False,False,False,False,-0.36234140021,1.34928957997,0.9,0.0,America/Bogota,2025-02-10T00:00:00+00:00,2025-02-09,CO,3688465,1010,True,No festivo,False,True,True,13.8,42716.63,28938.59,True,68001,BUCARAMANGA,68,SANTANDER,2024,True,18.0,academic_illustration,True,noche,True,3.8333333333333335,11.865730555555555,8.038497222222222,3.1000000000000014,0.0,False,COMPLETE
3,966,2025-02-10T05:00:00-05:00,Bucaramanga,7.1193,-73.1227,19.3,93.0,0.0,1.3,102.56,True,18486,2025,2,10,5,,VALID,False,,False,False,False,False,False,-1.15768067279,-0.603174538885,0.93,0.0,America/Bogota,2025-02-10T10:00:00+00:00,2025-02-10,CO,3688465,1010,True,No festivo,False,False,True,15.99,42737.31,38976.18,True,68001,BUCARAMANGA,68,SANTANDER,2024,True,18.0,academic_illustration,True,madrugada,True,4.441666666666666,11.871475,10.826716666666666,1.3000000000000007,0.0,True,COMPLETE
3,1009,2025-02-12T00:00:00-05:00,Bucaramanga,7.1193,-73.1227,20.0,93.0,0.4,7.4,105.55,True,18529,2025,2,12,0,,VALID,False,,False,False,False,False,False,-0.848382066787,-0.331266401234,0.93,0.336472236621,America/Bogota,2025-02-12T05:00:00+00:00,2025-02-12,CO,3688465,1010,True,No festivo,False,False,True,19.58,42779.08,42286.73,True,68001,BUCARAMANGA,68,SANTANDER,2024,True,18.0,academic_illustration,True,madrugada,True,5.438888888888888,11.883077777777778,11.74631388888889,2.0,0.0,True,COMPLETE
3,1020,2025-02-12T11:00:00-05:00,Bucaramanga,7.1193,-73.1227,25.0,75.0,0.1,4.2,104.36,True,18540,2025,2,12,11,,VALID,False,,False,False,False,False,False,1.36089369038,-0.439484021235,0.75,0.0953101798043,America/Bogota,2025-02-12T16:00:00+00:00,2025-02-12,CO,3688465,1010,True,No festivo,False,False,True,19.58,42779.08,42286.73,True,68001,BUCARAMANGA,68,SANTANDER,2024,True,18.0,academic_illustration,True,manana,True,5.438888888888888,11.883077777777778,11.74631388888889,7.0,0.0,True,COMPLETE
3,1044,2025-02-13T11:00:00-05:00,Bucaramanga,7.1193,-73.1227,25.2,73.0,0.1,4.2,103.49,True,18564,2025,2,13,11,,VALID,False,,False,False,False,False,False,1.44926472067,-0.518601104766,0.73,0.0953101798043,America/Bogota,2025-02-13T16:00:00+00:00,2025-02-13,CO,3688465,1010,True,No festivo,False,False,True,16.87,42800.11,41081.86,True,68001,BUCARAMANGA,68,SANTANDER,2024,True,18.0,academic_illustration,True,manana,True,4.686111111111111,11.888919444444445,11.411627777777777,7.199999999999999,0.0,True,COMPLETE
3,1055,2025-02-13T22:00:00-05:00,Bucaramanga,7.1193,-73.1227,20.7,87.0,0.1,7.5,107.98,True,18575,2025,2,13,22,,VALID,False,,False,False,False,False,False,-0.539083460784,-0.110284202406,0.87,0.0953101798043,America/Bogota,2025-02-14T03:00:00+00:00,2025-02-13,CO,3688465,1010,True,No festivo,False,False,True,16.87,42800.11,41081.86,True,68001,BUCARAMANGA,68,SANTANDER,2024,True,18.0,academic_illustration,True,noche,True,4.686111111111111,11.888919444444445,11.411627777777777,2.6999999999999993,0.0,True,COMPLETE
3,1099,2025-02-15T18:00:00-05:00,Bucaramanga,7.1193,-73.1227,21.9,89.0,0.0,1.6,112.04,True,18619,2025,2,15,18,,VALID,False,,False,False,False,False,False,-0.00885727906299,0.258928854071,0.89,0.0,America/Bogota,2025-02-15T23:00:00+00:00,2025-02-15,CO,3688465,1010,True,No festivo,False,True,True,16.03,42842.36,41775.26,True,68001,BUCARAMANGA,68,SANTANDER,2024,True,18.0,academic_illustration,True,noche,True,4.452777777777778,11.900655555555556,11.60423888888889,3.8999999999999986,0.0,False,COMPLETE
3,1106,2025-02-16T01:00:00-05:00,Bucaramanga,7.1193,-73.1227,19.0,98.0,2.1,7.0,103.36,True,18626,2025,2,16,1,,VALID,True,precipitation_mm,False,False,True,False,False,-1.29023721822,-0.530423197708,0.98,1.13140211149,America/Bogota,2025-02-16T06:00:00+00:00,2025-02-16,CO,3688465,1010,True,No festivo,False,True,True,17.44,42863.61,41763.68,True,68001,BUCARAMANGA,68,SANTANDER,2024,True,18.0,academic_illustration,True,madrugada,True,4.844444444444445,11.906558333333333,11.601022222222221,1.0,0.0,False,COMPLETE
3,1107,2025-02-16T02:00:00-05:00,Bucaramanga,7.1193,-73.1227,18.9,98.0,6.8,3.2,113.47,True,18627,2025,2,16,2,,VALID,True,precipitation_mm,False,False,True,False,False,-1.33442273336,0.388971876426,0.98,2.0541237337,America/Bogota,2025-02-16T07:00:00+00:00,2025-02-16,CO,3688465,1010,True,No festivo,False,True,True,17.44,42863.61,41763.68,True,68001,BUCARAMANGA,68,SANTANDER,2024,True,18.0,academic_illustration,True,madrugada,True,4.844444444444445,11.906558333333333,11.601022222222221,0.8999999999999986,0.0,False,COMPLETE
3,1226,2025-02-21T01:00:00-05:00,Bucaramanga,7.1193,-73.1227,19.8,93.0,0.0,5.9,109.86,True,18746,2025,2,21,1,,VALID,False,,False,False,False,False,False,-0.936753097074,0.0606814493617,0.93,0.0,America/Bogota,2025-02-21T06:00:00+00:00,2025-02-21,CO,3688465,1010,True,No festivo,False,False,True,15.81,42973.74,40518.44,True,68001,BUCARAMANGA,68,SANTANDER,2024,True,18.0,academic_illustration,True,madrugada,True,4.391666666666667,11.937149999999999,11.255122222222223,1.8000000000000007,0.0,True,COMPLETE
3,1289,2025-02-23T16:00:00-05:00,Bucaramanga,7.1193,-73.1227,24.9,76.0,0.1,6.2,105.3,True,18809,2025,2,23,16,,VALID,False,,False,False,False,False,False,1.31670817524,-0.354001195352,0.76,0.0953101798043,America/Bogota,2025-02-23T21:00:00+00:00,2025-02-23,CO,3688465,1010,True,No festivo,False,True,True,17.5,43019.24,40493.1,True,68001,BUCARAMANGA,68,SANTANDER,2024,True,18.0,academic_illustration,True,tarde,True,4.861111111111111,11.949788888888888,11.248083333333334,6.899999999999999,0.0,False,COMPLETE
3,1347,2025-02-26T02:00:00-05:00,Bucaramanga,7.1193,-73.1227,19.9,90.0,2.4,2.6,101.52,True,18867,2025,2,26,2,,VALID,True,precipitation_mm,False,False,True,False,False,-0.892567581931,-0.697751282416,0.9,1.22377543162,America/Bogota,2025-02-26T07:00:00+00:00,2025-02-26,CO,3688465,1010,True,No festivo,False,False,True,15.93,43088.56,37548.18,True,68001,BUCARAMANGA,68,SANTANDER,2024,True,18.0,academic_illustration,True,madrugada,True,4.425,11.969044444444444,10.43005,1.8999999999999986,0.0,True,COMPLETE
3,1384,2025-02-27T15:00:00-05:00,Bucaramanga,7.1193,-73.1227,25.2,78.0,0.1,6.8,104.43,True,18904,2025,2,27,15,,VALID,False,,False,False,False,False,False,1.44926472067,-0.433118278882,0.78,0.0953101798043,America/Bogota,2025-02-27T20:00:00+00:00,2025-02-27,CO,3688465,1010,True,No festivo,False,False,True,18.01,43111.88,40674.09,True,68001,BUCARAMANGA,68,SANTANDER,2024,True,18.0,academic_illustration,True,tarde,True,5.002777777777778,11.97552222222222,11.298358333333333,7.199999999999999,0.0,True,COMPLETE
3,1498,2025-03-04T09:00:00-05:00,Bucaramanga,7.1193,-73.1227,22.4,86.0,0.1,2.1,117.11,True,19018,2025,3,4,9,,VALID,False,,False,False,False,False,False,0.212070296654,0.719990478785,0.86,0.0953101798043,America/Bogota,2025-03-04T14:00:00+00:00,2025-03-04,CO,3688465,1010,True,No festivo,False,False,True,14.49,43229.19,25687.27,True,68001,BUCARAMANGA,68,SANTANDER,2024,True,18.0,academic_illustration,True,manana,True,4.025,12.008108333333334,7.135352777777778,4.399999999999999,0.0,True,COMPLETE
3,1518,2025-03-05T05:00:00-05:00,Bucaramanga,7.1193,-73.1227,19.8,91.0,0.2,2.9,99.41,True,19038,2025,3,5,5,,VALID,False,,False,False,False,False,False,-0.936753097074,-0.889632944773,0.91,0.182321556794,America/Bogota,2025-03-05T10:00:00+00:00,2025-03-05,CO,3688465,1010,True,No festivo,False,False,True,16.98,43252.67,38156.31,True,68001,BUCARAMANGA,68,SANTANDER,2024,True,18.0,academic_illustration,True,madrugada,True,4.716666666666667,12.014630555555556,10.598975,1.8000000000000007,0.0,True,COMPLETE
3,1582,2025-03-07T21:00:00-05:00,Bucaramanga,7.1193,-73.1227,20.4,96.0,0.1,1.9,127.0,True,19102,2025,3,7,21,,VALID,False,,False,False,False,False,False,-0.671640006214,1.6193789341,0.96,0.0953101798043,America/Bogota,2025-03-08T02:00:00+00:00,2025-03-07,CO,3688465,1010,True,No festivo,False,False,True,5.31,43299.49,1693.55,True,68001,BUCARAMANGA,68,SANTANDER,2024,True,18.0,academic_illustration,True,noche,True,1.4749999999999999,12.02763611111111,0.4704305555555555,2.3999999999999986,0.0,True,COMPLETE
3,1591,2025-03-08T06:00:00-05:00,Bucaramanga,7.1193,-73.1227,18.6,94.0,0.0,1.5,106.48,True,19111,2025,3,8,6,,VALID,False,,False,False,False,False,False,-1.46697927879,-0.246692967114,0.94,0.0,America/Bogota,2025-03-08T11:00:00+00:00,2025-03-08,CO,3688465,1010,True,No festivo,False,True,True,15.03,43322.87,38011.49,True,68001,BUCARAMANGA,68,SANTANDER,2024,True,18.0,academic_illustration,True,manana,True,4.175,12.034130555555556,10.558747222222221,0.6000000000000014,0.0,False,COMPLETE
3,1667,2025-03-11T10:00:00-05:00,Bucaramanga,7.1193,-73.1227,25.3,70.0,0.0,4.1,112.1,True,19187,2025,3,11,10,,VALID,False,,False,False,False,False,False,1.49345023581,0.264385204659,0.7,0.0,America/Bogota,2025-03-11T15:00:00+00:00,2025-03-11,CO,3688465,1010,True,No festivo,False,False,True,15.22,43393.9,40431.63,True,68001,BUCARAMANGA,68,SANTANDER,2024,True,18.0,academic_illustration,True,manana,True,4.227777777777778,12.053861111111111,11.231008333333333,7.300000000000001,0.0,True,COMPLETE
3,1692,2025-03-12T11:00:00-05:00,Bucaramanga,7.1193,-73.1227,24.8,72.0,0.1,5.6,108.86,True,19212,2025,3,12,11,,VALID,False,,False,False,False,False,False,1.27252266009,-0.0302577271105,0.72,0.0953101798043,America/Bogota,2025-03-12T16:00:00+00:00,2025-03-12,CO,3688465,1010,True,No festivo,False,False,True,17.61,43417.85,41883.44,True,68001,BUCARAMANGA,68,SANTANDER,2024,True,18.0,academic_illustration,True,manana,True,4.891666666666667,12.060513888888888,11.63428888888889,6.800000000000001,0.0,True,COMPLETE
3,1717,2025-03-13T12:00:00-05:00,Bucaramanga,7.1193,-73.1227,26.2,67.0,0.4,8.2,111.5,True,19237,2025,3,13,12,,VALID,False,,False,False,False,False,False,1.8911198721,0.209821698776,0.67,0.336472236621,America/Bogota,2025-03-13T17:00:00+00:00,2025-03-13,CO,3688465,1010,True,No festivo,False,False,True,20.22,43441.89,41628.13,True,68001,BUCARAMANGA,68,SANTANDER,2024,True,18.0,academic_illustration,True,tarde,True,5.616666666666666,12.067191666666666,11.563369444444444,8.2,0.0,True,COMPLETE
3,1767,2025-03-15T14:00:00-05:00,Bucaramanga,7.1193,-73.1227,24.6,72.0,0.1,7.5,103.09,True,19287,2025,3,15,14,,VALID,False,,False,False,False,False,False,1.18415162981,-0.554976775355,0.72,0.0953101798043,America/Bogota,2025-03-15T19:00:00+00:00,2025-03-15,CO,3688465,1010,True,No festivo,False,True,True,14.49,43490.23,25199.39,True,68001,BUCARAMANGA,68,SANTANDER,2024,True,18.0,academic_illustration,True,tarde,True,4.025,12.080619444444446,6.9998305555555556,6.600000000000001,0.0,False,COMPLETE
3,1772,2025-03-15T19:00:00-05:00,Bucaramanga,7.1193,-73.1227,20.4,99.0,1.2,9.0,137.01,True,19292,2025,3,15,19,,VALID,True,precipitation_mm|energy_kwh,False,False,True,False,True,-0.671640006214,2.52968009058,0.99,0.788457360364,America/Bogota,2025-03-16T00:00:00+00:00,2025-03-15,CO,3688465,1010,True,No festivo,False,True,True,14.49,43490.23,25199.39,True,68001,BUCARAMANGA,68,SANTANDER,2024,True,18.0,academic_illustration,True,noche,True,4.025,12.080619444444446,6.9998305555555556,2.3999999999999986,0.0,False,COMPLETE
3,1784,2025-03-16T07:00:00-05:00,Bucaramanga,7.1193,-73.1227,19.8,94.0,0.1,1.5,116.31,True,19304,2025,3,16,7,,VALID,False,,False,False,False,False,False,-0.936753097074,0.647239137607,0.94,0.0953101798043,America/Bogota,2025-03-16T12:00:00+00:00,2025-03-16,CO,3688465,1010,True,No festivo,False,True,True,17.62,43514.48,34044.3,True,68001,BUCARAMANGA,68,SANTANDER,2024,True,18.0,academic_illustration,True,manana,True,4.894444444444445,12.087355555555556,9.456750000000001,1.8000000000000007,0.0,False,COMPLETE
3,1799,2025-03-16T22:00:00-05:00,Bucaramanga,7.1193,-73.1227,21.0,88.0,0.0,5.2,108.8,True,19319,2025,3,16,22,,VALID,False,,False,False,False,False,False,-0.406526915353,-0.0357140776989,0.88,0.0,America/Bogota,2025-03-17T03:00:00+00:00,2025-03-16,CO,3688465,1010,True,No festivo,False,True,True,17.62,43514.48,34044.3,True,68001,BUCARAMANGA,68,SANTANDER,2024,True,18.0,academic_illustration,True,noche,True,4.894444444444445,12.087355555555556,9.456750000000001,3.0,0.0,False,COMPLETE
3,1841,2025-03-18T16:00:00-05:00,Bucaramanga,7.1193,-73.1227,24.7,73.0,0.0,3.0,103.62,True,19361,2025,3,18,16,,VALID,False,,False,False,False,False,False,1.22833714495,-0.506779011825,0.73,0.0,America/Bogota,2025-03-18T21:00:00+00:00,2025-03-18,CO,3688465,1010,True,No festivo,False,False,True,13.38,43563.1,29364.29,True,68001,BUCARAMANGA,68,SANTANDER,2024,True,18.0,academic_illustration,True,tarde,True,3.716666666666667,12.100861111111112,8.156747222222222,6.699999999999999,0.0,True,COMPLETE
3,1940,2025-03-22T19:00:00-05:00,Bucaramanga,7.1193,-73.1227,22.5,87.0,0.0,3.7,116.32,True,19460,2025,3,22,19,,VALID,False,,False,False,False,False,False,0.256255811797,0.648148529372,0.87,0.0,America/Bogota,2025-03-23T00:00:00+00:00,2025-03-22,CO,3688465,1010,True,No festivo,False,True,True,19.68,43660.26,38846.54,True,68001,BUCARAMANGA,68,SANTANDER,2024,True,18.0,academic_illustration,True,noche,True,5.466666666666667,12.12785,10.790705555555556,4.5,0.0,False,COMPLETE
3,1943,2025-03-22T22:00:00-05:00,Bucaramanga,7.1193,-73.1227,22.8,80.0,0.0,5.7,102.88,True,19463,2025,3,22,22,,VALID,False,,False,False,False,False,False,0.388812357227,-0.574074002414,0.8,0.0,America/Bogota,2025-03-23T03:00:00+00:00,2025-03-22,CO,3688465,1010,True,No festivo,False,True,True,19.68,43660.26,38846.54,True,68001,BUCARAMANGA,68,SANTANDER,2024,True,18.0,academic_illustration,True,noche,True,5.466666666666667,12.12785,10.790705555555556,4.800000000000001,0.0,False,COMPLETE
3,1956,2025-03-23T11:00:00-05:00,Bucaramanga,7.1193,-73.1227,26.5,70.0,0.0,6.0,107.17,True,19476,2025,3,23,11,,VALID,False,,False,False,False,False,False,2.02367641753,-0.183944935349,0.7,0.0,America/Bogota,2025-03-23T16:00:00+00:00,2025-03-23,CO,3688465,1010,True,No festivo,False,True,True,22.14,43684.45,43200.0,True,68001,BUCARAMANGA,68,SANTANDER,2024,True,18.0,academic_illustration,True,manana,True,6.15,12.134569444444443,12.0,8.5,0.0,False,COMPLETE
3,2020,2025-03-26T03:00:00-05:00,Bucaramanga,7.1193,-73.1227,19.6,88.0,0.0,2.5,104.91,True,19540,2025,3,26,3,,VALID,False,,False,False,False,False,False,-1.02512412736,-0.389467474176,0.88,0.0,America/Bogota,2025-03-26T08:00:00+00:00,2025-03-26,CO,3688465,1010,True,No festivo,False,False,True,21.81,43756.48,43183.51,True,68001,BUCARAMANGA,68,SANTANDER,2024,True,18.0,academic_illustration,True,madrugada,True,6.058333333333333,12.154577777777778,11.995419444444446,1.6000000000000014,0.0,True,COMPLETE
3,2026,2025-03-26T09:00:00-05:00,Bucaramanga,7.1193,-73.1227,23.2,84.0,0.1,3.7,125.73,True,19546,2025,3,26,9,,VALID,False,,False,False,False,False,False,0.565554417801,1.50388617998,0.84,0.0953101798043,America/Bogota,2025-03-26T14:00:00+00:00,2025-03-26,CO,3688465,1010,True,No festivo,False,False,True,21.81,43756.48,43183.51,True,68001,BUCARAMANGA,68,SANTANDER,2024,True,18.0,academic_illustration,True,manana,True,6.058333333333333,12.154577777777778,11.995419444444446,5.199999999999999,0.0,True,COMPLETE
3,2034,2025-03-26T17:00:00-05:00,Bucaramanga,7.1193,-73.1227,22.6,90.0,0.0,8.9,103.5,True,19554,2025,3,26,17,,VALID,False,,False,False,False,False,False,0.300441326941,-0.517691713002,0.9,0.0,America/Bogota,2025-03-26T22:00:00+00:00,2025-03-26,CO,3688465,1010,True,No festivo,False,False,True,21.81,43756.48,43183.51,True,68001,BUCARAMANGA,68,SANTANDER,2024,True,18.0,academic_illustration,True,tarde,True,6.058333333333333,12.154577777777778,11.995419444444446,4.600000000000001,0.0,True,COMPLETE
3,2079,2025-03-28T14:00:00-05:00,Bucaramanga,7.1193,-73.1227,23.8,82.0,0.2,7.8,102.65,True,19599,2025,3,28,14,,VALID,False,,False,False,False,False,False,0.830667508661,-0.594990013003,0.82,0.182321556794,America/Bogota,2025-03-28T19:00:00+00:00,2025-03-28,CO,3688465,1010,True,No festivo,False,False,True,15.61,43803.94,26831.49,True,68001,BUCARAMANGA,68,SANTANDER,2024,True,18.0,academic_illustration,True,tarde,True,4.336111111111111,12.167761111111112,7.453191666666667,5.800000000000001,0.0,True,COMPLETE
3,2111,2025-03-29T22:00:00-05:00,Bucaramanga,7.1193,-73.1227,21.9,82.0,0.0,1.7,94.83,True,19631,2025,3,29,22,,VALID,False,,False,False,False,False,False,-0.00885727906299,-1.30613437302,0.82,0.0,America/Bogota,2025-03-30T03:00:00+00:00,2025-03-29,CO,3688465,1010,True,No festivo,False,True,True,11.65,43827.71,26664.94,True,68001,BUCARAMANGA,68,SANTANDER,2024,True,18.0,academic_illustration,True,noche,True,3.236111111111111,12.17436388888889,7.406927777777778,3.8999999999999986,0.0,False,COMPLETE
3,2200,2025-04-02T15:00:00-05:00,Bucaramanga,7.1193,-73.1227,23.6,85.0,0.3,8.5,95.36,True,19720,2025,4,2,15,,VALID,False,,False,False,False,False,False,0.742296478374,-1.25793660949,0.85,0.262364264467,America/Bogota,2025-04-02T20:00:00+00:00,2025-04-02,CO,3688465,1010,True,No festivo,False,False,True,16.52,43923.28,34033.75,True,68001,BUCARAMANGA,68,SANTANDER,2024,True,18.0,academic_illustration,True,tarde,True,4.588888888888889,12.200911111111111,9.453819444444445,5.600000000000001,0.0,True,COMPLETE
3,2215,2025-04-03T06:00:00-05:00,Bucaramanga,7.1193,-73.1227,20.3,88.0,0.0,4.6,95.81,True,19735,2025,4,3,6,,VALID,False,,False,False,False,False,False,-0.715825521357,-1.21701398007,0.88,0.0,America/Bogota,2025-04-03T11:00:00+00:00,2025-04-03,CO,3688465,1010,True,No festivo,False,False,True,18.72,43947.23,33419.77,True,68001,BUCARAMANGA,68,SANTANDER,2024,True,18.0,academic_illustration,True,manana,True,5.199999999999999,12.20756388888889,9.283269444444443,2.3000000000000007,0.0,True,COMPLETE
3,2224,2025-04-03T15:00:00-05:00,Bucaramanga,7.1193,-73.1227,23.4,89.0,0.8,8.0,111.92,True,19744,2025,4,3,15,,VALID,True,precipitation_mm,False,False,True,False,False,0.653925448088,0.248016152894,0.89,0.587786664902,America/Bogota,2025-04-03T20:00:00+00:00,2025-04-03,CO,3688465,1010,True,No festivo,False,False,True,18.72,43947.23,33419.77,True,68001,BUCARAMANGA,68,SANTANDER,2024,True,18.0,academic_illustration,True,tarde,True,5.199999999999999,12.20756388888889,9.283269444444443,5.399999999999999,0.0,True,COMPLETE
3,2226,2025-04-03T17:00:00-05:00,Bucaramanga,7.1193,-73.1227,22.0,87.0,1.6,5.1,106.06,True,19746,2025,4,3,17,,VALID,True,precipitation_mm,False,False,True,False,False,0.0353282360804,-0.284887421233,0.87,0.955511445027,America/Bogota,2025-04-03T22:00:00+00:00,2025-04-03,CO,3688465,1010,True,No festivo,False,False,True,18.72,43947.23,33419.77,True,68001,BUCARAMANGA,68,SANTANDER,2024,True,18.0,academic_illustration,True,tarde,True,5.199999999999999,12.20756388888889,9.283269444444443,4.0,0.0,True,COMPLETE
3,2247,2025-04-04T14:00:00-05:00,Bucaramanga,7.1193,-73.1227,24.2,81.0,0.5,8.1,101.53,True,19767,2025,4,4,14,,VALID,False,,False,False,False,False,False,1.00740956923,-0.696841890652,0.81,0.405465108108,America/Bogota,2025-04-04T19:00:00+00:00,2025-04-04,CO,3688465,1010,True,No festivo,False,False,True,9.09,43971.16,5497.01,True,68001,BUCARAMANGA,68,SANTANDER,2024,True,18.0,academic_illustration,True,tarde,True,2.525,12.214211111111112,1.5269472222222222,6.199999999999999,0.0,True,COMPLETE
3,2262,2025-04-05T05:00:00-05:00,Bucaramanga,7.1193,-73.1227,19.2,86.0,0.0,0.4,110.41,True,19782,2025,4,5,5,,VALID,False,,False,False,False,False,False,-1.20186618793,0.110697996421,0.86,0.0,America/Bogota,2025-04-05T10:00:00+00:00,2025-04-05,CO,3688465,1010,True,No festivo,False,True,True,17.37,43995.07,39863.72,True,68001,BUCARAMANGA,68,SANTANDER,2024,True,18.0,academic_illustration,True,madrugada,True,4.825,12.220852777777777,11.073255555555557,1.1999999999999993,0.0,False,COMPLETE
3,2306,2025-04-07T01:00:00-05:00,Bucaramanga,7.1193,-73.1227,21.2,87.0,0.1,3.7,96.5,True,19826,2025,4,7,1,,VALID,False,,False,False,False,False,False,-0.318155885067,-1.15426594831,0.87,0.0953101798043,America/Bogota,2025-04-07T06:00:00+00:00,2025-04-07,CO,3688465,1010,True,No festivo,False,False,True,19.25,44042.73,36834.35,True,68001,BUCARAMANGA,68,SANTANDER,2024,True,18.0,academic_illustration,True,madrugada,True,5.347222222222222,12.234091666666668,10.231763888888889,3.1999999999999993,0.0,True,COMPLETE
3,2359,2025-04-09T06:00:00-05:00,Bucaramanga,7.1193,-73.1227,20.2,86.0,0.0,2.6,99.8,True,19879,2025,4,9,6,,VALID,False,,False,False,False,False,False,-0.7600110365,-0.854166665949,0.86,0.0,America/Bogota,2025-04-09T11:00:00+00:00,2025-04-09,CO,3688465,1010,True,No festivo,False,False,True,14.91,44090.1,29354.99,True,68001,BUCARAMANGA,68,SANTANDER,2024,True,18.0,academic_illustration,True,manana,True,4.141666666666667,12.24725,8.15416388888889,2.1999999999999993,0.0,True,COMPLETE
3,2374,2025-04-09T21:00:00-05:00,Bucaramanga,7.1193,-73.1227,20.9,100.0,1.7,5.6,126.19,True,19894,2025,4,9,21,,VALID,True,precipitation_mm,False,False,True,False,False,-0.450712430497,1.54571820115,1.0,0.99325177301,America/Bogota,2025-04-10T02:00:00+00:00,2025-04-09,CO,3688465,1010,True,No festivo,False,False,True,14.91,44090.1,29354.99,True,68001,BUCARAMANGA,68,SANTANDER,2024,True,18.0,academic_illustration,True,noche,True,4.141666666666667,12.24725,8.15416388888889,2.8999999999999986,0.0,True,COMPLETE
3,2420,2025-04-11T19:00:00-05:00,Bucaramanga,7.1193,-73.1227,20.6,95.0,0.4,3.8,125.34,True,19940,2025,4,11,19,,VALID,False,,False,False,False,False,False,-0.583268975927,1.46841990115,0.95,0.336472236621,America/Bogota,2025-04-12T00:00:00+00:00,2025-04-11,CO,3688465,1010,True,No festivo,False,False,True,8.23,44137.02,4821.94,True,68001,BUCARAMANGA,68,SANTANDER,2024,True,18.0,academic_illustration,True,noche,True,2.286111111111111,12.260283333333332,1.3394277777777777,2.6000000000000014,0.0,True,COMPLETE
3,2451,2025-04-13T02:00:00-05:00,Bucaramanga,7.1193,-73.1227,18.2,94.0,0.0,3.8,107.24,True,19971,2025,4,13,2,,VALID,False,,False,False,False,False,False,-1.64372133937,-0.177579192995,0.94,0.0,America/Bogota,2025-04-13T07:00:00+00:00,2025-04-13,CO,3688465,1010,True,No festivo,False,True,True,19.27,44183.36,41931.8,True,68001,BUCARAMANGA,68,SANTANDER,2024,True,18.0,academic_illustration,True,madrugada,True,5.352777777777778,12.273155555555556,11.647722222222223,0.1999999999999993,0.0,False,COMPLETE
3,2453,2025-04-13T04:00:00-05:00,Bucaramanga,7.1193,-73.1227,17.4,91.0,0.0,5.7,108.89,True,19973,2025,4,13,4,,VALID,False,,False,False,False,False,False,-1.99720546051,-0.0275295518164,0.91,0.0,America/Bogota,2025-04-13T09:00:00+00:00,2025-04-13,CO,3688465,1010,True,No festivo,False,True,True,19.27,44183.36,41931.8,True,68001,BUCARAMANGA,68,SANTANDER,2024,True,18.0,academic_illustration,True,madrugada,True,5.352777777777778,12.273155555555556,11.647722222222223,0.0,0.6000000000000014,False,COMPLETE
3,2489,2025-04-14T16:00:00-05:00,Bucaramanga,7.1193,-73.1227,25.6,68.0,0.0,6.5,104.93,True,20009,2025,4,14,16,,VALID,False,,False,False,False,False,False,1.62600678124,-0.387648690646,0.68,0.0,America/Bogota,2025-04-14T21:00:00+00:00,2025-04-14,CO,3688465,1010,True,No festivo,False,False,True,21.11,44206.27,40732.62,True,68001,BUCARAMANGA,68,SANTANDER,2024,True,18.0,academic_illustration,True,tarde,True,5.863888888888889,12.279519444444444,11.314616666666668,7.600000000000001,0.0,True,COMPLETE
3,2501,2025-04-15T04:00:00-05:00,Bucaramanga,7.1193,-73.1227,18.4,81.0,0.0,6.3,110.17,True,20021,2025,4,15,4,,VALID,False,,False,False,False,False,False,-1.55535030908,0.0888725940681,0.81,0.0,America/Bogota,2025-04-15T09:00:00+00:00,2025-04-15,CO,3688465,1010,True,No festivo,False,False,True,22.78,44228.98,43081.71,True,68001,BUCARAMANGA,68,SANTANDER,2024,True,18.0,academic_illustration,True,madrugada,True,6.3277777777777775,12.28582777777778,11.967141666666667,0.3999999999999986,0.0,True,COMPLETE
3,2551,2025-04-17T06:00:00-05:00,Bucaramanga,7.1193,-73.1227,20.3,89.0,0.0,3.5,97.48,True,20071,2025,4,17,6,,VALID,False,,False,False,False,False,False,-0.715825521357,-1.06514555536,0.89,0.0,America/Bogota,2025-04-17T11:00:00+00:00,2025-04-17,CO,3688465,1010,True,Jueves Santo,True,False,True,17.96,44273.78,32022.28,True,68001,BUCARAMANGA,68,SANTANDER,2024,True,18.0,academic_illustration,True,manana,True,4.988888888888889,12.298272222222222,8.895077777777777,2.3000000000000007,0.0,False,COMPLETE
3,2591,2025-04-18T22:00:00-05:00,Bucaramanga,7.1193,-73.1227,21.3,92.0,8.5,10.8,114.56,True,20111,2025,4,18,22,,VALID,True,precipitation_mm,False,False,True,False,False,-0.273970369923,0.488095578781,0.92,2.25129179861,America/Bogota,2025-04-19T03:00:00+00:00,2025-04-18,CO,3688465,1010,True,Viernes Santo,True,False,True,15.82,44296.07,31135.93,True,68001,BUCARAMANGA,68,SANTANDER,2024,True,18.0,academic_illustration,True,noche,True,4.394444444444445,12.304463888888888,8.648869444444445,3.3000000000000007,0.0,False,COMPLETE
3,2609,2025-04-19T16:00:00-05:00,Bucaramanga,7.1193,-73.1227,23.6,89.0,6.4,8.2,114.19,True,20129,2025,4,19,16,,VALID,True,precipitation_mm,False,False,True,False,False,0.742296478374,0.454448083486,0.89,2.00148000021,America/Bogota,2025-04-19T21:00:00+00:00,2025-04-19,CO,3688465,1010,True,No festivo,False,True,True,13.42,44318.32,19545.69,True,68001,BUCARAMANGA,68,SANTANDER,2024,True,18.0,academic_illustration,True,tarde,True,3.727777777777778,12.310644444444444,5.429358333333333,5.600000000000001,0.0,False,COMPLETE
3,2614,2025-04-19T21:00:00-05:00,Bucaramanga,7.1193,-73.1227,21.8,93.0,0.3,8.2,129.8,True,20134,2025,4,19,21,,VALID,False,,False,False,False,False,False,-0.0530427942064,1.87400862822,0.93,0.262364264467,America/Bogota,2025-04-20T02:00:00+00:00,2025-04-19,CO,3688465,1010,True,No festivo,False,True,True,13.42,44318.32,19545.69,True,68001,BUCARAMANGA,68,SANTANDER,2024,True,18.0,academic_illustration,True,noche,True,3.727777777777778,12.310644444444444,5.429358333333333,3.8000000000000007,0.0,False,COMPLETE
3,2788,2025-04-27T03:00:00-05:00,Bucaramanga,7.1193,-73.1227,19.7,91.0,1.0,1.1,105.28,True,20308,2025,4,27,3,,VALID,True,precipitation_mm,False,False,True,False,False,-0.980938612217,-0.355819978881,0.91,0.69314718056,America/Bogota,2025-04-27T08:00:00+00:00,2025-04-27,CO,3688465,1010,True,No festivo,False,True,True,14.93,44493.14,39545.64,True,68001,BUCARAMANGA,68,SANTANDER,2024,True,18.0,academic_illustration,True,madrugada,True,4.147222222222222,12.359205555555555,10.9849,1.6999999999999993,0.0,False,COMPLETE
3,2867,2025-04-30T10:00:00-05:00,Bucaramanga,7.1193,-73.1227,25.2,71.0,0.0,4.2,106.58,True,20387,2025,4,30,10,,VALID,False,,False,False,False,False,False,1.44926472067,-0.237599049467,0.71,0.0,America/Bogota,2025-04-30T15:00:00+00:00,2025-04-30,CO,3688465,1010,True,No festivo,False,False,True,8.08,44556.03,8692.18,True,68001,BUCARAMANGA,68,SANTANDER,2024,True,18.0,academic_illustration,True,manana,True,2.2444444444444445,12.376675,2.4144944444444447,7.199999999999999,0.0,True,COMPLETE
3,2962,2025-05-04T09:00:00-05:00,Bucaramanga,7.1193,-73.1227,23.8,76.0,0.0,1.0,116.98,True,20482,2025,5,4,9,,VALID,False,,False,False,False,False,False,0.830667508661,0.708168385844,0.76,0.0,America/Bogota,2025-05-04T14:00:00+00:00,2025-05-04,CO,3688465,1010,True,No festivo,False,True,True,16.14,44636.32,40070.59,True,68001,BUCARAMANGA,68,SANTANDER,2024,True,18.0,academic_illustration,True,manana,True,4.483333333333333,12.398977777777779,11.130719444444443,5.800000000000001,0.0,False,COMPLETE
3,2982,2025-05-05T05:00:00-05:00,Bucaramanga,7.1193,-73.1227,19.3,96.0,0.1,3.5,102.33,True,20502,2025,5,5,5,,VALID,False,,False,False,False,False,False,-1.15768067279,-0.624090549474,0.96,0.0953101798043,America/Bogota,2025-05-05T10:00:00+00:00,2025-05-05,CO,3688465,1010,True,No festivo,False,False,True,8.26,44655.61,4297.24,True,68001,BUCARAMANGA,68,SANTANDER,2024,True,18.0,academic_illustration,True,madrugada,True,2.2944444444444443,12.404336111111112,1.1936777777777776,1.3000000000000007,0.0,True,COMPLETE
3,3046,2025-05-07T21:00:00-05:00,Bucaramanga,7.1193,-73.1227,20.9,100.0,0.0,2.7,126.49,True,20566,2025,5,7,21,,VALID,False,,False,False,False,False,False,-0.450712430497,1.57299995409,1.0,0.0,America/Bogota,2025-05-08T02:00:00+00:00,2025-05-07,CO,3688465,1010,True,No festivo,False,False,True,11.94,44693.17,17619.2,True,68001,BUCARAMANGA,68,SANTANDER,2024,True,18.0,academic_illustration,True,noche,True,3.3166666666666664,12.414769444444444,4.894222222222222,2.8999999999999986,0.0,True,COMPLETE
3,3055,2025-05-08T06:00:00-05:00,Bucaramanga,7.1193,-73.1227,20.3,83.0,0.0,2.4,105.14,True,20575,2025,5,8,6,,VALID,False,,False,False,False,False,False,-0.715825521357,-0.368551463587,0.83,0.0,America/Bogota,2025-05-08T11:00:00+00:00,2025-05-08,CO,3688465,1010,True,No festivo,False,False,True,13.98,44711.62,26510.59,True,68001,BUCARAMANGA,68,SANTANDER,2024,True,18.0,academic_illustration,True,manana,True,3.8833333333333333,12.419894444444445,7.364052777777778,2.3000000000000007,0.0,True,COMPLETE
3,3131,2025-05-11T10:00:00-05:00,Bucaramanga,7.1193,-73.1227,26.4,61.0,0.0,3.3,101.02,True,20651,2025,5,11,10,,VALID,False,,False,False,False,False,False,1.97949090239,-0.743220870653,0.61,0.0,America/Bogota,2025-05-11T15:00:00+00:00,2025-05-11,CO,3688465,1010,True,No festivo,False,True,True,15.57,44765.77,36117.87,True,68001,BUCARAMANGA,68,SANTANDER,2024,True,18.0,academic_illustration,True,manana,True,4.325,12.43493611111111,10.032741666666668,8.399999999999999,0.0,False,COMPLETE
3,3156,2025-05-12T11:00:00-05:00,Bucaramanga,7.1193,-73.1227,26.2,61.0,0.0,5.8,113.46,True,20676,2025,5,12,11,,VALID,False,,False,False,False,False,False,1.8911198721,0.388062484662,0.61,0.0,America/Bogota,2025-05-12T16:00:00+00:00,2025-05-12,CO,3688465,1010,True,No festivo,False,False,True,16.11,44783.36,30398.68,True,68001,BUCARAMANGA,68,SANTANDER,2024,True,18.0,academic_illustration,True,manana,True,4.475,12.439822222222222,8.444077777777778,8.2,0.0,True,COMPLETE
3,3181,2025-05-13T12:00:00-05:00,Bucaramanga,7.1193,-73.1227,26.0,70.0,0.9,5.9,96.97,True,20701,2025,5,13,12,,VALID,True,precipitation_mm,False,False,True,False,False,1.80274884182,-1.11152453537,0.7,0.641853886172,America/Bogota,2025-05-13T17:00:00+00:00,2025-05-13,CO,3688465,1010,True,No festivo,False,False,True,16.72,44800.7,28098.79,True,68001,BUCARAMANGA,68,SANTANDER,2024,True,18.0,academic_illustration,True,tarde,True,4.644444444444444,12.444638888888887,7.805219444444445,8.0,0.0,True,COMPLETE
3,3231,2025-05-15T14:00:00-05:00,Bucaramanga,7.1193,-73.1227,24.3,75.0,0.1,6.6,107.27,True,20751,2025,5,15,14,,VALID,False,,False,False,False,False,False,1.05159508438,-0.174851017701,0.75,0.0953101798043,America/Bogota,2025-05-15T19:00:00+00:00,2025-05-15,CO,3688465,1010,True,No festivo,False,False,True,7.21,44834.56,1860.95,True,68001,BUCARAMANGA,68,SANTANDER,2024,True,18.0,academic_illustration,True,tarde,True,2.0027777777777778,12.454044444444444,0.5169305555555556,6.300000000000001,0.0,True,COMPLETE
3,3236,2025-05-15T19:00:00-05:00,Bucaramanga,7.1193,-73.1227,20.8,98.0,4.4,5.5,127.74,True,20756,2025,5,15,19,,VALID,True,precipitation_mm,False,False,True,False,False,-0.49489794564,1.68667392468,0.98,1.68639895357,America/Bogota,2025-05-16T00:00:00+00:00,2025-05-15,CO,3688465,1010,True,No festivo,False,False,True,7.21,44834.56,1860.95,True,68001,BUCARAMANGA,68,SANTANDER,2024,True,18.0,academic_illustration,True,noche,True,2.0027777777777778,12.454044444444444,0.5169305555555556,2.8000000000000007,0.0,True,COMPLETE
3,3248,2025-05-16T07:00:00-05:00,Bucaramanga,7.1193,-73.1227,20.2,95.0,0.0,6.2,115.28,True,20768,2025,5,16,7,,VALID,False,,False,False,False,False,False,-0.7600110365,0.553571785841,0.95,0.0,America/Bogota,2025-05-16T12:00:00+00:00,2025-05-16,CO,3688465,1010,True,No festivo,False,False,True,9.31,44851.03,6241.42,True,68001,BUCARAMANGA,68,SANTANDER,2024,True,18.0,academic_illustration,True,manana,True,2.5861111111111112,12.458619444444444,1.7337277777777778,2.1999999999999993,0.0,True,COMPLETE
3,3263,2025-05-16T22:00:00-05:00,Bucaramanga,7.1193,-73.1227,20.2,100.0,3.0,1.7,99.18,True,20783,2025,5,16,22,,VALID,True,precipitation_mm,False,False,True,False,False,-0.7600110365,-0.910548955361,1.0,1.38629436112,America/Bogota,2025-05-17T03:00:00+00:00,2025-05-16,CO,3688465,1010,True,No festivo,False,False,True,9.31,44851.03,6241.42,True,68001,BUCARAMANGA,68,SANTANDER,2024,True,18.0,academic_illustration,True,noche,True,2.5861111111111112,12.458619444444444,1.7337277777777778,2.1999999999999993,0.0,True,COMPLETE
3,3305,2025-05-18T16:00:00-05:00,Bucaramanga,7.1193,-73.1227,23.6,79.0,0.1,4.3,100.93,True,20825,2025,5,18,16,,VALID,False,,False,False,False,False,False,0.742296478374,-0.751405396535,0.79,0.0953101798043,America/Bogota,2025-05-18T21:00:00+00:00,2025-05-18,CO,3688465,1010,True,No festivo,False,True,True,12.2,44882.99,30029.63,True,68001,BUCARAMANGA,68,SANTANDER,2024,True,18.0,academic_illustration,True,tarde,True,3.3888888888888884,12.467497222222221,8.341563888888889,5.600000000000001,0.0,False,COMPLETE
3,3404,2025-05-22T19:00:00-05:00,Bucaramanga,7.1193,-73.1227,21.4,94.0,0.0,2.1,124.49,True,20924,2025,5,22,19,,VALID,False,,False,False,False,False,False,-0.22978485478,1.39112160115,0.94,0.0,America/Bogota,2025-05-23T00:00:00+00:00,2025-05-22,CO,3688465,1010,True,No festivo,False,False,True,7.88,44942.41,5238.88,True,68001,BUCARAMANGA,68,SANTANDER,2024,True,18.0,academic_illustration,True,noche,True,2.1888888888888887,12.484002777777778,1.4552444444444446,3.3999999999999986,0.0,True,COMPLETE
3,3407,2025-05-22T22:00:00-05:00,Bucaramanga,7.1193,-73.1227,21.0,82.0,0.0,1.9,88.57,True,20927,2025,5,22,22,,VALID,False,,False,False,False,False,False,-0.406526915353,-1.87541361773,0.82,0.0,America/Bogota,2025-05-23T03:00:00+00:00,2025-05-22,CO,3688465,1010,True,No festivo,False,False,True,7.88,44942.41,5238.88,True,68001,BUCARAMANGA,68,SANTANDER,2024,True,18.0,academic_illustration,True,noche,True,2.1888888888888887,12.484002777777778,1.4552444444444446,3.0,0.0,True,COMPLETE
3,3420,2025-05-23T11:00:00-05:00,Bucaramanga,7.1193,-73.1227,26.3,58.0,0.0,5.1,97.48,True,20940,2025,5,23,11,,VALID,False,,False,False,False,False,False,1.93530538725,-1.06514555536,0.58,0.0,America/Bogota,2025-05-23T16:00:00+00:00,2025-05-23,CO,3688465,1010,True,No festivo,False,False,True,16.39,44956.22,36729.49,True,68001,BUCARAMANGA,68,SANTANDER,2024,True,18.0,academic_illustration,True,manana,True,4.552777777777778,12.48783888888889,10.20263611111111,8.3,0.0,True,COMPLETE
3,3484,2025-05-26T03:00:00-05:00,Bucaramanga,7.1193,-73.1227,21.0,88.0,0.0,5.7,94.83,True,21004,2025,5,26,3,,VALID,False,,False,False,False,False,False,-0.406526915353,-1.30613437302,0.88,0.0,America/Bogota,2025-05-26T08:00:00+00:00,2025-05-26,CO,3688465,1010,True,No festivo,False,False,True,9.08,44994.83,7185.53,True,68001,BUCARAMANGA,68,SANTANDER,2024,True,18.0,academic_illustration,True,madrugada,True,2.522222222222222,12.498563888888889,1.9959805555555554,3.0,0.0,True,COMPLETE
3,3490,2025-05-26T09:00:00-05:00,Bucaramanga,7.1193,-73.1227,23.1,81.0,0.0,5.9,128.61,True,21010,2025,5,26,9,,VALID,False,,False,False,False,False,False,0.521368902658,1.76579100822,0.81,0.0,America/Bogota,2025-05-26T14:00:00+00:00,2025-05-26,CO,3688465,1010,True,No festivo,False,False,True,9.08,44994.83,7185.53,True,68001,BUCARAMANGA,68,SANTANDER,2024,True,18.0,academic_illustration,True,manana,True,2.522222222222222,12.498563888888889,1.9959805555555554,5.100000000000001,0.0,True,COMPLETE
3,3498,2025-05-26T17:00:00-05:00,Bucaramanga,7.1193,-73.1227,22.8,80.0,1.0,6.3,97.02,True,21018,2025,5,26,17,,VALID,True,precipitation_mm,False,False,True,False,False,0.388812357227,-1.10697757654,0.8,0.69314718056,America/Bogota,2025-05-26T22:00:00+00:00,2025-05-26,CO,3688465,1010,True,No festivo,False,False,True,9.08,44994.83,7185.53,True,68001,BUCARAMANGA,68,SANTANDER,2024,True,18.0,academic_illustration,True,tarde,True,2.522222222222222,12.498563888888889,1.9959805555555554,4.800000000000001,0.0,True,COMPLETE
3,3543,2025-05-28T14:00:00-05:00,Bucaramanga,7.1193,-73.1227,25.6,75.0,0.0,9.5,99.26,True,21063,2025,5,28,14,,VALID,False,,False,False,False,False,False,1.62600678124,-0.903273821244,0.75,0.0,America/Bogota,2025-05-28T19:00:00+00:00,2025-05-28,CO,3688465,1010,True,No festivo,False,False,True,16.75,45018.27,34792.78,True,68001,BUCARAMANGA,68,SANTANDER,2024,True,18.0,academic_illustration,True,tarde,True,4.652777777777778,12.505075,9.66466111111111,7.600000000000001,0.0,True,COMPLETE
3,3575,2025-05-29T22:00:00-05:00,Bucaramanga,7.1193,-73.1227,21.4,91.0,0.7,7.2,91.39,True,21095,2025,5,29,22,,VALID,True,precipitation_mm,False,False,True,False,False,-0.22978485478,-1.61896514008,0.91,0.530628251062,America/Bogota,2025-05-30T03:00:00+00:00,2025-05-29,CO,3688465,1010,True,No festivo,False,False,True,22.44,45029.42,43200.0,True,68001,BUCARAMANGA,68,SANTANDER,2024,True,18.0,academic_illustration,True,noche,True,6.233333333333333,12.508172222222221,12.0,3.3999999999999986,0.0,True,COMPLETE
3,3664,2025-06-02T15:00:00-05:00,Bucaramanga,7.1193,-73.1227,22.4,88.0,2.2,4.1,107.21,True,21184,2025,6,2,15,,VALID,True,precipitation_mm,False,False,True,False,False,0.212070296654,-0.18030736829,0.88,1.16315080981,America/Bogota,2025-06-02T20:00:00+00:00,2025-06-02,CO,3688465,1010,True,Ascensión del señor,True,False,True,9.32,45069.96,11523.86,True,68001,BUCARAMANGA,68,SANTANDER,2024,True,18.0,academic_illustration,True,tarde,True,2.588888888888889,12.519433333333334,3.2010722222222223,4.399999999999999,0.0,False,COMPLETE
3,3679,2025-06-03T06:00:00-05:00,Bucaramanga,7.1193,-73.1227,19.9,94.0,1.0,5.1,103.83,True,21199,2025,6,3,6,,VALID,True,precipitation_mm,False,False,True,False,False,-0.892567581931,-0.487681784766,0.94,0.69314718056,America/Bogota,2025-06-03T11:00:00+00:00,2025-06-03,CO,3688465,1010,True,No festivo,False,False,True,7.98,45079.04,11031.0,True,68001,BUCARAMANGA,68,SANTANDER,2024,True,18.0,academic_illustration,True,manana,True,2.216666666666667,12.521955555555556,3.0641666666666665,1.8999999999999986,0.0,True,COMPLETE
3,3688,2025-06-03T15:00:00-05:00,Bucaramanga,7.1193,-73.1227,23.7,78.0,0.5,8.1,99.44,True,21208,2025,6,3,15,,VALID,False,,False,False,False,False,False,0.786481993518,-0.886904769479,0.78,0.405465108108,America/Bogota,2025-06-03T20:00:00+00:00,2025-06-03,CO,3688465,1010,True,No festivo,False,False,True,7.98,45079.04,11031.0,True,68001,BUCARAMANGA,68,SANTANDER,2024,True,18.0,academic_illustration,True,tarde,True,2.216666666666667,12.521955555555556,3.0641666666666665,5.699999999999999,0.0,True,COMPLETE
3,3690,2025-06-03T17:00:00-05:00,Bucaramanga,7.1193,-73.1227,21.9,91.0,3.6,5.0,98.35,True,21210,2025,6,3,17,,VALID,True,precipitation_mm,False,False,True,False,False,-0.00885727906299,-0.986028471833,0.91,1.5260563035,America/Bogota,2025-06-03T22:00:00+00:00,2025-06-03,CO,3688465,1010,True,No festivo,False,False,True,7.98,45079.04,11031.0,True,68001,BUCARAMANGA,68,SANTANDER,2024,True,18.0,academic_illustration,True,tarde,True,2.216666666666667,12.521955555555556,3.0641666666666665,3.8999999999999986,0.0,True,COMPLETE
3,3711,2025-06-04T14:00:00-05:00,Bucaramanga,7.1193,-73.1227,23.8,82.0,0.6,8.2,94.43,True,21231,2025,6,4,14,,VALID,True,precipitation_mm,False,False,True,False,False,0.830667508661,-1.3425100436,0.82,0.470003629246,America/Bogota,2025-06-04T19:00:00+00:00,2025-06-04,CO,3688465,1010,True,No festivo,False,False,True,14.83,45087.67,24907.14,True,68001,BUCARAMANGA,68,SANTANDER,2024,True,18.0,academic_illustration,True,tarde,True,4.1194444444444445,12.524352777777777,6.9186499999999995,5.800000000000001,0.0,True,COMPLETE
3,3726,2025-06-05T05:00:00-05:00,Bucaramanga,7.1193,-73.1227,19.7,94.0,0.0,4.8,108.9,True,21246,2025,6,5,5,,VALID,False,,False,False,False,False,False,-0.980938612217,-0.0266201600516,0.94,0.0,America/Bogota,2025-06-05T10:00:00+00:00,2025-06-05,CO,3688465,1010,True,No festivo,False,False,True,12.09,45095.85,23476.08,True,68001,BUCARAMANGA,68,SANTANDER,2024,True,18.0,academic_illustration,True,madrugada,True,3.3583333333333334,12.526625,6.521133333333334,1.6999999999999993,0.0,True,COMPLETE
3,3770,2025-06-07T01:00:00-05:00,Bucaramanga,7.1193,-73.1227,20.7,91.0,0.0,3.5,103.9,True,21290,2025,6,7,1,,VALID,False,,False,False,False,False,False,-0.539083460784,-0.481316042413,0.91,0.0,America/Bogota,2025-06-07T06:00:00+00:00,2025-06-07,CO,3688465,1010,True,No festivo,False,True,True,15.26,45110.79,32640.94,True,68001,BUCARAMANGA,68,SANTANDER,2024,True,18.0,academic_illustration,True,madrugada,True,4.238888888888889,12.530775,9.066927777777778,2.6999999999999993,0.0,False,COMPLETE
3,3823,2025-06-09T06:00:00-05:00,Bucaramanga,7.1193,-73.1227,19.8,90.0,0.0,2.6,102.95,True,21343,2025,6,9,6,,VALID,False,,False,False,False,False,False,-0.936753097074,-0.567708260061,0.9,0.0,America/Bogota,2025-06-09T11:00:00+00:00,2025-06-09,CO,3688465,1010,True,No festivo,False,False,True,12.0,45123.78,18547.57,True,68001,BUCARAMANGA,68,SANTANDER,2024,True,18.0,academic_illustration,True,manana,True,3.333333333333333,12.534383333333333,5.1521027777777775,1.8000000000000007,0.0,True,COMPLETE
3,3838,2025-06-09T21:00:00-05:00,Bucaramanga,7.1193,-73.1227,20.4,93.0,7.0,2.4,137.38,True,21358,2025,6,9,21,,VALID,True,precipitation_mm|energy_kwh,False,False,True,False,True,-0.671640006214,2.56332758588,0.93,2.07944154168,America/Bogota,2025-06-10T02:00:00+00:00,2025-06-09,CO,3688465,1010,True,No festivo,False,False,True,12.0,45123.78,18547.57,True,68001,BUCARAMANGA,68,SANTANDER,2024,True,18.0,academic_illustration,True,noche,True,3.333333333333333,12.534383333333333,5.1521027777777775,2.3999999999999986,0.0,True,COMPLETE
3,3884,2025-06-11T19:00:00-05:00,Bucaramanga,7.1193,-73.1227,21.7,91.0,0.3,0.9,132.13,True,21404,2025,6,11,19,,VALID,False,,False,False,False,False,False,-0.0972283093497,2.0858969094,0.91,0.262364264467,America/Bogota,2025-06-12T00:00:00+00:00,2025-06-11,CO,3688465,1010,True,No festivo,False,False,True,7.91,45134.74,8590.56,True,68001,BUCARAMANGA,68,SANTANDER,2024,True,18.0,academic_illustration,True,noche,True,2.1972222222222224,12.537427777777777,2.3862666666666663,3.6999999999999993,0.0,True,COMPLETE
3,3915,2025-06-13T02:00:00-05:00,Bucaramanga,7.1193,-73.1227,20.0,96.0,1.6,4.1,105.77,True,21435,2025,6,13,2,,VALID,True,precipitation_mm,False,False,True,False,False,-0.848382066787,-0.31125978241,0.96,0.955511445027,America/Bogota,2025-06-13T07:00:00+00:00,2025-06-13,CO,3688465,1010,True,No festivo,False,False,True,8.51,45143.61,11495.1,True,68001,BUCARAMANGA,68,SANTANDER,2024,True,18.0,academic_illustration,True,madrugada,True,2.363888888888889,12.539891666666668,3.1930833333333335,2.0,0.0,True,COMPLETE
3,3917,2025-06-13T04:00:00-05:00,Bucaramanga,7.1193,-73.1227,20.2,89.0,0.1,4.6,113.15,True,21437,2025,6,13,4,,VALID,False,,False,False,False,False,False,-0.7600110365,0.359871339955,0.89,0.0953101798043,America/Bogota,2025-06-13T09:00:00+00:00,2025-06-13,CO,3688465,1010,True,No festivo,False,False,True,8.51,45143.61,11495.1,True,68001,BUCARAMANGA,68,SANTANDER,2024,True,18.0,academic_illustration,True,madrugada,True,2.363888888888889,12.539891666666668,3.1930833333333335,2.1999999999999993,0.0,True,COMPLETE
3,3953,2025-06-14T16:00:00-05:00,Bucaramanga,7.1193,-73.1227,24.6,67.0,0.0,7.5,110.55,True,21473,2025,6,14,16,,VALID,False,,False,False,False,False,False,1.18415162981,0.123429481127,0.67,0.0,America/Bogota,2025-06-14T21:00:00+00:00,2025-06-14,CO,3688465,1010,True,No festivo,False,True,True,9.62,45147.23,17764.34,True,68001,BUCARAMANGA,68,SANTANDER,2024,True,18.0,academic_illustration,True,tarde,True,2.672222222222222,12.540897222222224,4.934538888888889,6.600000000000001,0.0,False,COMPLETE
3,3965,2025-06-15T04:00:00-05:00,Bucaramanga,7.1193,-73.1227,19.3,88.0,0.0,4.9,92.88,True,21485,2025,6,15,4,,VALID,False,,False,False,False,False,False,-1.15768067279,-1.48346576714,0.88,0.0,America/Bogota,2025-06-15T09:00:00+00:00,2025-06-15,CO,3688465,1010,True,No festivo,False,True,True,9.46,45150.28,17301.64,True,68001,BUCARAMANGA,68,SANTANDER,2024,True,18.0,academic_illustration,True,madrugada,True,2.6277777777777778,12.541744444444443,4.806011111111111,1.3000000000000007,0.0,False,COMPLETE
3,4015,2025-06-17T06:00:00-05:00,Bucaramanga,7.1193,-73.1227,20.0,82.0,0.0,2.4,93.8,True,21535,2025,6,17,6,,VALID,False,,False,False,False,False,False,-0.848382066787,-1.39980172478,0.82,0.0,America/Bogota,2025-06-17T11:00:00+00:00,2025-06-17,CO,3688465,1010,True,No festivo,False,False,True,13.35,45154.76,22531.71,True,68001,BUCARAMANGA,68,SANTANDER,2024,True,18.0,academic_illustration,True,manana,True,3.708333333333333,12.542988888888889,6.2588083333333335,2.0,0.0,True,COMPLETE
3,4055,2025-06-18T22:00:00-05:00,Bucaramanga,7.1193,-73.1227,21.0,80.0,0.0,2.1,99.51,True,21575,2025,6,18,22,,VALID,False,,False,False,False,False,False,-0.406526915353,-0.880539027126,0.8,0.0,America/Bogota,2025-06-19T03:00:00+00:00,2025-06-18,CO,3688465,1010,True,No festivo,False,False,True,16.05,45156.2,31622.0,True,68001,BUCARAMANGA,68,SANTANDER,2024,True,18.0,academic_illustration,True,noche,True,4.458333333333333,12.543388888888888,8.783888888888889,3.0,0.0,True,COMPLETE
3,4073,2025-06-19T16:00:00-05:00,Bucaramanga,7.1193,-73.1227,24.4,71.0,0.0,5.9,104.77,True,21593,2025,6,19,16,,VALID,False,,False,False,False,False,False,1.09578059952,-0.402198958882,0.71,0.0,America/Bogota,2025-06-19T21:00:00+00:00,2025-06-19,CO,3688465,1010,True,No festivo,False,False,True,18.19,45157.12,33919.98,True,68001,BUCARAMANGA,68,SANTANDER,2024,True,18.0,academic_illustration,True,tarde,True,5.052777777777778,12.543644444444444,9.422216666666667,6.399999999999999,0.0,True,COMPLETE
3,4078,2025-06-19T21:00:00-05:00,Bucaramanga,7.1193,-73.1227,22.7,84.0,0.0,4.5,120.84,True,21598,2025,6,19,21,,VALID,False,,False,False,False,False,False,0.344626842084,1.05919360703,0.84,0.0,America/Bogota,2025-06-20T02:00:00+00:00,2025-06-19,CO,3688465,1010,True,No festivo,False,False,True,18.19,45157.12,33919.98,True,68001,BUCARAMANGA,68,SANTANDER,2024,True,18.0,academic_illustration,True,noche,True,5.052777777777778,12.543644444444444,9.422216666666667,4.699999999999999,0.0,True,COMPLETE
3,4252,2025-06-27T03:00:00-05:00,Bucaramanga,7.1193,-73.1227,19.6,90.0,0.0,2.2,105.84,True,21772,2025,6,27,3,,VALID,False,,False,False,False,False,False,-1.02512412736,-0.304894040057,0.9,0.0,America/Bogota,2025-06-27T08:00:00+00:00,2025-06-27,CO,3688465,1010,True,No festivo,False,False,True,18.69,45145.77,41508.74,True,68001,BUCARAMANGA,68,SANTANDER,2024,True,18.0,academic_illustration,True,madrugada,True,5.191666666666667,12.540491666666666,11.530205555555556,1.6000000000000014,0.0,True,COMPLETE
3,4331,2025-06-30T10:00:00-05:00,Bucaramanga,7.1193,-73.1227,25.1,61.0,0.0,4.9,107.73,True,21851,2025,6,30,10,,VALID,False,,False,False,False,False,False,1.40507920553,-0.133018996524,0.61,0.0,America/Bogota,2025-06-30T15:00:00+00:00,2025-06-30,CO,3688465,1010,True,Sagrado Corazón; San Pedro y San Pablo,True,False,True,14.14,45133.24,37286.22,True,68001,BUCARAMANGA,68,SANTANDER,2024,True,18.0,academic_illustration,True,manana,True,3.927777777777778,12.537011111111111,10.357283333333333,7.100000000000001,0.0,False,COMPLETE
3,4426,2025-07-04T09:00:00-05:00,Bucaramanga,7.1193,-73.1227,21.8,85.0,0.3,2.1,119.61,True,21946,2025,7,4,9,,VALID,False,,False,False,False,False,False,-0.0530427942064,0.947338419966,0.85,0.262364264467,America/Bogota,2025-07-04T14:00:00+00:00,2025-07-04,CO,3688465,1010,True,No festivo,False,False,True,7.56,45109.84,6165.81,True,68001,BUCARAMANGA,68,SANTANDER,2024,True,18.0,academic_illustration,True,manana,True,2.0999999999999996,12.53051111111111,1.712725,3.8000000000000007,0.0,True,COMPLETE
3,4446,2025-07-05T05:00:00-05:00,Bucaramanga,7.1193,-73.1227,19.3,85.0,0.0,3.6,110.42,True,21966,2025,7,5,5,,VALID,False,,False,False,False,False,False,-1.15768067279,0.111607388186,0.85,0.0,America/Bogota,2025-07-05T10:00:00+00:00,2025-07-05,CO,3688465,1010,True,No festivo,False,True,True,14.86,45102.83,33421.67,True,68001,BUCARAMANGA,68,SANTANDER,2024,True,18.0,academic_illustration,True,madrugada,True,4.127777777777777,12.52856388888889,9.283797222222221,1.3000000000000007,0.0,False,COMPLETE
3,4510,2025-07-07T21:00:00-05:00,Bucaramanga,7.1193,-73.1227,20.2,98.0,1.0,7.2,133.68,True,22030,2025,7,7,21,,VALID,True,precipitation_mm,False,False,True,False,False,-0.7600110365,2.22685263293,0.98,0.69314718056,America/Bogota,2025-07-08T02:00:00+00:00,2025-07-07,CO,3688465,1010,True,No festivo,False,False,True,21.96,45087.3,43200.0,True,68001,BUCARAMANGA,68,SANTANDER,2024,True,18.0,academic_illustration,True,noche,True,6.1,12.52425,12.0,2.1999999999999993,0.0,True,COMPLETE
3,4519,2025-07-08T06:00:00-05:00,Bucaramanga,7.1193,-73.1227,17.7,87.0,0.0,5.9,108.79,True,22039,2025,7,8,6,,VALID,False,,False,False,False,False,False,-1.86464891508,-0.0366234694636,0.87,0.0,America/Bogota,2025-07-08T11:00:00+00:00,2025-07-08,CO,3688465,1010,True,No festivo,False,False,True,17.12,45078.73,35465.38,True,68001,BUCARAMANGA,68,SANTANDER,2024,True,18.0,academic_illustration,True,manana,True,4.7555555555555555,12.521869444444444,9.851494444444445,0.0,0.3000000000000007,True,COMPLETE
3,4595,2025-07-11T10:00:00-05:00,Bucaramanga,7.1193,-73.1227,24.1,71.0,0.0,3.2,106.7,True,22115,2025,7,11,10,,VALID,False,,False,False,False,False,False,0.963224054091,-0.22668634829,0.71,0.0,America/Bogota,2025-07-11T15:00:00+00:00,2025-07-11,CO,3688465,1010,True,No festivo,False,False,True,11.15,45049.96,14987.42,True,68001,BUCARAMANGA,68,SANTANDER,2024,True,18.0,academic_illustration,True,manana,True,3.0972222222222223,12.513877777777777,4.163172222222222,6.100000000000001,0.0,True,COMPLETE
3,4620,2025-07-12T11:00:00-05:00,Bucaramanga,7.1193,-73.1227,23.7,75.0,0.0,4.6,112.75,True,22140,2025,7,12,11,,VALID,False,,False,False,False,False,False,0.786481993518,0.323495669366,0.75,0.0,America/Bogota,2025-07-12T16:00:00+00:00,2025-07-12,CO,3688465,1010,True,No festivo,False,True,True,9.85,45039.4,14807.41,True,68001,BUCARAMANGA,68,SANTANDER,2024,True,18.0,academic_illustration,True,manana,True,2.736111111111111,12.510944444444444,4.113169444444444,5.699999999999999,0.0,False,COMPLETE
3,4645,2025-07-13T12:00:00-05:00,Bucaramanga,7.1193,-73.1227,24.5,60.0,0.0,3.5,95.82,True,22165,2025,7,13,12,,VALID,False,,False,False,False,False,False,1.13996611466,-1.21610458831,0.6,0.0,America/Bogota,2025-07-13T17:00:00+00:00,2025-07-13,CO,3688465,1010,True,No festivo,False,True,True,12.57,45028.39,25093.51,True,68001,BUCARAMANGA,68,SANTANDER,2024,True,18.0,academic_illustration,True,tarde,True,3.4916666666666667,12.50788611111111,6.970419444444444,6.5,0.0,False,COMPLETE
3,4695,2025-07-15T14:00:00-05:00,Bucaramanga,7.1193,-73.1227,25.1,66.0,0.1,9.2,117.31,True,22215,2025,7,15,14,,VALID,False,,False,False,False,False,False,1.40507920553,0.73817831408,0.66,0.0953101798043,America/Bogota,2025-07-15T19:00:00+00:00,2025-07-15,CO,3688465,1010,True,No festivo,False,False,True,14.41,45005.08,37562.28,True,68001,BUCARAMANGA,68,SANTANDER,2024,True,18.0,academic_illustration,True,tarde,True,4.002777777777777,12.501411111111112,10.433966666666667,7.100000000000001,0.0,True,COMPLETE
3,4700,2025-07-15T19:00:00-05:00,Bucaramanga,7.1193,-73.1227,21.0,97.0,0.7,5.5,114.16,True,22220,2025,7,15,19,,VALID,True,precipitation_mm,False,False,True,False,False,-0.406526915353,0.451719908192,0.97,0.530628251062,America/Bogota,2025-07-16T00:00:00+00:00,2025-07-15,CO,3688465,1010,True,No festivo,False,False,True,14.41,45005.08,37562.28,True,68001,BUCARAMANGA,68,SANTANDER,2024,True,18.0,academic_illustration,True,noche,True,4.002777777777777,12.501411111111112,10.433966666666667,3.0,0.0,True,COMPLETE
3,4712,2025-07-16T07:00:00-05:00,Bucaramanga,7.1193,-73.1227,21.4,83.0,0.0,5.9,115.18,True,22232,2025,7,16,7,,VALID,False,,False,False,False,False,False,-0.22978485478,0.544477868194,0.83,0.0,America/Bogota,2025-07-16T12:00:00+00:00,2025-07-16,CO,3688465,1010,True,No festivo,False,False,True,16.79,44992.8,36936.79,True,68001,BUCARAMANGA,68,SANTANDER,2024,True,18.0,academic_illustration,True,manana,True,4.663888888888889,12.498000000000001,10.260219444444445,3.3999999999999986,0.0,True,COMPLETE
3,4727,2025-07-16T22:00:00-05:00,Bucaramanga,7.1193,-73.1227,21.9,77.0,0.0,5.9,94.37,True,22247,2025,7,16,22,,VALID,False,,False,False,False,False,False,-0.00885727906299,-1.34796639419,0.77,0.0,America/Bogota,2025-07-17T03:00:00+00:00,2025-07-16,CO,3688465,1010,True,No festivo,False,False,True,16.79,44992.8,36936.79,True,68001,BUCARAMANGA,68,SANTANDER,2024,True,18.0,academic_illustration,True,noche,True,4.663888888888889,12.498000000000001,10.260219444444445,3.8999999999999986,0.0,True,COMPLETE
3,4769,2025-07-18T16:00:00-05:00,Bucaramanga,7.1193,-73.1227,25.5,69.0,0.0,7.6,111.35,True,22289,2025,7,18,16,,VALID,False,,False,False,False,False,False,1.5818212661,0.196180822305,0.69,0.0,America/Bogota,2025-07-18T21:00:00+00:00,2025-07-18,CO,3688465,1010,True,No festivo,False,False,True,17.93,44967.1,38684.63,True,68001,BUCARAMANGA,68,SANTANDER,2024,True,18.0,academic_illustration,True,tarde,True,4.980555555555555,12.49086111111111,10.745730555555555,7.5,0.0,True,COMPLETE
3,4868,2025-07-22T19:00:00-05:00,Bucaramanga,7.1193,-73.1227,20.6,100.0,8.1,1.5,130.84,True,22388,2025,7,22,19,,VALID,True,precipitation_mm,False,False,True,False,False,-0.583268975927,1.96858537175,1.0,2.20827441352,America/Bogota,2025-07-23T00:00:00+00:00,2025-07-22,CO,3688465,1010,True,No festivo,False,False,True,16.51,44911.48,30613.25,True,68001,BUCARAMANGA,68,SANTANDER,2024,True,18.0,academic_illustration,True,noche,True,4.586111111111111,12.475411111111113,8.503680555555556,2.6000000000000014,0.0,True,COMPLETE
3,4871,2025-07-22T22:00:00-05:00,Bucaramanga,7.1193,-73.1227,20.2,97.0,5.2,4.1,108.1,True,22391,2025,7,22,22,,VALID,True,precipitation_mm,False,False,True,False,False,-0.7600110365,-0.0993715012294,0.97,1.82454929205,America/Bogota,2025-07-23T03:00:00+00:00,2025-07-22,CO,3688465,1010,True,No festivo,False,False,True,16.51,44911.48,30613.25,True,68001,BUCARAMANGA,68,SANTANDER,2024,True,18.0,academic_illustration,True,noche,True,4.586111111111111,12.475411111111113,8.503680555555556,2.1999999999999993,0.0,True,COMPLETE
3,4884,2025-07-23T11:00:00-05:00,Bucaramanga,7.1193,-73.1227,25.4,69.0,0.1,4.7,103.74,True,22404,2025,7,23,11,,VALID,False,,False,False,False,False,False,1.53763575096,-0.495866310648,0.69,0.0953101798043,America/Bogota,2025-07-23T16:00:00+00:00,2025-07-23,CO,3688465,1010,True,No festivo,False,False,True,13.2,44896.8,25459.96,True,68001,BUCARAMANGA,68,SANTANDER,2024,True,18.0,academic_illustration,True,manana,True,3.6666666666666665,12.471333333333334,7.072211111111111,7.399999999999999,0.0,True,COMPLETE
3,4948,2025-07-26T03:00:00-05:00,Bucaramanga,7.1193,-73.1227,20.6,86.0,0.0,6.2,101.36,True,22468,2025,7,26,3,,VALID,False,,False,False,False,False,False,-0.583268975927,-0.712301550652,0.86,0.0,America/Bogota,2025-07-26T08:00:00+00:00,2025-07-26,CO,3688465,1010,True,No festivo,False,True,True,16.68,44851.05,27432.86,True,68001,BUCARAMANGA,68,SANTANDER,2024,True,18.0,academic_illustration,True,madrugada,True,4.633333333333333,12.458625000000001,7.620238888888889,2.6000000000000014,0.0,False,COMPLETE
3,4954,2025-07-26T09:00:00-05:00,Bucaramanga,7.1193,-73.1227,24.0,76.0,0.0,4.8,123.97,True,22474,2025,7,26,9,,VALID,False,,False,False,False,False,False,0.919038538948,1.34383322938,0.76,0.0,America/Bogota,2025-07-26T14:00:00+00:00,2025-07-26,CO,3688465,1010,True,No festivo,False,True,True,16.68,44851.05,27432.86,True,68001,BUCARAMANGA,68,SANTANDER,2024,True,18.0,academic_illustration,True,manana,True,4.633333333333333,12.458625000000001,7.620238888888889,6.0,0.0,False,COMPLETE
3,4962,2025-07-26T17:00:00-05:00,Bucaramanga,7.1193,-73.1227,23.0,80.0,0.0,5.2,95.11,True,22482,2025,7,26,17,,VALID,False,,False,False,False,False,False,0.477183387514,-1.2806714036,0.8,0.0,America/Bogota,2025-07-26T22:00:00+00:00,2025-07-26,CO,3688465,1010,True,No festivo,False,True,True,16.68,44851.05,27432.86,True,68001,BUCARAMANGA,68,SANTANDER,2024,True,18.0,academic_illustration,True,tarde,True,4.633333333333333,12.458625000000001,7.620238888888889,5.0,0.0,False,COMPLETE
3,5007,2025-07-28T14:00:00-05:00,Bucaramanga,7.1193,-73.1227,25.0,74.0,0.0,5.9,108.88,True,22527,2025,7,28,14,,VALID,False,,False,False,False,False,False,1.36089369038,-0.0284389435811,0.74,0.0,America/Bogota,2025-07-28T19:00:00+00:00,2025-07-28,CO,3688465,1010,True,No festivo,False,False,True,16.2,44818.71,33348.95,True,68001,BUCARAMANGA,68,SANTANDER,2024,True,18.0,academic_illustration,True,tarde,True,4.5,12.449641666666666,9.263597222222222,7.0,0.0,True,COMPLETE
3,5039,2025-07-29T22:00:00-05:00,Bucaramanga,7.1193,-73.1227,21.5,92.0,1.1,3.5,96.05,True,22559,2025,7,29,22,,VALID,True,precipitation_mm,False,False,True,False,False,-0.185599339636,-1.19518857772,0.92,0.741937344729,America/Bogota,2025-07-30T03:00:00+00:00,2025-07-29,CO,3688465,1010,True,No festivo,False,False,True,16.91,44801.94,37221.22,True,68001,BUCARAMANGA,68,SANTANDER,2024,True,18.0,academic_illustration,True,noche,True,4.697222222222222,12.444983333333335,10.339227777777777,3.5,0.0,True,COMPLETE
3,5170,2025-08-04T09:00:00-05:00,Bucaramanga,7.1193,-73.1227,22.6,76.0,0.0,4.3,120.33,True,22690,2025,8,4,9,,VALID,False,,False,False,False,False,False,0.300441326941,1.01281462703,0.76,0.0,America/Bogota,2025-08-04T14:00:00+00:00,2025-08-04,CO,3688465,1010,True,No festivo,False,False,True,14.22,44694.27,25572.63,True,68001,BUCARAMANGA,68,SANTANDER,2024,True,18.0,academic_illustration,True,manana,True,3.95,12.415075,7.103508333333334,4.600000000000001,0.0,True,COMPLETE
3,5190,2025-08-05T05:00:00-05:00,Bucaramanga,7.1193,-73.1227,18.6,85.0,0.0,6.6,106.13,True,22710,2025,8,5,5,,VALID,False,,False,False,False,False,False,-1.46697927879,-0.27852167888,0.85,0.0,America/Bogota,2025-08-05T10:00:00+00:00,2025-08-05,CO,3688465,1010,True,No festivo,False,False,True,18.63,44675.33,40801.9,True,68001,BUCARAMANGA,68,SANTANDER,2024,True,18.0,academic_illustration,True,madrugada,True,5.175,12.40981388888889,11.333861111111112,0.6000000000000014,0.0,True,COMPLETE
3,5254,2025-08-07T21:00:00-05:00,Bucaramanga,7.1193,-73.1227,20.2,94.0,0.3,6.4,133.64,True,22774,2025,8,7,21,,VALID,False,,False,False,False,False,False,-0.7600110365,2.22321506587,0.94,0.262364264467,America/Bogota,2025-08-08T02:00:00+00:00,2025-08-07,CO,3688465,1010,True,Batalla de Boyacá,True,False,True,15.03,44636.77,31904.65,True,68001,BUCARAMANGA,68,SANTANDER,2024,True,18.0,academic_illustration,True,noche,True,4.175,12.399102777777777,8.862402777777778,2.1999999999999993,0.0,False,COMPLETE
3,5263,2025-08-08T06:00:00-05:00,Bucaramanga,7.1193,-73.1227,18.9,81.0,0.0,2.2,100.43,True,22783,2025,8,8,6,,VALID,False,,False,False,False,False,False,-1.33442273336,-0.796874984771,0.81,0.0,America/Bogota,2025-08-08T11:00:00+00:00,2025-08-08,CO,3688465,1010,True,No festivo,False,False,True,16.07,44617.18,33670.58,True,68001,BUCARAMANGA,68,SANTANDER,2024,True,18.0,academic_illustration,True,manana,True,4.463888888888889,12.393661111111111,9.35293888888889,0.8999999999999986,0.0,True,COMPLETE
3,5339,2025-08-11T10:00:00-05:00,Bucaramanga,7.1193,-73.1227,24.9,67.0,0.0,6.3,93.51,True,22859,2025,8,11,10,,VALID,False,,False,False,False,False,False,1.31670817524,-1.42617408596,0.67,0.0,America/Bogota,2025-08-11T15:00:00+00:00,2025-08-11,CO,3688465,1010,True,No festivo,False,False,True,16.29,44557.42,40617.73,True,68001,BUCARAMANGA,68,SANTANDER,2024,True,18.0,academic_illustration,True,manana,True,4.5249999999999995,12.37706111111111,11.282702777777779,6.899999999999999,0.0,True,COMPLETE
3,5364,2025-08-12T11:00:00-05:00,Bucaramanga,7.1193,-73.1227,24.8,65.0,0.0,6.1,96.35,True,22884,2025,8,12,11,,VALID,False,,False,False,False,False,False,1.27252266009,-1.16790682478,0.65,0.0,America/Bogota,2025-08-12T16:00:00+00:00,2025-08-12,CO,3688465,1010,True,No festivo,False,False,True,18.97,44537.23,43063.67,True,68001,BUCARAMANGA,68,SANTANDER,2024,True,18.0,academic_illustration,True,manana,True,5.269444444444444,12.371452777777778,11.962130555555555,6.800000000000001,0.0,True,COMPLETE
3,5389,2025-08-13T12:00:00-05:00,Bucaramanga,7.1193,-73.1227,24.4,73.0,0.0,5.9,112.46,True,22909,2025,8,13,12,,VALID,False,,False,False,False,False,False,1.09578059952,0.297123308189,0.73,0.0,America/Bogota,2025-08-13T17:00:00+00:00,2025-08-13,CO,3688465,1010,True,No festivo,False,False,True,19.67,44516.92,40164.97,True,68001,BUCARAMANGA,68,SANTANDER,2024,True,18.0,academic_illustration,True,tarde,True,5.4638888888888895,12.36581111111111,11.156936111111111,6.399999999999999,0.0,True,COMPLETE
3,5439,2025-08-15T14:00:00-05:00,Bucaramanga,7.1193,-73.1227,24.6,74.0,0.1,8.0,110.93,True,22959,2025,8,15,14,,VALID,False,,False,False,False,False,False,1.18415162981,0.157986368187,0.74,0.0953101798043,America/Bogota,2025-08-15T19:00:00+00:00,2025-08-15,CO,3688465,1010,True,No festivo,False,False,True,12.32,44475.99,20345.88,True,68001,BUCARAMANGA,68,SANTANDER,2024,True,18.0,academic_illustration,True,tarde,True,3.422222222222222,12.354441666666666,5.651633333333334,6.600000000000001,0.0,True,COMPLETE
3,5444,2025-08-15T19:00:00-05:00,Bucaramanga,7.1193,-73.1227,21.5,91.0,0.0,3.1,118.96,True,22964,2025,8,15,19,,VALID,False,,False,False,False,False,False,-0.185599339636,0.888227955259,0.91,0.0,America/Bogota,2025-08-16T00:00:00+00:00,2025-08-15,CO,3688465,1010,True,No festivo,False,False,True,12.32,44475.99,20345.88,True,68001,BUCARAMANGA,68,SANTANDER,2024,True,18.0,academic_illustration,True,noche,True,3.422222222222222,12.354441666666666,5.651633333333334,3.5,0.0,True,COMPLETE
3,5456,2025-08-16T07:00:00-05:00,Bucaramanga,7.1193,-73.1227,19.4,98.0,1.8,1.1,117.87,True,22976,2025,8,16,7,,VALID,True,precipitation_mm,False,False,True,False,False,-1.11349515765,0.789104252904,0.98,1.02961941718,America/Bogota,2025-08-16T12:00:00+00:00,2025-08-16,CO,3688465,1010,True,No festivo,False,True,True,11.48,44455.18,13820.42,True,68001,BUCARAMANGA,68,SANTANDER,2024,True,18.0,academic_illustration,True,manana,True,3.188888888888889,12.348661111111111,3.8390055555555556,1.3999999999999986,0.0,False,COMPLETE
3,5471,2025-08-16T22:00:00-05:00,Bucaramanga,7.1193,-73.1227,20.5,95.0,0.0,2.6,99.2,True,22991,2025,8,16,22,,VALID,False,,False,False,False,False,False,-0.62745449107,-0.908730171832,0.95,0.0,America/Bogota,2025-08-17T03:00:00+00:00,2025-08-16,CO,3688465,1010,True,No festivo,False,True,True,11.48,44455.18,13820.42,True,68001,BUCARAMANGA,68,SANTANDER,2024,True,18.0,academic_illustration,True,noche,True,3.188888888888889,12.348661111111111,3.8390055555555556,2.5,0.0,False,COMPLETE
3,5513,2025-08-18T16:00:00-05:00,Bucaramanga,7.1193,-73.1227,24.7,64.0,0.0,1.8,103.77,True,23033,2025,8,18,16,,VALID,False,,False,False,False,False,False,1.22833714495,-0.493138135354,0.64,0.0,America/Bogota,2025-08-18T21:00:00+00:00,2025-08-18,CO,3688465,1010,True,La Asunción,True,False,True,10.84,44412.79,21048.11,True,68001,BUCARAMANGA,68,SANTANDER,2024,True,18.0,academic_illustration,True,tarde,True,3.011111111111111,12.336886111111111,5.846697222222223,6.699999999999999,0.0,False,COMPLETE
3,5612,2025-08-22T19:00:00-05:00,Bucaramanga,7.1193,-73.1227,21.3,92.0,0.0,3.7,126.05,True,23132,2025,8,22,19,,VALID,False,,False,False,False,False,False,-0.273970369923,1.53298671645,0.92,0.0,America/Bogota,2025-08-23T00:00:00+00:00,2025-08-22,CO,3688465,1010,True,No festivo,False,False,True,19.92,44325.42,31597.16,True,68001,BUCARAMANGA,68,SANTANDER,2024,True,18.0,academic_illustration,True,noche,True,5.533333333333334,12.312616666666667,8.776988888888889,3.3000000000000007,0.0,True,COMPLETE
3,5615,2025-08-22T22:00:00-05:00,Bucaramanga,7.1193,-73.1227,20.7,95.0,0.6,3.1,100.75,True,23135,2025,8,22,22,,VALID,True,precipitation_mm,False,False,True,False,False,-0.539083460784,-0.7677744483,0.95,0.470003629246,America/Bogota,2025-08-23T03:00:00+00:00,2025-08-22,CO,3688465,1010,True,No festivo,False,False,True,19.92,44325.42,31597.16,True,68001,BUCARAMANGA,68,SANTANDER,2024,True,18.0,academic_illustration,True,noche,True,5.533333333333334,12.312616666666667,8.776988888888889,2.6999999999999993,0.0,True,COMPLETE
3,5628,2025-08-23T11:00:00-05:00,Bucaramanga,7.1193,-73.1227,25.6,65.0,0.0,3.9,102.7,True,23148,2025,8,23,11,,VALID,False,,False,False,False,False,False,1.62600678124,-0.590443054179,0.65,0.0,America/Bogota,2025-08-23T16:00:00+00:00,2025-08-23,CO,3688465,1010,True,No festivo,False,True,True,13.72,44303.15,27735.16,True,68001,BUCARAMANGA,68,SANTANDER,2024,True,18.0,academic_illustration,True,manana,True,3.8111111111111113,12.306430555555556,7.704211111111111,7.600000000000001,0.0,False,COMPLETE
3,5692,2025-08-26T03:00:00-05:00,Bucaramanga,7.1193,-73.1227,20.8,83.0,0.1,5.7,108.26,True,23212,2025,8,26,3,,VALID,False,,False,False,False,False,False,-0.49489794564,-0.0848212329939,0.83,0.0953101798043,America/Bogota,2025-08-26T08:00:00+00:00,2025-08-26,CO,3688465,1010,True,No festivo,False,False,True,18.71,44235.58,31707.78,True,68001,BUCARAMANGA,68,SANTANDER,2024,True,18.0,academic_illustration,True,madrugada,True,5.197222222222222,12.287661111111111,8.807716666666666,2.8000000000000007,0.0,True,COMPLETE
3,5698,2025-08-26T09:00:00-05:00,Bucaramanga,7.1193,-73.1227,25.1,65.0,0.0,8.9,119.58,True,23218,2025,8,26,9,,VALID,False,,False,False,False,False,False,1.40507920553,0.944610244671,0.65,0.0,America/Bogota,2025-08-26T14:00:00+00:00,2025-08-26,CO,3688465,1010,True,No festivo,False,False,True,18.71,44235.58,31707.78,True,68001,BUCARAMANGA,68,SANTANDER,2024,True,18.0,academic_illustration,True,manana,True,5.197222222222222,12.287661111111111,8.807716666666666,7.100000000000001,0.0,True,COMPLETE
3,5706,2025-08-26T17:00:00-05:00,Bucaramanga,7.1193,-73.1227,24.5,68.0,0.0,1.5,104.97,True,23226,2025,8,26,17,,VALID,False,,False,False,False,False,False,1.13996611466,-0.384011123587,0.68,0.0,America/Bogota,2025-08-26T22:00:00+00:00,2025-08-26,CO,3688465,1010,True,No festivo,False,False,True,18.71,44235.58,31707.78,True,68001,BUCARAMANGA,68,SANTANDER,2024,True,18.0,academic_illustration,True,tarde,True,5.197222222222222,12.287661111111111,8.807716666666666,6.5,0.0,True,COMPLETE
3,5751,2025-08-28T14:00:00-05:00,Bucaramanga,7.1193,-73.1227,26.5,56.0,0.0,7.7,117.57,True,23271,2025,8,28,14,,VALID,False,,False,False,False,False,False,2.02367641753,0.761822499962,0.56,0.0,America/Bogota,2025-08-28T19:00:00+00:00,2025-08-28,CO,3688465,1010,True,No festivo,False,False,True,20.97,44190.08,43007.59,True,68001,BUCARAMANGA,68,SANTANDER,2024,True,18.0,academic_illustration,True,tarde,True,5.824999999999999,12.275022222222223,11.946552777777777,8.5,0.0,True,COMPLETE
3,5783,2025-08-29T22:00:00-05:00,Bucaramanga,7.1193,-73.1227,22.3,75.0,0.0,7.5,112.57,True,23303,2025,8,29,22,,VALID,False,,False,False,False,False,False,0.167884781511,0.307126617601,0.75,0.0,America/Bogota,2025-08-30T03:00:00+00:00,2025-08-29,CO,3688465,1010,True,No festivo,False,False,True,19.23,44167.24,43097.73,True,68001,BUCARAMANGA,68,SANTANDER,2024,True,18.0,academic_illustration,True,noche,True,5.341666666666667,12.268677777777777,11.971591666666667,4.300000000000001,0.0,True,COMPLETE
3,5872,2025-09-02T15:00:00-05:00,Bucaramanga,7.1193,-73.1227,24.9,73.0,0.0,7.7,102.96,True,23392,2025,9,2,15,,VALID,False,,False,False,False,False,False,1.31670817524,-0.566798868297,0.73,0.0,America/Bogota,2025-09-02T20:00:00+00:00,2025-09-02,CO,3688465,1010,True,No festivo,False,False,True,15.88,44075.67,35847.04,True,68001,BUCARAMANGA,68,SANTANDER,2024,True,18.0,academic_illustration,True,tarde,True,4.411111111111111,12.243241666666666,9.957511111111112,6.899999999999999,0.0,True,COMPLETE
3,5887,2025-09-03T06:00:00-05:00,Bucaramanga,7.1193,-73.1227,17.8,94.0,0.0,5.1,102.73,True,23407,2025,9,3,6,,VALID,False,,False,False,False,False,False,-1.82046339994,-0.587714878885,0.94,0.0,America/Bogota,2025-09-03T11:00:00+00:00,2025-09-03,CO,3688465,1010,True,No festivo,False,False,True,16.28,44052.8,31209.8,True,68001,BUCARAMANGA,68,SANTANDER,2024,True,18.0,academic_illustration,True,manana,True,4.522222222222222,12.23688888888889,8.66938888888889,0.0,0.1999999999999993,True,COMPLETE
3,5896,2025-09-03T15:00:00-05:00,Bucaramanga,7.1193,-73.1227,24.6,69.0,0.0,6.8,106.46,True,23416,2025,9,3,15,,VALID,False,,False,False,False,False,False,1.18415162981,-0.248511750644,0.69,0.0,America/Bogota,2025-09-03T20:00:00+00:00,2025-09-03,CO,3688465,1010,True,No festivo,False,False,True,16.28,44052.8,31209.8,True,68001,BUCARAMANGA,68,SANTANDER,2024,True,18.0,academic_illustration,True,tarde,True,4.522222222222222,12.23688888888889,8.66938888888889,6.600000000000001,0.0,True,COMPLETE
3,5898,2025-09-03T17:00:00-05:00,Bucaramanga,7.1193,-73.1227,23.3,77.0,0.0,4.6,107.14,True,23418,2025,9,3,17,,VALID,False,,False,False,False,False,False,0.609739932944,-0.186673110643,0.77,0.0,America/Bogota,2025-09-03T22:00:00+00:00,2025-09-03,CO,3688465,1010,True,No festivo,False,False,True,16.28,44052.8,31209.8,True,68001,BUCARAMANGA,68,SANTANDER,2024,True,18.0,academic_illustration,True,tarde,True,4.522222222222222,12.23688888888889,8.66938888888889,5.300000000000001,0.0,True,COMPLETE
3,5919,2025-09-04T14:00:00-05:00,Bucaramanga,7.1193,-73.1227,23.8,77.0,0.2,8.5,106.1,True,23439,2025,9,4,14,,VALID,False,,False,False,False,False,False,0.830667508661,-0.281249854174,0.77,0.182321556794,America/Bogota,2025-09-04T19:00:00+00:00,2025-09-04,CO,3688465,1010,True,No festivo,False,False,True,16.46,44029.9,31163.94,True,68001,BUCARAMANGA,68,SANTANDER,2024,True,18.0,academic_illustration,True,tarde,True,4.572222222222222,12.230527777777779,8.656649999999999,5.800000000000001,0.0,True,COMPLETE
3,5934,2025-09-05T05:00:00-05:00,Bucaramanga,7.1193,-73.1227,19.4,90.0,0.4,5.5,100.86,True,23454,2025,9,5,5,,VALID,False,,False,False,False,False,False,-1.11349515765,-0.757771138888,0.9,0.336472236621,America/Bogota,2025-09-05T10:00:00+00:00,2025-09-05,CO,3688465,1010,True,No festivo,False,False,True,13.35,44006.85,24275.27,True,68001,BUCARAMANGA,68,SANTANDER,2024,True,18.0,academic_illustration,True,madrugada,True,3.708333333333333,12.224124999999999,6.743130555555556,1.3999999999999986,0.0,True,COMPLETE
3,5978,2025-09-07T01:00:00-05:00,Bucaramanga,7.1193,-73.1227,19.4,92.0,2.0,3.3,106.13,True,23498,2025,9,7,1,,VALID,True,precipitation_mm,False,False,True,False,False,-1.11349515765,-0.27852167888,0.92,1.09861228867,America/Bogota,2025-09-07T06:00:00+00:00,2025-09-07,CO,3688465,1010,True,No festivo,False,True,True,16.9,43960.3,35852.68,True,68001,BUCARAMANGA,68,SANTANDER,2024,True,18.0,academic_illustration,True,madrugada,True,4.694444444444444,12.211194444444445,9.959077777777777,1.3999999999999986,0.0,False,COMPLETE
3,6031,2025-09-09T06:00:00-05:00,Bucaramanga,7.1193,-73.1227,17.0,94.0,0.0,5.5,112.26,True,23551,2025,9,9,6,,VALID,False,,False,False,False,False,False,-2.17394752109,0.278935472895,0.94,0.0,America/Bogota,2025-09-09T11:00:00+00:00,2025-09-09,CO,3688465,1010,True,No festivo,False,False,True,19.77,43913.26,39656.92,True,68001,BUCARAMANGA,68,SANTANDER,2024,True,18.0,academic_illustration,True,manana,True,5.491666666666666,12.198127777777778,11.01581111111111,0.0,1.0,True,COMPLETE
3,6046,2025-09-09T21:00:00-05:00,Bucaramanga,7.1193,-73.1227,20.1,97.0,0.0,3.2,128.82,True,23566,2025,9,9,21,,VALID,False,,False,False,False,False,False,-0.804196551644,1.78488823527,0.97,0.0,America/Bogota,2025-09-10T02:00:00+00:00,2025-09-09,CO,3688465,1010,True,No festivo,False,False,True,19.77,43913.26,39656.92,True,68001,BUCARAMANGA,68,SANTANDER,2024,True,18.0,academic_illustration,True,noche,True,5.491666666666666,12.198127777777778,11.01581111111111,2.1000000000000014,0.0,True,COMPLETE
3,6092,2025-09-11T19:00:00-05:00,Bucaramanga,7.1193,-73.1227,21.5,95.0,0.0,1.6,116.34,True,23612,2025,9,11,19,,VALID,False,,False,False,False,False,False,-0.185599339636,0.649967312902,0.95,0.0,America/Bogota,2025-09-12T00:00:00+00:00,2025-09-11,CO,3688465,1010,True,No festivo,False,False,True,18.24,43865.85,36709.04,True,68001,BUCARAMANGA,68,SANTANDER,2024,True,18.0,academic_illustration,True,noche,True,5.066666666666666,12.184958333333332,10.196955555555556,3.5,0.0,True,COMPLETE
3,6123,2025-09-13T02:00:00-05:00,Bucaramanga,7.1193,-73.1227,20.8,80.0,0.1,5.1,105.29,True,23643,2025,9,13,2,,VALID,False,,False,False,False,False,False,-0.49489794564,-0.354910587116,0.8,0.0953101798043,America/Bogota,2025-09-13T07:00:00+00:00,2025-09-13,CO,3688465,1010,True,No festivo,False,True,True,18.49,43818.2,40178.02,True,68001,BUCARAMANGA,68,SANTANDER,2024,True,18.0,academic_illustration,True,madrugada,True,5.13611111111111,12.171722222222222,11.160561111111111,2.8000000000000007,0.0,False,COMPLETE
3,6125,2025-09-13T04:00:00-05:00,Bucaramanga,7.1193,-73.1227,20.7,77.0,0.0,3.5,100.36,True,23645,2025,9,13,4,,VALID,False,,False,False,False,False,False,-0.539083460784,-0.803240727124,0.77,0.0,America/Bogota,2025-09-13T09:00:00+00:00,2025-09-13,CO,3688465,1010,True,No festivo,False,True,True,18.49,43818.2,40178.02,True,68001,BUCARAMANGA,68,SANTANDER,2024,True,18.0,academic_illustration,True,madrugada,True,5.13611111111111,12.171722222222222,11.160561111111111,2.6999999999999993,0.0,False,COMPLETE
3,6161,2025-09-14T16:00:00-05:00,Bucaramanga,7.1193,-73.1227,24.2,67.0,0.0,4.5,105.29,True,23681,2025,9,14,16,,VALID,False,,False,False,False,False,False,1.00740956923,-0.354910587116,0.67,0.0,America/Bogota,2025-09-14T21:00:00+00:00,2025-09-14,CO,3688465,1010,True,No festivo,False,True,True,15.71,43794.33,38490.36,True,68001,BUCARAMANGA,68,SANTANDER,2024,True,18.0,academic_illustration,True,tarde,True,4.363888888888889,12.165091666666667,10.691766666666666,6.199999999999999,0.0,False,COMPLETE
3,6173,2025-09-15T04:00:00-05:00,Bucaramanga,7.1193,-73.1227,21.1,81.0,0.0,6.7,107.65,True,23693,2025,9,15,4,,VALID,False,,False,False,False,False,False,-0.36234140021,-0.140294130642,0.81,0.0,America/Bogota,2025-09-15T09:00:00+00:00,2025-09-15,CO,3688465,1010,True,No festivo,False,False,True,12.71,43770.44,16598.87,True,68001,BUCARAMANGA,68,SANTANDER,2024,True,18.0,academic_illustration,True,madrugada,True,3.530555555555556,12.158455555555555,4.610797222222222,3.1000000000000014,0.0,True,COMPLETE
3,6223,2025-09-17T06:00:00-05:00,Bucaramanga,7.1193,-73.1227,20.0,87.0,0.0,1.8,107.17,True,23743,2025,9,17,6,,VALID,False,,False,False,False,False,False,-0.848382066787,-0.183944935349,0.87,0.0,America/Bogota,2025-09-17T11:00:00+00:00,2025-09-17,CO,3688465,1010,True,No festivo,False,False,True,12.65,43722.69,18348.4,True,68001,BUCARAMANGA,68,SANTANDER,2024,True,18.0,academic_illustration,True,manana,True,3.513888888888889,12.145191666666667,5.0967777777777785,2.0,0.0,True,COMPLETE
3,6263,2025-09-18T22:00:00-05:00,Bucaramanga,7.1193,-73.1227,20.1,100.0,8.4,2.2,102.04,True,23783,2025,9,18,22,,VALID,True,precipitation_mm,False,False,True,False,False,-0.804196551644,-0.650462910651,1.0,2.24070968928,America/Bogota,2025-09-19T03:00:00+00:00,2025-09-18,CO,3688465,1010,True,No festivo,False,False,True,11.25,43698.85,13629.07,True,68001,BUCARAMANGA,68,SANTANDER,2024,True,18.0,academic_illustration,True,noche,True,3.125,12.138569444444444,3.7858527777777775,2.1000000000000014,0.0,True,COMPLETE
3,6281,2025-09-19T16:00:00-05:00,Bucaramanga,7.1193,-73.1227,24.3,70.0,0.0,5.8,106.79,True,23801,2025,9,19,16,,VALID,False,,False,False,False,False,False,1.05159508438,-0.218501822408,0.7,0.0,America/Bogota,2025-09-19T21:00:00+00:00,2025-09-19,CO,3688465,1010,True,No festivo,False,False,True,6.67,43675.06,6859.26,True,68001,BUCARAMANGA,68,SANTANDER,2024,True,18.0,academic_illustration,True,tarde,True,1.8527777777777776,12.13196111111111,1.90535,6.300000000000001,0.0,True,COMPLETE
3,6286,2025-09-19T21:00:00-05:00,Bucaramanga,7.1193,-73.1227,20.3,96.0,0.1,1.1,132.62,True,23806,2025,9,19,21,,VALID,False,,False,False,False,False,False,-0.715825521357,2.13045710587,0.96,0.0953101798043,America/Bogota,2025-09-20T02:00:00+00:00,2025-09-19,CO,3688465,1010,True,No festivo,False,False,True,6.67,43675.06,6859.26,True,68001,BUCARAMANGA,68,SANTANDER,2024,True,18.0,academic_illustration,True,noche,True,1.8527777777777776,12.13196111111111,1.90535,2.3000000000000007,0.0,True,COMPLETE
3,6460,2025-09-27T03:00:00-05:00,Bucaramanga,7.1193,-73.1227,19.6,83.0,0.0,2.0,102.62,True,23980,2025,9,27,3,,VALID,False,,False,False,False,False,False,-1.02512412736,-0.597718188297,0.83,0.0,America/Bogota,2025-09-27T08:00:00+00:00,2025-09-27,CO,3688465,1010,True,No festivo,False,True,True,17.82,43486.54,36631.1,True,68001,BUCARAMANGA,68,SANTANDER,2024,True,18.0,academic_illustration,True,madrugada,True,4.95,12.079594444444444,10.175305555555555,1.6000000000000014,0.0,False,COMPLETE
3,6539,2025-09-30T10:00:00-05:00,Bucaramanga,7.1193,-73.1227,24.2,73.0,0.0,5.6,102.47,True,24059,2025,9,30,10,,VALID,False,,False,False,False,False,False,1.00740956923,-0.611359064768,0.73,0.0,America/Bogota,2025-09-30T15:00:00+00:00,2025-09-30,CO,3688465,1010,True,No festivo,False,False,True,8.6,43415.39,6509.94,True,68001,BUCARAMANGA,68,SANTANDER,2024,True,18.0,academic_illustration,True,manana,True,2.388888888888889,12.059830555555555,1.8083166666666666,6.199999999999999,0.0,True,COMPLETE
3,6634,2025-10-04T09:00:00-05:00,Bucaramanga,7.1193,-73.1227,23.4,74.0,0.0,7.4,119.98,True,24154,2025,10,4,9,,VALID,False,,False,False,False,False,False,0.653925448088,0.98098591526,0.74,0.0,America/Bogota,2025-10-04T14:00:00+00:00,2025-10-04,CO,3688465,1010,True,No festivo,False,True,True,12.73,43320.54,18452.76,True,68001,BUCARAMANGA,68,SANTANDER,2024,True,18.0,academic_illustration,True,manana,True,3.536111111111111,12.033483333333333,5.125766666666666,5.399999999999999,0.0,False,COMPLETE
3,6654,2025-10-05T05:00:00-05:00,Bucaramanga,7.1193,-73.1227,19.8,92.0,0.3,4.0,92.33,True,24174,2025,10,5,5,,VALID,False,,False,False,False,False,False,-0.936753097074,-1.5334823142,0.92,0.262364264467,America/Bogota,2025-10-05T10:00:00+00:00,2025-10-05,CO,3688465,1010,True,No festivo,False,True,True,14.15,43296.94,27874.29,True,68001,BUCARAMANGA,68,SANTANDER,2024,True,18.0,academic_illustration,True,madrugada,True,3.9305555555555554,12.026927777777779,7.742858333333333,1.8000000000000007,0.0,False,COMPLETE
3,6718,2025-10-07T21:00:00-05:00,Bucaramanga,7.1193,-73.1227,21.8,84.0,0.0,2.2,124.15,True,24238,2025,10,7,21,,VALID,False,,False,False,False,False,False,-0.0530427942064,1.36020228115,0.84,0.0,America/Bogota,2025-10-08T02:00:00+00:00,2025-10-07,CO,3688465,1010,True,No festivo,False,False,True,16.12,43249.98,32429.36,True,68001,BUCARAMANGA,68,SANTANDER,2024,True,18.0,academic_illustration,True,noche,True,4.477777777777778,12.013883333333334,9.008155555555556,3.8000000000000007,0.0,True,COMPLETE
3,6727,2025-10-08T06:00:00-05:00,Bucaramanga,7.1193,-73.1227,20.0,83.0,0.0,1.7,97.64,True,24247,2025,10,8,6,,VALID,False,,False,False,False,False,False,-0.848382066787,-1.05059528713,0.83,0.0,America/Bogota,2025-10-08T11:00:00+00:00,2025-10-08,CO,3688465,1010,True,No festivo,False,False,True,17.95,43226.67,30047.51,True,68001,BUCARAMANGA,68,SANTANDER,2024,True,18.0,academic_illustration,True,manana,True,4.986111111111111,12.007408333333332,8.346530555555555,2.0,0.0,True,COMPLETE
3,6803,2025-10-11T10:00:00-05:00,Bucaramanga,7.1193,-73.1227,26.2,66.0,0.0,3.6,116.55,True,24323,2025,10,11,10,,VALID,False,,False,False,False,False,False,1.8911198721,0.669064539961,0.66,0.0,America/Bogota,2025-10-11T15:00:00+00:00,2025-10-11,CO,3688465,1010,True,No festivo,False,True,True,11.56,43157.53,28133.68,True,68001,BUCARAMANGA,68,SANTANDER,2024,True,18.0,academic_illustration,True,manana,True,3.2111111111111112,11.988202777777778,7.814911111111111,8.2,0.0,False,COMPLETE
3,6828,2025-10-12T11:00:00-05:00,Bucaramanga,7.1193,-73.1227,23.8,73.0,0.0,3.0,105.92,True,24348,2025,10,12,11,,VALID,False,,False,False,False,False,False,0.830667508661,-0.297618905939,0.73,0.0,America/Bogota,2025-10-12T16:00:00+00:00,2025-10-12,CO,3688465,1010,True,No festivo,False,True,True,12.06,43134.81,23771.73,True,68001,BUCARAMANGA,68,SANTANDER,2024,True,18.0,academic_illustration,True,manana,True,3.35,11.981891666666666,6.603258333333333,5.800000000000001,0.0,False,COMPLETE
3,6853,2025-10-13T12:00:00-05:00,Bucaramanga,7.1193,-73.1227,24.0,74.0,0.2,5.8,109.55,True,24373,2025,10,13,12,,VALID,False,,False,False,False,False,False,0.919038538948,0.0324903046553,0.74,0.182321556794,America/Bogota,2025-10-13T17:00:00+00:00,2025-10-13,CO,3688465,1010,True,Día de la Raza,True,False,True,16.24,43112.29,40425.94,True,68001,BUCARAMANGA,68,SANTANDER,2024,True,18.0,academic_illustration,True,tarde,True,4.51111111111111,11.975636111111111,11.229427777777778,6.0,0.0,False,COMPLETE
3,6903,2025-10-15T14:00:00-05:00,Bucaramanga,7.1193,-73.1227,26.1,72.0,0.1,6.3,102.74,True,24423,2025,10,15,14,,VALID,False,,False,False,False,False,False,1.84693435696,-0.58680548712,0.72,0.0953101798043,America/Bogota,2025-10-15T19:00:00+00:00,2025-10-15,CO,3688465,1010,True,No festivo,False,False,True,16.22,43067.52,32188.72,True,68001,BUCARAMANGA,68,SANTANDER,2024,True,18.0,academic_illustration,True,tarde,True,4.5055555555555555,11.963199999999999,8.941311111111112,8.100000000000001,0.0,True,COMPLETE
3,6908,2025-10-15T19:00:00-05:00,Bucaramanga,7.1193,-73.1227,21.0,91.0,0.0,0.6,137.19,True,24428,2025,10,15,19,,VALID,True,energy_kwh,False,False,False,False,True,-0.406526915353,2.54604914235,0.91,0.0,America/Bogota,2025-10-16T00:00:00+00:00,2025-10-15,CO,3688465,1010,True,No festivo,False,False,True,16.22,43067.52,32188.72,True,68001,BUCARAMANGA,68,SANTANDER,2024,True,18.0,academic_illustration,True,noche,True,4.5055555555555555,11.963199999999999,8.941311111111112,3.0,0.0,True,COMPLETE
3,6920,2025-10-16T07:00:00-05:00,Bucaramanga,7.1193,-73.1227,20.8,86.0,0.0,5.4,112.61,True,24440,2025,10,16,7,,VALID,False,,False,False,False,False,False,-0.49489794564,0.31076418466,0.86,0.0,America/Bogota,2025-10-16T12:00:00+00:00,2025-10-16,CO,3688465,1010,True,No festivo,False,False,True,15.87,43045.12,33456.74,True,68001,BUCARAMANGA,68,SANTANDER,2024,True,18.0,academic_illustration,True,manana,True,4.408333333333333,11.956977777777778,9.293538888888888,2.8000000000000007,0.0,True,COMPLETE
3,6935,2025-10-16T22:00:00-05:00,Bucaramanga,7.1193,-73.1227,21.5,85.0,0.0,3.3,103.76,True,24455,2025,10,16,22,,VALID,False,,False,False,False,False,False,-0.185599339636,-0.494047527119,0.85,0.0,America/Bogota,2025-10-17T03:00:00+00:00,2025-10-16,CO,3688465,1010,True,No festivo,False,False,True,15.87,43045.12,33456.74,True,68001,BUCARAMANGA,68,SANTANDER,2024,True,18.0,academic_illustration,True,noche,True,4.408333333333333,11.956977777777778,9.293538888888888,3.5,0.0,True,COMPLETE
3,6977,2025-10-18T16:00:00-05:00,Bucaramanga,7.1193,-73.1227,22.6,86.0,2.6,4.9,109.33,True,24497,2025,10,18,16,,VALID,True,precipitation_mm,False,False,True,False,False,0.300441326941,0.0124836858314,0.86,1.28093384546,America/Bogota,2025-10-18T21:00:00+00:00,2025-10-18,CO,3688465,1010,True,No festivo,False,True,True,13.31,43000.35,32533.67,True,68001,BUCARAMANGA,68,SANTANDER,2024,True,18.0,academic_illustration,True,tarde,True,3.6972222222222224,11.944541666666666,9.037130555555555,4.600000000000001,0.0,False,COMPLETE
3,7076,2025-10-22T19:00:00-05:00,Bucaramanga,7.1193,-73.1227,21.9,97.0,0.0,0.6,134.99,True,24596,2025,10,22,19,,VALID,False,,False,False,False,False,False,-0.00885727906299,2.34598295411,0.97,0.0,America/Bogota,2025-10-23T00:00:00+00:00,2025-10-22,CO,3688465,1010,True,No festivo,False,False,True,13.71,42911.51,26383.06,True,68001,BUCARAMANGA,68,SANTANDER,2024,True,18.0,academic_illustration,True,noche,True,3.8083333333333336,11.919863888888889,7.328627777777778,3.8999999999999986,0.0,True,COMPLETE
3,7079,2025-10-22T22:00:00-05:00,Bucaramanga,7.1193,-73.1227,21.8,84.0,0.0,1.1,100.04,True,24599,2025,10,22,22,,VALID,False,,False,False,False,False,False,-0.0530427942064,-0.832341263595,0.84,0.0,America/Bogota,2025-10-23T03:00:00+00:00,2025-10-22,CO,3688465,1010,True,No festivo,False,False,True,13.71,42911.51,26383.06,True,68001,BUCARAMANGA,68,SANTANDER,2024,True,18.0,academic_illustration,True,noche,True,3.8083333333333336,11.919863888888889,7.328627777777778,3.8000000000000007,0.0,True,COMPLETE
3,7092,2025-10-23T11:00:00-05:00,Bucaramanga,7.1193,-73.1227,26.6,69.0,0.0,6.5,104.71,True,24612,2025,10,23,11,,VALID,False,,False,False,False,False,False,2.06786193268,-0.40765530947,0.69,0.0,America/Bogota,2025-10-23T16:00:00+00:00,2025-10-23,CO,3688465,1010,True,No festivo,False,False,True,16.65,42889.55,30173.17,True,68001,BUCARAMANGA,68,SANTANDER,2024,True,18.0,academic_illustration,True,manana,True,4.624999999999999,11.913763888888889,8.38143611111111,8.600000000000001,0.0,True,COMPLETE
3,7156,2025-10-26T03:00:00-05:00,Bucaramanga,7.1193,-73.1227,20.2,86.0,0.0,1.8,102.27,True,24676,2025,10,26,3,,VALID,False,,False,False,False,False,False,-0.7600110365,-0.629546900062,0.86,0.0,America/Bogota,2025-10-26T08:00:00+00:00,2025-10-26,CO,3688465,1010,True,No festivo,False,True,True,18.72,42824.61,36362.02,True,68001,BUCARAMANGA,68,SANTANDER,2024,True,18.0,academic_illustration,True,madrugada,True,5.199999999999999,11.895725,10.10056111111111,2.1999999999999993,0.0,False,COMPLETE
3,7162,2025-10-26T09:00:00-05:00,Bucaramanga,7.1193,-73.1227,24.6,75.0,0.0,5.5,131.99,True,24682,2025,10,26,9,,VALID,False,,False,False,False,False,False,1.18415162981,2.07316542469,0.75,0.0,America/Bogota,2025-10-26T14:00:00+00:00,2025-10-26,CO,3688465,1010,True,No festivo,False,True,True,18.72,42824.61,36362.02,True,68001,BUCARAMANGA,68,SANTANDER,2024,True,18.0,academic_illustration,True,manana,True,5.199999999999999,11.895725,10.10056111111111,6.600000000000001,0.0,False,COMPLETE
3,7170,2025-10-26T17:00:00-05:00,Bucaramanga,7.1193,-73.1227,23.1,85.0,0.0,5.9,100.56,True,24690,2025,10,26,17,,VALID,False,,False,False,False,False,False,0.521368902658,-0.78505289183,0.85,0.0,America/Bogota,2025-10-26T22:00:00+00:00,2025-10-26,CO,3688465,1010,True,No festivo,False,True,True,18.72,42824.61,36362.02,True,68001,BUCARAMANGA,68,SANTANDER,2024,True,18.0,academic_illustration,True,tarde,True,5.199999999999999,11.895725,10.10056111111111,5.100000000000001,0.0,False,COMPLETE
3,7215,2025-10-28T14:00:00-05:00,Bucaramanga,7.1193,-73.1227,25.3,75.0,0.0,5.4,105.56,True,24735,2025,10,28,14,,VALID,False,,False,False,False,False,False,1.49345023581,-0.330357009469,0.75,0.0,America/Bogota,2025-10-28T19:00:00+00:00,2025-10-28,CO,3688465,1010,True,No festivo,False,False,True,17.17,42782.28,37189.42,True,68001,BUCARAMANGA,68,SANTANDER,2024,True,18.0,academic_illustration,True,tarde,True,4.769444444444445,11.883966666666666,10.330394444444444,7.300000000000001,0.0,True,COMPLETE
3,7247,2025-10-29T22:00:00-05:00,Bucaramanga,7.1193,-73.1227,21.3,86.0,0.0,1.2,101.35,True,24767,2025,10,29,22,,VALID,False,,False,False,False,False,False,-0.273970369923,-0.713210942417,0.86,0.0,America/Bogota,2025-10-30T03:00:00+00:00,2025-10-29,CO,3688465,1010,True,No festivo,False,False,True,17.91,42761.47,39421.72,True,68001,BUCARAMANGA,68,SANTANDER,2024,True,18.0,academic_illustration,True,noche,True,4.975,11.878186111111111,10.950477777777778,3.3000000000000007,0.0,True,COMPLETE
3,7336,2025-11-02T15:00:00-05:00,Bucaramanga,7.1193,-73.1227,23.4,76.0,0.3,6.7,98.59,True,24856,2025,11,2,15,,VALID,False,,False,False,False,False,False,0.653925448088,-0.96420306948,0.76,0.262364264467,America/Bogota,2025-11-02T20:00:00+00:00,2025-11-02,CO,3688465,1010,True,No festivo,False,True,True,16.14,42681.06,31383.86,True,68001,BUCARAMANGA,68,SANTANDER,2024,True,18.0,academic_illustration,True,tarde,True,4.483333333333333,11.85585,8.717738888888888,5.399999999999999,0.0,False,COMPLETE
3,7351,2025-11-03T06:00:00-05:00,Bucaramanga,7.1193,-73.1227,20.2,97.0,0.1,4.4,100.46,True,24871,2025,11,3,6,,VALID,False,,False,False,False,False,False,-0.7600110365,-0.794146809477,0.97,0.0953101798043,America/Bogota,2025-11-03T11:00:00+00:00,2025-11-03,CO,3688465,1010,True,Dia de los Santos,True,False,True,9.9,42661.7,13223.42,True,68001,BUCARAMANGA,68,SANTANDER,2024,True,18.0,academic_illustration,True,manana,True,2.75,11.850472222222221,3.673172222222222,2.1999999999999993,0.0,False,COMPLETE
3,7360,2025-11-03T15:00:00-05:00,Bucaramanga,7.1193,-73.1227,22.5,86.0,0.1,6.4,97.48,True,24880,2025,11,3,15,,VALID,False,,False,False,False,False,False,0.256255811797,-1.06514555536,0.86,0.0953101798043,America/Bogota,2025-11-03T20:00:00+00:00,2025-11-03,CO,3688465,1010,True,Dia de los Santos,True,False,True,9.9,42661.7,13223.42,True,68001,BUCARAMANGA,68,SANTANDER,2024,True,18.0,academic_illustration,True,tarde,True,2.75,11.850472222222221,3.673172222222222,4.5,0.0,False,COMPLETE
3,7362,2025-11-03T17:00:00-05:00,Bucaramanga,7.1193,-73.1227,21.1,92.0,0.5,5.7,105.28,True,24882,2025,11,3,17,,VALID,False,,False,False,False,False,False,-0.36234140021,-0.355819978881,0.92,0.405465108108,America/Bogota,2025-11-03T22:00:00+00:00,2025-11-03,CO,3688465,1010,True,Dia de los Santos,True,False,True,9.9,42661.7,13223.42,True,68001,BUCARAMANGA,68,SANTANDER,2024,True,18.0,academic_illustration,True,tarde,True,2.75,11.850472222222221,3.673172222222222,3.1000000000000014,0.0,False,COMPLETE
3,7383,2025-11-04T14:00:00-05:00,Bucaramanga,7.1193,-73.1227,23.8,79.0,0.1,3.8,96.89,True,24903,2025,11,4,14,,VALID,False,,False,False,False,False,False,0.830667508661,-1.11879966948,0.79,0.0953101798043,America/Bogota,2025-11-04T19:00:00+00:00,2025-11-04,CO,3688465,1010,True,No festivo,False,False,True,17.0,42642.46,36725.06,True,68001,BUCARAMANGA,68,SANTANDER,2024,True,18.0,academic_illustration,True,tarde,True,4.722222222222222,11.845127777777778,10.201405555555555,5.800000000000001,0.0,True,COMPLETE
3,7398,2025-11-05T05:00:00-05:00,Bucaramanga,7.1193,-73.1227,18.9,96.0,0.1,5.3,101.8,True,24918,2025,11,5,5,,VALID,False,,False,False,False,False,False,-1.33442273336,-0.672288313004,0.96,0.0953101798043,America/Bogota,2025-11-05T10:00:00+00:00,2025-11-05,CO,3688465,1010,True,No festivo,False,False,True,13.08,42623.33,24958.14,True,68001,BUCARAMANGA,68,SANTANDER,2024,True,18.0,academic_illustration,True,madrugada,True,3.6333333333333333,11.839813888888889,6.932816666666667,0.8999999999999986,0.0,True,COMPLETE
3,7442,2025-11-07T01:00:00-05:00,Bucaramanga,7.1193,-73.1227,21.1,87.0,0.1,0.6,95.74,True,24962,2025,11,7,1,,VALID,False,,False,False,False,False,False,-0.36234140021,-1.22337972243,0.87,0.0953101798043,America/Bogota,2025-11-07T06:00:00+00:00,2025-11-07,CO,3688465,1010,True,No festivo,False,False,True,18.06,42585.5,39600.0,True,68001,BUCARAMANGA,68,SANTANDER,2024,True,18.0,academic_illustration,True,madrugada,True,5.016666666666667,11.829305555555555,11.0,3.1000000000000014,0.0,True,COMPLETE
3,7495,2025-11-09T06:00:00-05:00,Bucaramanga,7.1193,-73.1227,18.3,91.0,0.0,4.4,110.62,True,25015,2025,11,9,6,,VALID,False,,False,False,False,False,False,-1.59953582422,0.129795223481,0.91,0.0,America/Bogota,2025-11-09T11:00:00+00:00,2025-11-09,CO,3688465,1010,True,No festivo,False,True,True,15.89,42548.39,28910.55,True,68001,BUCARAMANGA,68,SANTANDER,2024,True,18.0,academic_illustration,True,manana,True,4.413888888888889,11.818997222222222,8.030708333333333,0.3000000000000007,0.0,False,COMPLETE
3,7510,2025-11-09T21:00:00-05:00,Bucaramanga,7.1193,-73.1227,21.6,93.0,0.0,8.4,128.86,True,25030,2025,11,9,21,,VALID,False,,False,False,False,False,False,-0.141413824493,1.78852580233,0.93,0.0,America/Bogota,2025-11-10T02:00:00+00:00,2025-11-09,CO,3688465,1010,True,No festivo,False,True,True,15.89,42548.39,28910.55,True,68001,BUCARAMANGA,68,SANTANDER,2024,True,18.0,academic_illustration,True,noche,True,4.413888888888889,11.818997222222222,8.030708333333333,3.6000000000000014,0.0,False,COMPLETE
3,7556,2025-11-11T19:00:00-05:00,Bucaramanga,7.1193,-73.1227,21.9,85.0,1.5,4.3,125.71,True,25076,2025,11,11,19,,VALID,True,precipitation_mm,False,False,True,False,False,-0.00885727906299,1.50206739645,0.85,0.916290731874,America/Bogota,2025-11-12T00:00:00+00:00,2025-11-11,CO,3688465,1010,True,No festivo,False,False,True,11.89,42512.15,15518.58,True,68001,BUCARAMANGA,68,SANTANDER,2024,True,18.0,academic_illustration,True,noche,True,3.302777777777778,11.808930555555555,4.310716666666667,3.8999999999999986,0.0,True,COMPLETE
3,7587,2025-11-13T02:00:00-05:00,Bucaramanga,7.1193,-73.1227,20.2,92.0,0.1,1.5,100.07,True,25107,2025,11,13,2,,VALID,False,,False,False,False,False,False,-0.7600110365,-0.829613088301,0.92,0.0953101798043,America/Bogota,2025-11-13T07:00:00+00:00,2025-11-13,CO,3688465,1010,True,No festivo,False,False,True,15.88,42476.96,35566.06,True,68001,BUCARAMANGA,68,SANTANDER,2024,True,18.0,academic_illustration,True,madrugada,True,4.411111111111111,11.799155555555556,9.87946111111111,2.1999999999999993,0.0,True,COMPLETE
3,7589,2025-11-13T04:00:00-05:00,Bucaramanga,7.1193,-73.1227,19.2,95.0,0.1,5.9,109.1,True,25109,2025,11,13,4,,VALID,False,,False,False,False,False,False,-1.20186618793,-0.0084323247572,0.95,0.0953101798043,America/Bogota,2025-11-13T09:00:00+00:00,2025-11-13,CO,3688465,1010,True,No festivo,False,False,True,15.88,42476.96,35566.06,True,68001,BUCARAMANGA,68,SANTANDER,2024,True,18.0,academic_illustration,True,madrugada,True,4.411111111111111,11.799155555555556,9.87946111111111,1.1999999999999993,0.0,True,COMPLETE
3,7625,2025-11-14T16:00:00-05:00,Bucaramanga,7.1193,-73.1227,22.6,86.0,1.1,7.4,96.69,True,25145,2025,11,14,16,,VALID,True,precipitation_mm,False,False,True,False,False,0.300441326941,-1.13698750478,0.86,0.741937344729,America/Bogota,2025-11-14T21:00:00+00:00,2025-11-14,CO,3688465,1010,True,No festivo,False,False,True,14.77,42459.82,31293.8,True,68001,BUCARAMANGA,68,SANTANDER,2024,True,18.0,academic_illustration,True,tarde,True,4.102777777777778,11.794394444444444,8.692722222222223,4.600000000000001,0.0,True,COMPLETE
3,7637,2025-11-15T04:00:00-05:00,Bucaramanga,7.1193,-73.1227,19.4,95.0,0.4,1.0,100.82,True,25157,2025,11,15,4,,VALID,False,,False,False,False,False,False,-1.11349515765,-0.761408705947,0.95,0.336472236621,America/Bogota,2025-11-15T09:00:00+00:00,2025-11-15,CO,3688465,1010,True,No festivo,False,True,True,11.52,42443.0,16377.42,True,68001,BUCARAMANGA,68,SANTANDER,2024,True,18.0,academic_illustration,True,madrugada,True,3.1999999999999997,11.789722222222222,4.549283333333333,1.3999999999999986,0.0,False,COMPLETE
3,7687,2025-11-17T06:00:00-05:00,Bucaramanga,7.1193,-73.1227,19.8,92.0,0.2,6.4,104.69,True,25207,2025,11,17,6,,VALID,False,,False,False,False,False,False,-0.936753097074,-0.409474093,0.92,0.182321556794,America/Bogota,2025-11-17T11:00:00+00:00,2025-11-17,CO,3688465,1010,True,Independencia de Cartagena,True,False,True,12.91,42410.44,32414.46,True,68001,BUCARAMANGA,68,SANTANDER,2024,True,18.0,academic_illustration,True,manana,True,3.5861111111111112,11.780677777777779,9.004016666666667,1.8000000000000007,0.0,False,COMPLETE
3,7727,2025-11-18T22:00:00-05:00,Bucaramanga,7.1193,-73.1227,20.3,92.0,0.0,1.5,100.14,True,25247,2025,11,18,22,,VALID,False,,False,False,False,False,False,-0.715825521357,-0.823247345948,0.92,0.0,America/Bogota,2025-11-19T03:00:00+00:00,2025-11-18,CO,3688465,1010,True,No festivo,False,False,True,11.76,42394.75,28429.7,True,68001,BUCARAMANGA,68,SANTANDER,2024,True,18.0,academic_illustration,True,noche,True,3.2666666666666666,11.776319444444445,7.897138888888889,2.3000000000000007,0.0,True,COMPLETE
3,7745,2025-11-19T16:00:00-05:00,Bucaramanga,7.1193,-73.1227,24.1,69.0,0.0,2.4,111.36,True,25265,2025,11,19,16,,VALID,False,,False,False,False,False,False,0.963224054091,0.19709021407,0.69,0.0,America/Bogota,2025-11-19T21:00:00+00:00,2025-11-19,CO,3688465,1010,True,No festivo,False,False,True,14.16,42379.47,24768.77,True,68001,BUCARAMANGA,68,SANTANDER,2024,True,18.0,academic_illustration,True,tarde,True,3.933333333333333,11.772075000000001,6.880213888888889,6.100000000000001,0.0,True,COMPLETE
3,7750,2025-11-19T21:00:00-05:00,Bucaramanga,7.1193,-73.1227,19.8,98.0,0.0,5.5,123.74,True,25270,2025,11,19,21,,VALID,False,,False,False,False,False,False,-0.936753097074,1.3229172188,0.98,0.0,America/Bogota,2025-11-20T02:00:00+00:00,2025-11-19,CO,3688465,1010,True,No festivo,False,False,True,14.16,42379.47,24768.77,True,68001,BUCARAMANGA,68,SANTANDER,2024,True,18.0,academic_illustration,True,noche,True,3.933333333333333,11.772075000000001,6.880213888888889,1.8000000000000007,0.0,True,COMPLETE
3,7924,2025-11-27T03:00:00-05:00,Bucaramanga,7.1193,-73.1227,20.6,95.0,2.5,2.8,109.23,True,25444,2025,11,27,3,,VALID,True,precipitation_mm,False,False,True,False,False,-0.583268975927,0.00338976818419,0.95,1.2527629685,America/Bogota,2025-11-27T08:00:00+00:00,2025-11-27,CO,3688465,1010,True,No festivo,False,False,True,15.67,42272.55,25134.03,True,68001,BUCARAMANGA,68,SANTANDER,2024,True,18.0,academic_illustration,True,madrugada,True,4.352777777777778,11.742375000000001,6.981675,2.6000000000000014,0.0,True,COMPLETE
3,8003,2025-11-30T10:00:00-05:00,Bucaramanga,7.1193,-73.1227,24.4,76.0,0.1,5.6,103.99,True,25523,2025,11,30,10,,VALID,False,,False,False,False,False,False,1.09578059952,-0.47313151653,0.76,0.0953101798043,America/Bogota,2025-11-30T15:00:00+00:00,2025-11-30,CO,3688465,1010,True,No festivo,False,True,True,17.28,42238.5,39600.0,True,68001,BUCARAMANGA,68,SANTANDER,2024,True,18.0,academic_illustration,True,manana,True,4.8,11.732916666666666,11.0,6.399999999999999,0.0,False,COMPLETE
3,8098,2025-12-04T09:00:00-05:00,Bucaramanga,7.1193,-73.1227,23.2,79.0,0.1,5.0,121.01,True,25618,2025,12,4,9,,VALID,False,,False,False,False,False,False,0.565554417801,1.07465326703,0.79,0.0953101798043,America/Bogota,2025-12-04T14:00:00+00:00,2025-12-04,CO,3688465,1010,True,No festivo,False,False,True,16.75,42198.96,39600.0,True,68001,BUCARAMANGA,68,SANTANDER,2024,True,18.0,academic_illustration,True,manana,True,4.652777777777778,11.721933333333332,11.0,5.199999999999999,0.0,True,COMPLETE
3,8118,2025-12-05T05:00:00-05:00,Bucaramanga,7.1193,-73.1227,18.7,97.0,0.4,4.8,109.84,True,25638,2025,12,5,5,,VALID,False,,False,False,False,False,False,-1.42279376365,0.0588626658322,0.97,0.336472236621,America/Bogota,2025-12-05T10:00:00+00:00,2025-12-05,CO,3688465,1010,True,No festivo,False,False,True,12.61,42190.23,27249.78,True,68001,BUCARAMANGA,68,SANTANDER,2024,True,18.0,academic_illustration,True,madrugada,True,3.5027777777777773,11.719508333333334,7.569383333333333,0.6999999999999993,0.0,True,COMPLETE
3,8182,2025-12-07T21:00:00-05:00,Bucaramanga,7.1193,-73.1227,20.3,98.0,0.0,6.2,129.64,True,25702,2025,12,7,21,,VALID,False,,False,False,False,False,False,-0.715825521357,1.85945835998,0.98,0.0,America/Bogota,2025-12-08T02:00:00+00:00,2025-12-07,CO,3688465,1010,True,No festivo,False,True,True,15.16,42174.27,35266.84,True,68001,BUCARAMANGA,68,SANTANDER,2024,True,18.0,academic_illustration,True,noche,True,4.211111111111111,11.715074999999999,9.796344444444443,2.3000000000000007,0.0,False,COMPLETE
3,8191,2025-12-08T06:00:00-05:00,Bucaramanga,7.1193,-73.1227,19.0,85.0,0.0,1.0,105.66,True,25711,2025,12,8,6,,VALID,False,,False,False,False,False,False,-1.29023721822,-0.321263091822,0.85,0.0,America/Bogota,2025-12-08T11:00:00+00:00,2025-12-08,CO,3688465,1010,True,La Inmaculada Concepción,True,False,True,14.37,42167.07,34870.79,True,68001,BUCARAMANGA,68,SANTANDER,2024,True,18.0,academic_illustration,True,manana,True,3.9916666666666663,11.713075,9.686330555555555,1.0,0.0,False,COMPLETE
3,8267,2025-12-11T10:00:00-05:00,Bucaramanga,7.1193,-73.1227,25.2,65.0,0.0,4.9,102.5,True,25787,2025,12,11,10,,VALID,False,,False,False,False,False,False,1.44926472067,-0.608630889474,0.65,0.0,America/Bogota,2025-12-11T15:00:00+00:00,2025-12-11,CO,3688465,1010,True,No festivo,False,False,True,16.1,42148.78,37684.31,True,68001,BUCARAMANGA,68,SANTANDER,2024,True,18.0,academic_illustration,True,manana,True,4.472222222222222,11.707994444444443,10.467863888888889,7.199999999999999,0.0,True,COMPLETE
3,8292,2025-12-12T11:00:00-05:00,Bucaramanga,7.1193,-73.1227,24.4,76.0,0.1,3.1,100.51,True,25812,2025,12,12,11,,VALID,False,,False,False,False,False,False,1.09578059952,-0.789599850653,0.76,0.0953101798043,America/Bogota,2025-12-12T16:00:00+00:00,2025-12-12,CO,3688465,1010,True,No festivo,False,False,True,14.79,42143.84,30140.21,True,68001,BUCARAMANGA,68,SANTANDER,2024,True,18.0,academic_illustration,True,manana,True,4.108333333333333,11.70662222222222,8.372280555555555,6.399999999999999,0.0,True,COMPLETE
3,8317,2025-12-13T12:00:00-05:00,Bucaramanga,7.1193,-73.1227,24.3,80.0,0.2,7.2,98.32,True,25837,2025,12,13,12,,VALID,False,,False,False,False,False,False,1.05159508438,-0.988756647128,0.8,0.182321556794,America/Bogota,2025-12-13T17:00:00+00:00,2025-12-13,CO,3688465,1010,True,No festivo,False,True,True,15.71,42139.49,38369.52,True,68001,BUCARAMANGA,68,SANTANDER,2024,True,18.0,academic_illustration,True,tarde,True,4.363888888888889,11.705413888888888,10.658199999999999,6.300000000000001,0.0,False,COMPLETE
3,8367,2025-12-15T14:00:00-05:00,Bucaramanga,7.1193,-73.1227,24.3,79.0,0.2,7.1,111.54,True,25887,2025,12,15,14,,VALID,False,,False,False,False,False,False,1.05159508438,0.213459265835,0.79,0.182321556794,America/Bogota,2025-12-15T19:00:00+00:00,2025-12-15,CO,3688465,1010,True,No festivo,False,False,True,14.82,42132.34,31667.41,True,68001,BUCARAMANGA,68,SANTANDER,2024,True,18.0,academic_illustration,True,tarde,True,4.116666666666666,11.703427777777776,8.796502777777778,6.300000000000001,0.0,True,COMPLETE
3,8372,2025-12-15T19:00:00-05:00,Bucaramanga,7.1193,-73.1227,21.2,97.0,5.1,2.9,134.92,True,25892,2025,12,15,19,,VALID,True,precipitation_mm,False,False,True,False,False,-0.318155885067,2.33961721176,0.97,1.80828877118,America/Bogota,2025-12-16T00:00:00+00:00,2025-12-15,CO,3688465,1010,True,No festivo,False,False,True,14.82,42132.34,31667.41,True,68001,BUCARAMANGA,68,SANTANDER,2024,True,18.0,academic_illustration,True,noche,True,4.116666666666666,11.703427777777776,8.796502777777778,3.1999999999999993,0.0,True,COMPLETE
3,8384,2025-12-16T07:00:00-05:00,Bucaramanga,7.1193,-73.1227,20.3,97.0,0.0,4.5,122.25,True,25904,2025,12,16,7,,VALID,False,,False,False,False,False,False,-0.715825521357,1.18741784585,0.97,0.0,America/Bogota,2025-12-16T12:00:00+00:00,2025-12-16,CO,3688465,1010,True,No festivo,False,False,True,16.85,42129.55,39526.65,True,68001,BUCARAMANGA,68,SANTANDER,2024,True,18.0,academic_illustration,True,manana,True,4.680555555555556,11.702652777777779,10.979625,2.3000000000000007,0.0,True,COMPLETE
3,8399,2025-12-16T22:00:00-05:00,Bucaramanga,7.1193,-73.1227,20.4,89.0,0.0,2.1,93.6,True,25919,2025,12,16,22,,VALID,False,,False,False,False,False,False,-0.671640006214,-1.41798956008,0.89,0.0,America/Bogota,2025-12-17T03:00:00+00:00,2025-12-16,CO,3688465,1010,True,No festivo,False,False,True,16.85,42129.55,39526.65,True,68001,BUCARAMANGA,68,SANTANDER,2024,True,18.0,academic_illustration,True,noche,True,4.680555555555556,11.702652777777779,10.979625,2.3999999999999986,0.0,True,COMPLETE
3,8441,2025-12-18T16:00:00-05:00,Bucaramanga,7.1193,-73.1227,23.3,78.0,0.2,5.7,104.4,True,25961,2025,12,18,16,,VALID,False,,False,False,False,False,False,0.609739932944,-0.435846454177,0.78,0.182321556794,America/Bogota,2025-12-18T21:00:00+00:00,2025-12-18,CO,3688465,1010,True,No festivo,False,False,True,16.59,42125.54,37479.72,True,68001,BUCARAMANGA,68,SANTANDER,2024,True,18.0,academic_illustration,True,tarde,True,4.608333333333333,11.701538888888889,10.411033333333334,5.300000000000001,0.0,True,COMPLETE
3,8540,2025-12-22T19:00:00-05:00,Bucaramanga,7.1193,-73.1227,21.3,91.0,0.0,4.1,127.56,True,26060,2025,12,22,19,,VALID,False,,False,False,False,False,False,-0.273970369923,1.67030487292,0.91,0.0,America/Bogota,2025-12-23T00:00:00+00:00,2025-12-22,CO,3688465,1010,True,No festivo,False,False,True,15.99,42123.77,39758.31,True,68001,BUCARAMANGA,68,SANTANDER,2024,True,18.0,academic_illustration,True,noche,True,4.441666666666666,11.701047222222222,11.043975,3.3000000000000007,0.0,True,COMPLETE
3,8543,2025-12-22T22:00:00-05:00,Bucaramanga,7.1193,-73.1227,20.5,90.0,0.0,0.4,98.43,True,26063,2025,12,22,22,,VALID,False,,False,False,False,False,False,-0.62745449107,-0.978753337716,0.9,0.0,America/Bogota,2025-12-23T03:00:00+00:00,2025-12-22,CO,3688465,1010,True,No festivo,False,False,True,15.99,42123.77,39758.31,True,68001,BUCARAMANGA,68,SANTANDER,2024,True,18.0,academic_illustration,True,noche,True,4.441666666666666,11.701047222222222,11.043975,2.5,0.0,True,COMPLETE
3,8556,2025-12-23T11:00:00-05:00,Bucaramanga,7.1193,-73.1227,24.8,74.0,0.1,4.8,96.16,True,26076,2025,12,23,11,,VALID,False,,False,False,False,False,False,1.27252266009,-1.18518526831,0.74,0.0953101798043,America/Bogota,2025-12-23T16:00:00+00:00,2025-12-23,CO,3688465,1010,True,No festivo,False,False,True,16.77,42124.63,40774.97,True,68001,BUCARAMANGA,68,SANTANDER,2024,True,18.0,academic_illustration,True,manana,True,4.658333333333333,11.701286111111111,11.326380555555556,6.800000000000001,0.0,True,COMPLETE
3,8620,2025-12-26T03:00:00-05:00,Bucaramanga,7.1193,-73.1227,19.4,88.0,0.6,1.1,104.19,True,26140,2025,12,26,3,,VALID,True,precipitation_mm,False,False,True,False,False,-1.11349515765,-0.454943681236,0.88,0.470003629246,America/Bogota,2025-12-26T08:00:00+00:00,2025-12-26,CO,3688465,1010,True,No festivo,False,False,True,16.97,42130.33,41530.35,True,68001,BUCARAMANGA,68,SANTANDER,2024,True,18.0,academic_illustration,True,madrugada,True,4.713888888888889,11.702869444444445,11.536208333333333,1.3999999999999986,0.0,True,COMPLETE
3,8626,2025-12-26T09:00:00-05:00,Bucaramanga,7.1193,-73.1227,23.2,72.0,0.0,3.7,118.95,True,26146,2025,12,26,9,,VALID,False,,False,False,False,False,False,0.565554417801,0.887318563494,0.72,0.0,America/Bogota,2025-12-26T14:00:00+00:00,2025-12-26,CO,3688465,1010,True,No festivo,False,False,True,16.97,42130.33,41530.35,True,68001,BUCARAMANGA,68,SANTANDER,2024,True,18.0,academic_illustration,True,manana,True,4.713888888888889,11.702869444444445,11.536208333333333,5.199999999999999,0.0,True,COMPLETE
3,8634,2025-12-26T17:00:00-05:00,Bucaramanga,7.1193,-73.1227,23.2,77.0,0.0,5.1,106.66,True,26154,2025,12,26,17,,VALID,False,,False,False,False,False,False,0.565554417801,-0.230323915349,0.77,0.0,America/Bogota,2025-12-26T22:00:00+00:00,2025-12-26,CO,3688465,1010,True,No festivo,False,False,True,16.97,42130.33,41530.35,True,68001,BUCARAMANGA,68,SANTANDER,2024,True,18.0,academic_illustration,True,tarde,True,4.713888888888889,11.702869444444445,11.536208333333333,5.199999999999999,0.0,True,COMPLETE
3,8679,2025-12-28T14:00:00-05:00,Bucaramanga,7.1193,-73.1227,25.9,63.0,0.0,9.8,101.72,True,26199,2025,12,28,14,,VALID,False,,False,False,False,False,False,1.75856332667,-0.679563447122,0.63,0.0,America/Bogota,2025-12-28T19:00:00+00:00,2025-12-28,CO,3688465,1010,True,No festivo,False,True,True,17.7,42136.71,41710.95,True,68001,BUCARAMANGA,68,SANTANDER,2024,True,18.0,academic_illustration,True,tarde,True,4.916666666666666,11.704641666666667,11.586374999999999,7.899999999999999,0.0,False,COMPLETE
3,8711,2025-12-29T22:00:00-05:00,Bucaramanga,7.1193,-73.1227,21.9,80.0,0.3,5.3,104.64,True,26231,2025,12,29,22,,VALID,False,,False,False,False,False,False,-0.00885727906299,-0.414021051823,0.8,0.262364264467,America/Bogota,2025-12-30T03:00:00+00:00,2025-12-29,CO,3688465,1010,True,No festivo,False,False,True,17.22,42140.66,41714.85,True,68001,BUCARAMANGA,68,SANTANDER,2024,True,18.0,academic_illustration,True,noche,True,4.783333333333333,11.70573888888889,11.587458333333332,3.8999999999999986,0.0,True,COMPLETE
4,82,2025-01-04T09:00:00-05:00,Cali,3.4516,-76.532,21.3,81.0,0.1,0.8,138.26,True,26362,2025,1,4,9,,VALID,False,,False,False,False,False,False,-0.281282110249,0.969776092124,0.81,0.0953101798043,America/Bogota,2025-01-04T14:00:00+00:00,2025-01-04,CO,3687925,758,True,No festivo,False,True,True,15.34,42932.89,35224.36,True,76001,SANTIAGO DE CALI,76,VALLE DEL CAUCA,2025,True,18.0,academic_illustration,True,manana,True,4.261111111111111,11.925802777777777,9.784544444444444,3.3000000000000007,0.0,False,COMPLETE
4,102,2025-01-05T05:00:00-05:00,Cali,3.4516,-76.532,18.9,95.0,0.0,3.6,114.37,True,26382,2025,1,5,5,,VALID,False,,False,False,False,False,False,-1.15224665793,-0.998721251568,0.95,0.0,America/Bogota,2025-01-05T10:00:00+00:00,2025-01-05,CO,3687925,758,True,No festivo,False,True,True,9.26,42936.38,18162.86,True,76001,SANTIAGO DE CALI,76,VALLE DEL CAUCA,2025,True,18.0,academic_illustration,True,madrugada,True,2.572222222222222,11.92677222222222,5.045238888888889,0.8999999999999986,0.0,False,COMPLETE
4,166,2025-01-07T21:00:00-05:00,Cali,3.4516,-76.532,20.8,95.0,0.6,3.6,152.22,True,26446,2025,1,7,21,,VALID,True,precipitation_mm,False,False,True,False,False,-0.462733057683,2.12005750351,0.95,0.470003629246,America/Bogota,2025-01-08T02:00:00+00:00,2025-01-07,CO,3687925,758,True,No festivo,False,False,True,15.64,42943.99,36187.04,True,76001,SANTIAGO DE CALI,76,VALLE DEL CAUCA,2025,True,18.0,academic_illustration,True,noche,True,4.344444444444444,11.92888611111111,10.051955555555557,2.8000000000000007,0.0,True,COMPLETE
4,175,2025-01-08T06:00:00-05:00,Cali,3.4516,-76.532,18.9,95.0,0.3,1.7,112.84,True,26455,2025,1,8,6,,VALID,False,,False,False,False,False,False,-1.15224665793,-1.12479077588,0.95,0.262364264467,America/Bogota,2025-01-08T11:00:00+00:00,2025-01-08,CO,3687925,758,True,No festivo,False,False,True,14.37,42948.17,32317.7,True,76001,SANTIAGO DE CALI,76,VALLE DEL CAUCA,2025,True,18.0,academic_illustration,True,manana,True,3.9916666666666663,11.930047222222221,8.97713888888889,0.8999999999999986,0.0,True,COMPLETE
4,251,2025-01-11T10:00:00-05:00,Cali,3.4516,-76.532,23.8,67.0,0.0,4.0,128.55,True,26531,2025,1,11,10,,VALID,False,,False,False,False,False,False,0.625972626923,0.169687803834,0.67,0.0,America/Bogota,2025-01-11T15:00:00+00:00,2025-01-11,CO,3687925,758,True,No festivo,False,True,True,18.15,42962.23,40123.29,True,76001,SANTIAGO DE CALI,76,VALLE DEL CAUCA,2025,True,18.0,academic_illustration,True,manana,True,5.041666666666666,11.933952777777778,11.145358333333334,5.800000000000001,0.0,False,COMPLETE
4,276,2025-01-12T11:00:00-05:00,Cali,3.4516,-76.532,25.3,66.0,0.0,4.7,116.68,True,26556,2025,1,12,11,,VALID,False,,False,False,False,False,False,1.17032546923,-0.808380989369,0.66,0.0,America/Bogota,2025-01-12T16:00:00+00:00,2025-01-12,CO,3687925,758,True,No festivo,False,True,True,18.8,42967.4,40627.04,True,76001,SANTIAGO DE CALI,76,VALLE DEL CAUCA,2025,True,18.0,academic_illustration,True,manana,True,5.222222222222222,11.93538888888889,11.28528888888889,7.300000000000001,0.0,False,COMPLETE
4,301,2025-01-13T12:00:00-05:00,Cali,3.4516,-76.532,26.8,58.0,0.0,2.4,120.58,True,26581,2025,1,13,12,,VALID,False,,False,False,False,False,False,1.71467831153,-0.487027299943,0.58,0.0,America/Bogota,2025-01-13T17:00:00+00:00,2025-01-13,CO,3687925,758,True,No festivo,False,False,True,19.84,42972.78,41129.21,True,76001,SANTIAGO DE CALI,76,VALLE DEL CAUCA,2025,True,18.0,academic_illustration,True,tarde,True,5.511111111111111,11.936883333333332,11.424780555555555,8.8,0.0,True,COMPLETE
4,351,2025-01-15T14:00:00-05:00,Cali,3.4516,-76.532,28.4,47.0,0.0,5.3,126.65,True,26631,2025,1,15,14,,VALID,False,,False,False,False,False,False,2.29532134332,0.0131308782158,0.47,0.0,America/Bogota,2025-01-15T19:00:00+00:00,2025-01-15,CO,3687925,758,True,No festivo,False,False,True,21.07,42984.19,41387.63,True,76001,SANTIAGO DE CALI,76,VALLE DEL CAUCA,2025,True,18.0,academic_illustration,True,tarde,True,5.852777777777778,11.940052777777778,11.496563888888888,10.399999999999999,0.0,True,COMPLETE
4,356,2025-01-15T19:00:00-05:00,Cali,3.4516,-76.532,21.3,89.0,0.4,2.2,131.77,True,26636,2025,1,15,19,,VALID,False,,False,False,False,False,False,-0.281282110249,0.435010593565,0.89,0.336472236621,America/Bogota,2025-01-16T00:00:00+00:00,2025-01-15,CO,3687925,758,True,No festivo,False,False,True,21.07,42984.19,41387.63,True,76001,SANTIAGO DE CALI,76,VALLE DEL CAUCA,2025,True,18.0,academic_illustration,True,noche,True,5.852777777777778,11.940052777777778,11.496563888888888,3.3000000000000007,0.0,True,COMPLETE
4,368,2025-01-16T07:00:00-05:00,Cali,3.4516,-76.532,19.2,88.0,0.0,1.3,146.17,True,26648,2025,1,16,7,,VALID,False,,False,False,False,False,False,-1.04337608947,1.62154729299,0.88,0.0,America/Bogota,2025-01-16T12:00:00+00:00,2025-01-16,CO,3687925,758,True,No festivo,False,False,True,19.72,42990.19,38742.74,True,76001,SANTIAGO DE CALI,76,VALLE DEL CAUCA,2025,True,18.0,academic_illustration,True,manana,True,5.477777777777777,11.941719444444445,10.761872222222221,1.1999999999999993,0.0,True,COMPLETE
4,383,2025-01-16T22:00:00-05:00,Cali,3.4516,-76.532,20.0,90.0,0.1,1.1,113.58,True,26663,2025,1,16,22,,VALID,False,,False,False,False,False,False,-0.753054573578,-1.06381597327,0.9,0.0953101798043,America/Bogota,2025-01-17T03:00:00+00:00,2025-01-16,CO,3687925,758,True,No festivo,False,False,True,19.72,42990.19,38742.74,True,76001,SANTIAGO DE CALI,76,VALLE DEL CAUCA,2025,True,18.0,academic_illustration,True,noche,True,5.477777777777777,11.941719444444445,10.761872222222221,2.0,0.0,True,COMPLETE
4,425,2025-01-18T16:00:00-05:00,Cali,3.4516,-76.532,26.6,59.0,0.0,7.9,133.15,True,26705,2025,1,18,16,,VALID,False,,False,False,False,False,False,1.64209793255,0.548720360593,0.59,0.0,America/Bogota,2025-01-18T21:00:00+00:00,2025-01-18,CO,3687925,758,True,No festivo,False,True,True,20.29,43002.74,40908.77,True,76001,SANTIAGO DE CALI,76,VALLE DEL CAUCA,2025,True,18.0,academic_illustration,True,tarde,True,5.636111111111111,11.945205555555555,11.363547222222222,8.600000000000001,0.0,False,COMPLETE
4,524,2025-01-22T19:00:00-05:00,Cali,3.4516,-76.532,20.9,94.0,0.6,1.0,143.68,True,26804,2025,1,22,19,,VALID,True,precipitation_mm,False,False,True,False,False,-0.426442868196,1.41637532204,0.94,0.470003629246,America/Bogota,2025-01-23T00:00:00+00:00,2025-01-22,CO,3687925,758,True,No festivo,False,False,True,22.58,43029.83,41411.79,True,76001,SANTIAGO DE CALI,76,VALLE DEL CAUCA,2025,True,18.0,academic_illustration,True,noche,True,6.272222222222221,11.952730555555556,11.503275,2.8999999999999986,0.0,True,COMPLETE
4,527,2025-01-22T22:00:00-05:00,Cali,3.4516,-76.532,21.2,87.0,0.0,3.7,120.4,True,26807,2025,1,22,22,,VALID,False,,False,False,False,False,False,-0.317572299735,-0.501859008686,0.87,0.0,America/Bogota,2025-01-23T03:00:00+00:00,2025-01-22,CO,3687925,758,True,No festivo,False,False,True,22.58,43029.83,41411.79,True,76001,SANTIAGO DE CALI,76,VALLE DEL CAUCA,2025,True,18.0,academic_illustration,True,noche,True,6.272222222222221,11.952730555555556,11.503275,3.1999999999999993,0.0,True,COMPLETE
4,540,2025-01-23T11:00:00-05:00,Cali,3.4516,-76.532,25.8,57.0,0.0,4.2,121.04,True,26820,2025,1,23,11,,VALID,False,,False,False,False,False,False,1.35177641666,-0.449124044267,0.57,0.0,America/Bogota,2025-01-23T16:00:00+00:00,2025-01-23,CO,3687925,758,True,No festivo,False,False,True,22.06,43036.96,40192.54,True,76001,SANTIAGO DE CALI,76,VALLE DEL CAUCA,2025,True,18.0,academic_illustration,True,manana,True,6.127777777777777,11.954711111111111,11.164594444444445,7.800000000000001,0.0,True,COMPLETE
4,604,2025-01-26T03:00:00-05:00,Cali,3.4516,-76.532,18.6,90.0,0.0,1.4,124.21,True,26884,2025,1,26,3,,VALID,False,,False,False,False,False,False,-1.26111722639,-0.18792117363,0.9,0.0,America/Bogota,2025-01-26T08:00:00+00:00,2025-01-26,CO,3687925,758,True,No festivo,False,True,True,13.14,43059.1,28678.16,True,76001,SANTIAGO DE CALI,76,VALLE DEL CAUCA,2025,True,18.0,academic_illustration,True,madrugada,True,3.65,11.960861111111111,7.966155555555556,0.6000000000000014,0.0,False,COMPLETE
4,610,2025-01-26T09:00:00-05:00,Cali,3.4516,-76.532,21.9,76.0,0.0,1.8,133.35,True,26890,2025,1,26,9,,VALID,False,,False,False,False,False,False,-0.0635409733275,0.565200036974,0.76,0.0,America/Bogota,2025-01-26T14:00:00+00:00,2025-01-26,CO,3687925,758,True,No festivo,False,True,True,13.14,43059.1,28678.16,True,76001,SANTIAGO DE CALI,76,VALLE DEL CAUCA,2025,True,18.0,academic_illustration,True,manana,True,3.65,11.960861111111111,7.966155555555556,3.8999999999999986,0.0,False,COMPLETE
4,618,2025-01-26T17:00:00-05:00,Cali,3.4516,-76.532,24.8,67.0,0.3,2.7,118.19,True,26898,2025,1,26,17,,VALID,False,,False,False,False,False,False,0.988874521791,-0.683959432694,0.67,0.262364264467,America/Bogota,2025-01-26T22:00:00+00:00,2025-01-26,CO,3687925,758,True,No festivo,False,True,True,13.14,43059.1,28678.16,True,76001,SANTIAGO DE CALI,76,VALLE DEL CAUCA,2025,True,18.0,academic_illustration,True,tarde,True,3.65,11.960861111111111,7.966155555555556,6.800000000000001,0.0,False,COMPLETE
4,663,2025-01-28T14:00:00-05:00,Cali,3.4516,-76.532,27.1,59.0,0.4,11.2,118.23,True,26943,2025,1,28,14,,VALID,True,wind_speed_kmh,False,False,False,True,False,1.82354887999,-0.680663497418,0.59,0.336472236621,America/Bogota,2025-01-28T19:00:00+00:00,2025-01-28,CO,3687925,758,True,No festivo,False,False,True,15.34,43074.56,26757.45,True,76001,SANTIAGO DE CALI,76,VALLE DEL CAUCA,2025,True,18.0,academic_illustration,True,tarde,True,4.261111111111111,11.965155555555555,7.432625,9.100000000000001,0.0,True,COMPLETE
4,695,2025-01-29T22:00:00-05:00,Cali,3.4516,-76.532,22.5,82.0,0.5,5.6,117.73,True,26975,2025,1,29,22,,VALID,False,,False,False,False,False,False,0.154200163594,-0.72186268837,0.82,0.405465108108,America/Bogota,2025-01-30T03:00:00+00:00,2025-01-29,CO,3687925,758,True,No festivo,False,False,True,15.71,43082.59,24420.29,True,76001,SANTIAGO DE CALI,76,VALLE DEL CAUCA,2025,True,18.0,academic_illustration,True,noche,True,4.363888888888889,11.96738611111111,6.783413888888889,4.5,0.0,True,COMPLETE
4,799,2025-02-03T06:00:00-05:00,Cali,3.4516,-76.532,18.5,98.0,0.1,1.7,117.55,True,27079,2025,2,3,6,,VALID,False,,False,False,False,False,False,-1.29740741588,-0.736694397113,0.98,0.0953101798043,America/Bogota,2025-02-03T11:00:00+00:00,2025-02-03,CO,3687925,758,True,No festivo,False,False,True,14.22,43125.4,33661.9,True,76001,SANTIAGO DE CALI,76,VALLE DEL CAUCA,2025,True,18.0,academic_illustration,True,manana,True,3.95,11.979277777777778,9.350527777777778,0.5,0.0,True,COMPLETE
4,808,2025-02-03T15:00:00-05:00,Cali,3.4516,-76.532,27.3,56.0,0.0,5.6,117.57,True,27088,2025,2,3,15,,VALID,False,,False,False,False,False,False,1.89612925896,-0.735046429475,0.56,0.0,America/Bogota,2025-02-03T20:00:00+00:00,2025-02-03,CO,3687925,758,True,No festivo,False,False,True,14.22,43125.4,33661.9,True,76001,SANTIAGO DE CALI,76,VALLE DEL CAUCA,2025,True,18.0,academic_illustration,True,tarde,True,3.95,11.979277777777778,9.350527777777778,9.3,0.0,True,COMPLETE
4,826,2025-02-04T09:00:00-05:00,Cali,3.4516,-76.532,21.3,89.0,0.1,2.3,135.93,True,27106,2025,2,4,9,,VALID,False,,False,False,False,False,False,-0.281282110249,0.777787862287,0.89,0.0953101798043,America/Bogota,2025-02-04T14:00:00+00:00,2025-02-04,CO,3687925,758,True,No festivo,False,False,True,14.28,43134.42,32326.82,True,76001,SANTIAGO DE CALI,76,VALLE DEL CAUCA,2025,True,18.0,academic_illustration,True,manana,True,3.9666666666666663,11.981783333333333,8.979672222222222,3.3000000000000007,0.0,True,COMPLETE
4,835,2025-02-04T18:00:00-05:00,Cali,3.4516,-76.532,22.9,79.0,0.0,1.6,144.77,True,27115,2025,2,4,18,,VALID,False,,False,False,False,False,False,0.299360921541,1.50618955832,0.79,0.0,America/Bogota,2025-02-04T23:00:00+00:00,2025-02-04,CO,3687925,758,True,No festivo,False,False,True,14.28,43134.42,32326.82,True,76001,SANTIAGO DE CALI,76,VALLE DEL CAUCA,2025,True,18.0,academic_illustration,True,noche,True,3.9666666666666663,11.981783333333333,8.979672222222222,4.899999999999999,0.0,True,COMPLETE
4,900,2025-02-07T11:00:00-05:00,Cali,3.4516,-76.532,25.2,61.0,0.0,2.4,125.07,True,27180,2025,2,7,11,,VALID,False,,False,False,False,False,False,1.13403527974,-0.117058565193,0.61,0.0,America/Bogota,2025-02-07T16:00:00+00:00,2025-02-07,CO,3687925,758,True,No festivo,False,False,True,18.05,43162.2,33893.31,True,76001,SANTIAGO DE CALI,76,VALLE DEL CAUCA,2025,True,18.0,academic_illustration,True,manana,True,5.013888888888889,11.9895,9.414808333333333,7.199999999999999,0.0,True,COMPLETE
4,903,2025-02-07T14:00:00-05:00,Cali,3.4516,-76.532,26.4,64.0,0.0,0.9,135.59,True,27183,2025,2,7,14,,VALID,False,,False,False,False,False,False,1.56951755358,0.74977241244,0.64,0.0,America/Bogota,2025-02-07T19:00:00+00:00,2025-02-07,CO,3687925,758,True,No festivo,False,False,True,18.05,43162.2,33893.31,True,76001,SANTIAGO DE CALI,76,VALLE DEL CAUCA,2025,True,18.0,academic_illustration,True,tarde,True,5.013888888888889,11.9895,9.414808333333333,8.399999999999999,0.0,True,COMPLETE
4,944,2025-02-09T07:00:00-05:00,Cali,3.4516,-76.532,18.5,97.0,0.0,2.7,141.3,True,27224,2025,2,9,7,,VALID,False,,False,False,False,False,False,-1.29740741588,1.22026717311,0.97,0.0,America/Bogota,2025-02-09T12:00:00+00:00,2025-02-09,CO,3687925,758,True,No festivo,False,True,True,10.94,43181.23,8708.46,True,76001,SANTIAGO DE CALI,76,VALLE DEL CAUCA,2025,True,18.0,academic_illustration,True,manana,True,3.0388888888888888,11.994786111111113,2.4190166666666664,0.5,0.0,False,COMPLETE
4,956,2025-02-09T19:00:00-05:00,Cali,3.4516,-76.532,20.6,98.0,0.3,3.6,148.82,True,27236,2025,2,9,19,,VALID,False,,False,False,False,False,False,-0.535313436657,1.83990300503,0.98,0.262364264467,America/Bogota,2025-02-10T00:00:00+00:00,2025-02-09,CO,3687925,758,True,No festivo,False,True,True,10.94,43181.23,8708.46,True,76001,SANTIAGO DE CALI,76,VALLE DEL CAUCA,2025,True,18.0,academic_illustration,True,noche,True,3.0388888888888888,11.994786111111113,2.4190166666666664,2.6000000000000014,0.0,False,COMPLETE
4,966,2025-02-10T05:00:00-05:00,Cali,3.4516,-76.532,18.6,98.0,0.0,1.7,121.84,True,27246,2025,2,10,5,,VALID,False,,False,False,False,False,False,-1.26111722639,-0.383205338743,0.98,0.0,America/Bogota,2025-02-10T10:00:00+00:00,2025-02-10,CO,3687925,758,True,No festivo,False,False,True,12.93,43190.86,29518.64,True,76001,SANTIAGO DE CALI,76,VALLE DEL CAUCA,2025,True,18.0,academic_illustration,True,madrugada,True,3.5916666666666663,11.997461111111111,8.199622222222223,0.6000000000000014,0.0,True,COMPLETE
4,1009,2025-02-12T00:00:00-05:00,Cali,3.4516,-76.532,19.4,92.0,0.0,1.1,118.92,True,27289,2025,2,12,0,,VALID,False,,False,False,False,False,False,-0.970795710499,-0.623808613904,0.92,0.0,America/Bogota,2025-02-12T05:00:00+00:00,2025-02-12,CO,3687925,758,True,No festivo,False,False,True,15.98,43210.33,30833.84,True,76001,SANTIAGO DE CALI,76,VALLE DEL CAUCA,2025,True,18.0,academic_illustration,True,madrugada,True,4.438888888888889,12.002869444444444,8.564955555555555,1.3999999999999986,0.0,True,COMPLETE
4,1020,2025-02-12T11:00:00-05:00,Cali,3.4516,-76.532,24.3,73.0,0.0,4.4,123.69,True,27300,2025,2,12,11,,VALID,False,,False,False,False,False,False,0.807423574357,-0.230768332221,0.73,0.0,America/Bogota,2025-02-12T16:00:00+00:00,2025-02-12,CO,3687925,758,True,No festivo,False,False,True,15.98,43210.33,30833.84,True,76001,SANTIAGO DE CALI,76,VALLE DEL CAUCA,2025,True,18.0,academic_illustration,True,manana,True,4.438888888888889,12.002869444444444,8.564955555555555,6.300000000000001,0.0,True,COMPLETE
4,1044,2025-02-13T11:00:00-05:00,Cali,3.4516,-76.532,23.7,77.0,0.1,4.0,117.21,True,27324,2025,2,13,11,,VALID,False,,False,False,False,False,False,0.589682437436,-0.76470984696,0.77,0.0953101798043,America/Bogota,2025-02-13T16:00:00+00:00,2025-02-13,CO,3687925,758,True,No festivo,False,False,True,9.62,43220.15,19455.28,True,76001,SANTIAGO DE CALI,76,VALLE DEL CAUCA,2025,True,18.0,academic_illustration,True,manana,True,2.672222222222222,12.005597222222223,5.404244444444444,5.699999999999999,0.0,True,COMPLETE
4,1055,2025-02-13T22:00:00-05:00,Cali,3.4516,-76.532,20.1,96.0,3.5,0.9,113.27,True,27335,2025,2,13,22,,VALID,True,precipitation_mm,False,False,True,False,False,-0.716764384091,-1.08935947166,0.96,1.50407739678,America/Bogota,2025-02-14T03:00:00+00:00,2025-02-13,CO,3687925,758,True,No festivo,False,False,True,9.62,43220.15,19455.28,True,76001,SANTIAGO DE CALI,76,VALLE DEL CAUCA,2025,True,18.0,academic_illustration,True,noche,True,2.672222222222222,12.005597222222223,5.404244444444444,2.1000000000000014,0.0,True,COMPLETE
4,1099,2025-02-15T18:00:00-05:00,Cali,3.4516,-76.532,21.8,83.0,0.0,2.6,138.72,True,27379,2025,2,15,18,,VALID,False,,False,False,False,False,False,-0.0998311628144,1.0076793478,0.83,0.0,America/Bogota,2025-02-15T23:00:00+00:00,2025-02-15,CO,3687925,758,True,No festivo,False,True,True,16.66,43239.9,33614.14,True,76001,SANTIAGO DE CALI,76,VALLE DEL CAUCA,2025,True,18.0,academic_illustration,True,noche,True,4.627777777777777,12.011083333333334,9.337261111111111,3.8000000000000007,0.0,False,COMPLETE
4,1106,2025-02-16T01:00:00-05:00,Cali,3.4516,-76.532,18.9,98.0,1.1,1.2,123.22,True,27386,2025,2,16,1,,VALID,True,precipitation_mm,False,False,True,False,False,-1.15224665793,-0.269495571716,0.98,0.741937344729,America/Bogota,2025-02-16T06:00:00+00:00,2025-02-16,CO,3687925,758,True,No festivo,False,True,True,10.73,43249.84,16277.66,True,76001,SANTIAGO DE CALI,76,VALLE DEL CAUCA,2025,True,18.0,academic_illustration,True,madrugada,True,2.9805555555555556,12.013844444444443,4.521572222222222,0.8999999999999986,0.0,False,COMPLETE
4,1107,2025-02-16T02:00:00-05:00,Cali,3.4516,-76.532,19.1,97.0,0.8,1.8,123.83,True,27387,2025,2,16,2,,VALID,True,precipitation_mm,False,False,True,False,False,-1.07966627896,-0.219232558754,0.97,0.587786664902,America/Bogota,2025-02-16T07:00:00+00:00,2025-02-16,CO,3687925,758,True,No festivo,False,True,True,10.73,43249.84,16277.66,True,76001,SANTIAGO DE CALI,76,VALLE DEL CAUCA,2025,True,18.0,academic_illustration,True,madrugada,True,2.9805555555555556,12.013844444444443,4.521572222222222,1.1000000000000014,0.0,False,COMPLETE
4,1226,2025-02-21T01:00:00-05:00,Cali,3.4516,-76.532,19.6,98.0,1.5,1.4,131.96,True,27506,2025,2,21,1,,VALID,True,precipitation_mm,False,False,True,False,False,-0.898215331525,0.450666286127,0.98,0.916290731874,America/Bogota,2025-02-21T06:00:00+00:00,2025-02-21,CO,3687925,758,True,No festivo,False,False,True,13.78,43301.49,31382.42,True,76001,SANTIAGO DE CALI,76,VALLE DEL CAUCA,2025,True,18.0,academic_illustration,True,madrugada,True,3.8277777777777775,12.028191666666666,8.717338888888888,1.6000000000000014,0.0,True,COMPLETE
4,1289,2025-02-23T16:00:00-05:00,Cali,3.4516,-76.532,24.8,74.0,0.1,3.3,116.22,True,27569,2025,2,23,16,,VALID,False,,False,False,False,False,False,0.988874521791,-0.846284245045,0.74,0.0953101798043,America/Bogota,2025-02-23T21:00:00+00:00,2025-02-23,CO,3687925,758,True,No festivo,False,True,True,14.58,43322.89,28797.82,True,76001,SANTIAGO DE CALI,76,VALLE DEL CAUCA,2025,True,18.0,academic_illustration,True,tarde,True,4.05,12.034136111111112,7.9993944444444445,6.800000000000001,0.0,False,COMPLETE
4,1347,2025-02-26T02:00:00-05:00,Cali,3.4516,-76.532,19.8,98.0,0.0,2.8,120.9,True,27627,2025,2,26,2,,VALID,False,,False,False,False,False,False,-0.825634952551,-0.460659817733,0.98,0.0,America/Bogota,2025-02-26T07:00:00+00:00,2025-02-26,CO,3687925,758,True,No festivo,False,False,True,13.67,43355.57,27534.34,True,76001,SANTIAGO DE CALI,76,VALLE DEL CAUCA,2025,True,18.0,academic_illustration,True,madrugada,True,3.797222222222222,12.04321388888889,7.648427777777778,1.8000000000000007,0.0,True,COMPLETE
4,1384,2025-02-27T15:00:00-05:00,Cali,3.4516,-76.532,25.7,70.0,0.0,4.5,121.58,True,27664,2025,2,27,15,,VALID,False,,False,False,False,False,False,1.31548622717,-0.404628918039,0.7,0.0,America/Bogota,2025-02-27T20:00:00+00:00,2025-02-27,CO,3687925,758,True,No festivo,False,False,True,15.37,43366.58,30850.34,True,76001,SANTIAGO DE CALI,76,VALLE DEL CAUCA,2025,True,18.0,academic_illustration,True,tarde,True,4.269444444444444,12.046272222222223,8.56953888888889,7.699999999999999,0.0,True,COMPLETE
4,1498,2025-03-04T09:00:00-05:00,Cali,3.4516,-76.532,21.3,89.0,0.0,4.6,127.4,True,27778,2025,3,4,9,,VALID,False,,False,False,False,False,False,-0.281282110249,0.074929664644,0.89,0.0,America/Bogota,2025-03-04T14:00:00+00:00,2025-03-04,CO,3687925,758,True,No festivo,False,False,True,10.08,43422.11,9160.03,True,76001,SANTIAGO DE CALI,76,VALLE DEL CAUCA,2025,True,18.0,academic_illustration,True,manana,True,2.8,12.061697222222222,2.544452777777778,3.3000000000000007,0.0,True,COMPLETE
4,1518,2025-03-05T05:00:00-05:00,Cali,3.4516,-76.532,19.1,95.0,0.1,3.6,112.48,True,27798,2025,3,5,5,,VALID,False,,False,False,False,False,False,-1.07966627896,-1.15445419337,0.95,0.0953101798043,America/Bogota,2025-03-05T10:00:00+00:00,2025-03-05,CO,3687925,758,True,No festivo,False,False,True,11.03,43433.25,21328.86,True,76001,SANTIAGO DE CALI,76,VALLE DEL CAUCA,2025,True,18.0,academic_illustration,True,madrugada,True,3.0638888888888887,12.064791666666666,5.924683333333333,1.1000000000000014,0.0,True,COMPLETE
4,1582,2025-03-07T21:00:00-05:00,Cali,3.4516,-76.532,20.3,96.0,2.1,6.4,163.65,True,27862,2025,3,7,21,,VALID,True,precipitation_mm|energy_kwh,False,False,True,False,True,-0.644184005117,3.06187100867,0.96,1.13140211149,America/Bogota,2025-03-08T02:00:00+00:00,2025-03-07,CO,3687925,758,True,No festivo,False,False,True,16.69,43455.5,27708.67,True,76001,SANTIAGO DE CALI,76,VALLE DEL CAUCA,2025,True,18.0,academic_illustration,True,noche,True,4.636111111111111,12.070972222222222,7.696852777777777,2.3000000000000007,0.0,True,COMPLETE
4,1591,2025-03-08T06:00:00-05:00,Cali,3.4516,-76.532,18.6,95.0,0.2,2.6,119.6,True,27871,2025,3,8,6,,VALID,False,,False,False,False,False,False,-1.26111722639,-0.567777714209,0.95,0.182321556794,America/Bogota,2025-03-08T11:00:00+00:00,2025-03-08,CO,3687925,758,True,No festivo,False,True,True,15.76,43466.62,21796.0,True,76001,SANTIAGO DE CALI,76,VALLE DEL CAUCA,2025,True,18.0,academic_illustration,True,manana,True,4.377777777777777,12.074061111111112,6.054444444444444,0.6000000000000014,0.0,False,COMPLETE
4,1667,2025-03-11T10:00:00-05:00,Cali,3.4516,-76.532,22.8,78.0,0.6,3.7,123.23,True,27947,2025,3,11,10,,VALID,True,precipitation_mm,False,False,True,False,False,0.263070732054,-0.268671587897,0.78,0.470003629246,America/Bogota,2025-03-11T15:00:00+00:00,2025-03-11,CO,3687925,758,True,No festivo,False,False,True,17.87,43500.49,30039.6,True,76001,SANTIAGO DE CALI,76,VALLE DEL CAUCA,2025,True,18.0,academic_illustration,True,manana,True,4.9638888888888895,12.083469444444443,8.344333333333333,4.800000000000001,0.0,True,COMPLETE
4,1692,2025-03-12T11:00:00-05:00,Cali,3.4516,-76.532,22.0,74.0,0.1,4.7,109.85,True,27972,2025,3,12,11,,VALID,False,,False,False,False,False,False,-0.0272507838407,-1.37116193778,0.74,0.0953101798043,America/Bogota,2025-03-12T16:00:00+00:00,2025-03-12,CO,3687925,758,True,No festivo,False,False,True,15.08,43511.92,30159.4,True,76001,SANTIAGO DE CALI,76,VALLE DEL CAUCA,2025,True,18.0,academic_illustration,True,manana,True,4.188888888888889,12.086644444444444,8.377611111111111,4.0,0.0,True,COMPLETE
4,1717,2025-03-13T12:00:00-05:00,Cali,3.4516,-76.532,26.7,63.0,0.0,1.0,109.59,True,27997,2025,3,13,12,,VALID,False,,False,False,False,False,False,1.67838812204,-1.39258551707,0.63,0.0,America/Bogota,2025-03-13T17:00:00+00:00,2025-03-13,CO,3687925,758,True,No festivo,False,False,True,19.5,43523.4,30441.3,True,76001,SANTIAGO DE CALI,76,VALLE DEL CAUCA,2025,True,18.0,academic_illustration,True,tarde,True,5.416666666666667,12.089833333333333,8.455916666666667,8.7,0.0,True,COMPLETE
4,1767,2025-03-15T14:00:00-05:00,Cali,3.4516,-76.532,25.6,69.0,0.2,2.2,123.14,True,28047,2025,3,15,14,,VALID,False,,False,False,False,False,False,1.27919603769,-0.276087442268,0.69,0.182321556794,America/Bogota,2025-03-15T19:00:00+00:00,2025-03-15,CO,3687925,758,True,No festivo,False,True,True,18.18,43546.53,34701.92,True,76001,SANTIAGO DE CALI,76,VALLE DEL CAUCA,2025,True,18.0,academic_illustration,True,tarde,True,5.05,12.096258333333333,9.639422222222223,7.600000000000001,0.0,False,COMPLETE
4,1772,2025-03-15T19:00:00-05:00,Cali,3.4516,-76.532,21.1,91.0,0.0,2.5,143.39,True,28052,2025,3,15,19,,VALID,False,,False,False,False,False,False,-0.353862489222,1.39247979129,0.91,0.0,America/Bogota,2025-03-16T00:00:00+00:00,2025-03-15,CO,3687925,758,True,No festivo,False,True,True,18.18,43546.53,34701.92,True,76001,SANTIAGO DE CALI,76,VALLE DEL CAUCA,2025,True,18.0,academic_illustration,True,noche,True,5.05,12.096258333333333,9.639422222222223,3.1000000000000014,0.0,False,COMPLETE
4,1784,2025-03-16T07:00:00-05:00,Cali,3.4516,-76.532,18.9,82.0,0.0,2.0,142.29,True,28064,2025,3,16,7,,VALID,False,,False,False,False,False,False,-1.15224665793,1.3018415712,0.82,0.0,America/Bogota,2025-03-16T12:00:00+00:00,2025-03-16,CO,3687925,758,True,No festivo,False,True,True,18.53,43558.15,38435.91,True,76001,SANTIAGO DE CALI,76,VALLE DEL CAUCA,2025,True,18.0,academic_illustration,True,manana,True,5.147222222222222,12.099486111111112,10.676641666666667,0.8999999999999986,0.0,False,COMPLETE
4,1799,2025-03-16T22:00:00-05:00,Cali,3.4516,-76.532,20.2,99.0,0.3,0.4,120.48,True,28079,2025,3,16,22,,VALID,False,,False,False,False,False,False,-0.680474194604,-0.495267138133,0.99,0.262364264467,America/Bogota,2025-03-17T03:00:00+00:00,2025-03-16,CO,3687925,758,True,No festivo,False,True,True,18.53,43558.15,38435.91,True,76001,SANTIAGO DE CALI,76,VALLE DEL CAUCA,2025,True,18.0,academic_illustration,True,noche,True,5.147222222222222,12.099486111111112,10.676641666666667,2.1999999999999993,0.0,False,COMPLETE
4,1841,2025-03-18T16:00:00-05:00,Cali,3.4516,-76.532,24.8,74.0,0.2,3.2,124.58,True,28121,2025,3,18,16,,VALID,False,,False,False,False,False,False,0.988874521791,-0.157433772326,0.74,0.182321556794,America/Bogota,2025-03-18T21:00:00+00:00,2025-03-18,CO,3687925,758,True,No festivo,False,False,True,16.32,43581.47,35065.72,True,76001,SANTIAGO DE CALI,76,VALLE DEL CAUCA,2025,True,18.0,academic_illustration,True,tarde,True,4.533333333333333,12.105963888888889,9.740477777777778,6.800000000000001,0.0,True,COMPLETE
4,1940,2025-03-22T19:00:00-05:00,Cali,3.4516,-76.532,21.7,96.0,0.7,0.9,153.75,True,28220,2025,3,22,19,,VALID,True,precipitation_mm,False,False,True,False,False,-0.136121352301,2.24612702782,0.96,0.530628251062,America/Bogota,2025-03-23T00:00:00+00:00,2025-03-22,CO,3687925,758,True,No festivo,False,True,True,17.36,43628.2,27865.27,True,76001,SANTIAGO DE CALI,76,VALLE DEL CAUCA,2025,True,18.0,academic_illustration,True,noche,True,4.822222222222222,12.118944444444443,7.740352777777778,3.6999999999999993,0.0,False,COMPLETE
4,1943,2025-03-22T22:00:00-05:00,Cali,3.4516,-76.532,21.2,94.0,1.2,7.2,111.27,True,28223,2025,3,22,22,,VALID,True,precipitation_mm,False,False,True,False,False,-0.317572299735,-1.25415623547,0.94,0.788457360364,America/Bogota,2025-03-23T03:00:00+00:00,2025-03-22,CO,3687925,758,True,No festivo,False,True,True,17.36,43628.2,27865.27,True,76001,SANTIAGO DE CALI,76,VALLE DEL CAUCA,2025,True,18.0,academic_illustration,True,noche,True,4.822222222222222,12.118944444444443,7.740352777777778,3.1999999999999993,0.0,False,COMPLETE
4,1956,2025-03-23T11:00:00-05:00,Cali,3.4516,-76.532,26.5,65.0,0.0,0.4,128.01,True,28236,2025,3,23,11,,VALID,False,,False,False,False,False,False,1.60580774307,0.125192677606,0.65,0.0,America/Bogota,2025-03-23T16:00:00+00:00,2025-03-23,CO,3687925,758,True,No festivo,False,True,True,14.97,43639.86,29967.11,True,76001,SANTIAGO DE CALI,76,VALLE DEL CAUCA,2025,True,18.0,academic_illustration,True,manana,True,4.158333333333333,12.122183333333334,8.324197222222223,8.5,0.0,False,COMPLETE
4,2020,2025-03-26T03:00:00-05:00,Cali,3.4516,-76.532,19.5,96.0,0.2,2.4,112.0,True,28300,2025,3,26,3,,VALID,False,,False,False,False,False,False,-0.934505521012,-1.19400541668,0.96,0.182321556794,America/Bogota,2025-03-26T08:00:00+00:00,2025-03-26,CO,3687925,758,True,No festivo,False,False,True,17.89,43674.63,39861.11,True,76001,SANTIAGO DE CALI,76,VALLE DEL CAUCA,2025,True,18.0,academic_illustration,True,madrugada,True,4.969444444444444,12.131841666666666,11.072530555555556,1.5,0.0,True,COMPLETE
4,2026,2025-03-26T09:00:00-05:00,Cali,3.4516,-76.532,22.1,83.0,0.0,5.6,139.11,True,28306,2025,3,26,9,,VALID,False,,False,False,False,False,False,0.00903940564615,1.03981471674,0.83,0.0,America/Bogota,2025-03-26T14:00:00+00:00,2025-03-26,CO,3687925,758,True,No festivo,False,False,True,17.89,43674.63,39861.11,True,76001,SANTIAGO DE CALI,76,VALLE DEL CAUCA,2025,True,18.0,academic_illustration,True,manana,True,4.969444444444444,12.131841666666666,11.072530555555556,4.100000000000001,0.0,True,COMPLETE
4,2034,2025-03-26T17:00:00-05:00,Cali,3.4516,-76.532,23.3,80.0,4.0,7.2,124.36,True,28314,2025,3,26,17,,VALID,True,precipitation_mm,False,False,True,False,False,0.444521679488,-0.175561416345,0.8,1.60943791243,America/Bogota,2025-03-26T22:00:00+00:00,2025-03-26,CO,3687925,758,True,No festivo,False,False,True,17.89,43674.63,39861.11,True,76001,SANTIAGO DE CALI,76,VALLE DEL CAUCA,2025,True,18.0,academic_illustration,True,tarde,True,4.969444444444444,12.131841666666666,11.072530555555556,5.300000000000001,0.0,True,COMPLETE
4,2079,2025-03-28T14:00:00-05:00,Cali,3.4516,-76.532,23.3,77.0,0.7,3.7,120.54,True,28359,2025,3,28,14,,VALID,True,precipitation_mm,False,False,True,False,False,0.444521679488,-0.490323235219,0.77,0.530628251062,America/Bogota,2025-03-28T19:00:00+00:00,2025-03-28,CO,3687925,758,True,No festivo,False,False,True,13.15,43697.58,26126.28,True,76001,SANTIAGO DE CALI,76,VALLE DEL CAUCA,2025,True,18.0,academic_illustration,True,tarde,True,3.6527777777777777,12.138216666666667,7.2573,5.300000000000001,0.0,True,COMPLETE
4,2111,2025-03-29T22:00:00-05:00,Cali,3.4516,-76.532,21.0,93.0,0.0,2.3,114.77,True,28391,2025,3,29,22,,VALID,False,,False,False,False,False,False,-0.390152678709,-0.965761898806,0.93,0.0,America/Bogota,2025-03-30T03:00:00+00:00,2025-03-29,CO,3687925,758,True,No festivo,False,True,True,13.28,43709.1,20731.05,True,76001,SANTIAGO DE CALI,76,VALLE DEL CAUCA,2025,True,18.0,academic_illustration,True,noche,True,3.6888888888888887,12.141416666666666,5.758624999999999,3.0,0.0,False,COMPLETE
4,2200,2025-04-02T15:00:00-05:00,Cali,3.4516,-76.532,26.2,62.0,0.0,2.0,119.77,True,28480,2025,4,2,15,,VALID,False,,False,False,False,False,False,1.49693717461,-0.553769989285,0.62,0.0,America/Bogota,2025-04-02T20:00:00+00:00,2025-04-02,CO,3687925,758,True,No festivo,False,False,True,11.5,43755.47,15759.37,True,76001,SANTIAGO DE CALI,76,VALLE DEL CAUCA,2025,True,18.0,academic_illustration,True,tarde,True,3.194444444444444,12.154297222222223,4.377602777777778,8.2,0.0,True,COMPLETE
4,2215,2025-04-03T06:00:00-05:00,Cali,3.4516,-76.532,18.6,99.0,0.8,1.8,114.05,True,28495,2025,4,3,6,,VALID,True,precipitation_mm,False,False,True,False,False,-1.26111722639,-1.02508873378,0.99,0.587786664902,America/Bogota,2025-04-03T11:00:00+00:00,2025-04-03,CO,3687925,758,True,No festivo,False,False,True,14.9,43767.11,33722.68,True,76001,SANTIAGO DE CALI,76,VALLE DEL CAUCA,2025,True,18.0,academic_illustration,True,manana,True,4.138888888888889,12.157530555555555,9.367411111111112,0.6000000000000014,0.0,True,COMPLETE
4,2224,2025-04-03T15:00:00-05:00,Cali,3.4516,-76.532,25.8,70.0,0.0,1.8,119.92,True,28504,2025,4,3,15,,VALID,False,,False,False,False,False,False,1.35177641666,-0.541410232,0.7,0.0,America/Bogota,2025-04-03T20:00:00+00:00,2025-04-03,CO,3687925,758,True,No festivo,False,False,True,14.9,43767.11,33722.68,True,76001,SANTIAGO DE CALI,76,VALLE DEL CAUCA,2025,True,18.0,academic_illustration,True,tarde,True,4.138888888888889,12.157530555555555,9.367411111111112,7.800000000000001,0.0,True,COMPLETE
4,2226,2025-04-03T17:00:00-05:00,Cali,3.4516,-76.532,23.2,78.0,1.6,5.4,114.05,True,28506,2025,4,3,17,,VALID,True,precipitation_mm,False,False,True,False,False,0.408231490001,-1.02508873378,0.78,0.955511445027,America/Bogota,2025-04-03T22:00:00+00:00,2025-04-03,CO,3687925,758,True,No festivo,False,False,True,14.9,43767.11,33722.68,True,76001,SANTIAGO DE CALI,76,VALLE DEL CAUCA,2025,True,18.0,academic_illustration,True,tarde,True,4.138888888888889,12.157530555555555,9.367411111111112,5.199999999999999,0.0,True,COMPLETE
4,2247,2025-04-04T14:00:00-05:00,Cali,3.4516,-76.532,24.8,72.0,1.3,1.0,116.37,True,28527,2025,4,4,14,,VALID,True,precipitation_mm,False,False,True,False,False,0.988874521791,-0.83392448776,0.72,0.832909122935,America/Bogota,2025-04-04T19:00:00+00:00,2025-04-04,CO,3687925,758,True,No festivo,False,False,True,12.95,43778.76,18920.43,True,76001,SANTIAGO DE CALI,76,VALLE DEL CAUCA,2025,True,18.0,academic_illustration,True,tarde,True,3.597222222222222,12.160766666666667,5.255675,6.800000000000001,0.0,True,COMPLETE
4,2262,2025-04-05T05:00:00-05:00,Cali,3.4516,-76.532,18.8,84.0,0.0,2.7,123.2,True,28542,2025,4,5,5,,VALID,False,,False,False,False,False,False,-1.18853684742,-0.271143539354,0.84,0.0,America/Bogota,2025-04-05T10:00:00+00:00,2025-04-05,CO,3687925,758,True,No festivo,False,True,True,14.08,43790.4,20982.42,True,76001,SANTIAGO DE CALI,76,VALLE DEL CAUCA,2025,True,18.0,academic_illustration,True,madrugada,True,3.911111111111111,12.164,5.828449999999999,0.8000000000000007,0.0,False,COMPLETE
4,2306,2025-04-07T01:00:00-05:00,Cali,3.4516,-76.532,20.4,91.0,0.2,2.6,115.95,True,28586,2025,4,7,1,,VALID,False,,False,False,False,False,False,-0.60789381563,-0.868531808159,0.91,0.182321556794,America/Bogota,2025-04-07T06:00:00+00:00,2025-04-07,CO,3687925,758,True,No festivo,False,False,True,19.11,43813.64,35485.6,True,76001,SANTIAGO DE CALI,76,VALLE DEL CAUCA,2025,True,18.0,academic_illustration,True,madrugada,True,5.308333333333333,12.170455555555556,9.857111111111111,2.3999999999999986,0.0,True,COMPLETE
4,2359,2025-04-09T06:00:00-05:00,Cali,3.4516,-76.532,19.7,93.0,10.7,6.6,123.08,True,28639,2025,4,9,6,,VALID,True,precipitation_mm,False,False,True,False,False,-0.861925142038,-0.281031345182,0.93,2.4595888418,America/Bogota,2025-04-09T11:00:00+00:00,2025-04-09,CO,3687925,758,True,No festivo,False,False,True,16.02,43836.77,28166.87,True,76001,SANTIAGO DE CALI,76,VALLE DEL CAUCA,2025,True,18.0,academic_illustration,True,manana,True,4.45,12.176880555555554,7.824130555555556,1.6999999999999993,0.0,True,COMPLETE
4,2374,2025-04-09T21:00:00-05:00,Cali,3.4516,-76.532,21.4,92.0,0.0,3.3,140.65,True,28654,2025,4,9,21,,VALID,False,,False,False,False,False,False,-0.244991920762,1.16670822487,0.92,0.0,America/Bogota,2025-04-10T02:00:00+00:00,2025-04-09,CO,3687925,758,True,No festivo,False,False,True,16.02,43836.77,28166.87,True,76001,SANTIAGO DE CALI,76,VALLE DEL CAUCA,2025,True,18.0,academic_illustration,True,noche,True,4.45,12.176880555555554,7.824130555555556,3.3999999999999986,0.0,True,COMPLETE
4,2420,2025-04-11T19:00:00-05:00,Cali,3.4516,-76.532,20.9,92.0,0.0,1.6,162.99,True,28700,2025,4,11,19,,VALID,True,energy_kwh,False,False,False,False,True,-0.426442868196,3.00748807662,0.92,0.0,America/Bogota,2025-04-12T00:00:00+00:00,2025-04-11,CO,3687925,758,True,No festivo,False,False,True,11.17,43859.71,14885.37,True,76001,SANTIAGO DE CALI,76,VALLE DEL CAUCA,2025,True,18.0,academic_illustration,True,noche,True,3.102777777777778,12.183252777777778,4.134825,2.8999999999999986,0.0,True,COMPLETE
4,2451,2025-04-13T02:00:00-05:00,Cali,3.4516,-76.532,20.3,93.0,0.7,0.6,120.02,True,28731,2025,4,13,2,,VALID,True,precipitation_mm,False,False,True,False,False,-0.644184005117,-0.533170393809,0.93,0.530628251062,America/Bogota,2025-04-13T07:00:00+00:00,2025-04-13,CO,3687925,758,True,No festivo,False,True,True,18.05,43882.4,38966.41,True,76001,SANTIAGO DE CALI,76,VALLE DEL CAUCA,2025,True,18.0,academic_illustration,True,madrugada,True,5.013888888888889,12.189555555555556,10.824002777777778,2.3000000000000007,0.0,False,COMPLETE
4,2453,2025-04-13T04:00:00-05:00,Cali,3.4516,-76.532,20.0,93.0,0.0,0.8,110.29,True,28733,2025,4,13,4,,VALID,False,,False,False,False,False,False,-0.753054573578,-1.33490664974,0.93,0.0,America/Bogota,2025-04-13T09:00:00+00:00,2025-04-13,CO,3687925,758,True,No festivo,False,True,True,18.05,43882.4,38966.41,True,76001,SANTIAGO DE CALI,76,VALLE DEL CAUCA,2025,True,18.0,academic_illustration,True,madrugada,True,5.013888888888889,12.189555555555556,10.824002777777778,2.0,0.0,False,COMPLETE
4,2489,2025-04-14T16:00:00-05:00,Cali,3.4516,-76.532,26.1,65.0,0.3,9.7,115.29,True,28769,2025,4,14,16,,VALID,True,wind_speed_kmh,False,False,False,True,False,1.46064698512,-0.922914740216,0.65,0.262364264467,America/Bogota,2025-04-14T21:00:00+00:00,2025-04-14,CO,3687925,758,True,No festivo,False,False,True,20.97,43893.63,42972.68,True,76001,SANTIAGO DE CALI,76,VALLE DEL CAUCA,2025,True,18.0,academic_illustration,True,tarde,True,5.824999999999999,12.192675,11.936855555555555,8.100000000000001,0.0,True,COMPLETE
4,2501,2025-04-15T04:00:00-05:00,Cali,3.4516,-76.532,20.6,80.0,0.1,0.7,124.37,True,28781,2025,4,15,4,,VALID,False,,False,False,False,False,False,-0.535313436657,-0.174737432526,0.8,0.0953101798043,America/Bogota,2025-04-15T09:00:00+00:00,2025-04-15,CO,3687925,758,True,No festivo,False,False,True,21.08,43904.77,40479.23,True,76001,SANTIAGO DE CALI,76,VALLE DEL CAUCA,2025,True,18.0,academic_illustration,True,madrugada,True,5.855555555555555,12.195769444444444,11.244230555555557,2.6000000000000014,0.0,True,COMPLETE
4,2551,2025-04-17T06:00:00-05:00,Cali,3.4516,-76.532,19.1,93.0,0.1,1.5,122.82,True,28831,2025,4,17,6,,VALID,False,,False,False,False,False,False,-1.07966627896,-0.302454924477,0.93,0.0953101798043,America/Bogota,2025-04-17T11:00:00+00:00,2025-04-17,CO,3687925,758,True,Jueves Santo,True,False,True,17.34,43926.76,30189.84,True,76001,SANTIAGO DE CALI,76,VALLE DEL CAUCA,2025,True,18.0,academic_illustration,True,manana,True,4.816666666666666,12.201877777777778,8.386066666666666,1.1000000000000014,0.0,False,COMPLETE
4,2591,2025-04-18T22:00:00-05:00,Cali,3.4516,-76.532,22.6,86.0,0.0,7.0,115.98,True,28871,2025,4,18,22,,VALID,False,,False,False,False,False,False,0.19049035308,-0.866059856702,0.86,0.0,America/Bogota,2025-04-19T03:00:00+00:00,2025-04-18,CO,3687925,758,True,Viernes Santo,True,False,True,21.37,43937.73,41145.53,True,76001,SANTIAGO DE CALI,76,VALLE DEL CAUCA,2025,True,18.0,academic_illustration,True,noche,True,5.936111111111111,12.204925000000001,11.429313888888888,4.600000000000001,0.0,False,COMPLETE
4,2609,2025-04-19T16:00:00-05:00,Cali,3.4516,-76.532,26.4,64.0,0.0,4.7,128.85,True,28889,2025,4,19,16,,VALID,False,,False,False,False,False,False,1.56951755358,0.194407318405,0.64,0.0,America/Bogota,2025-04-19T21:00:00+00:00,2025-04-19,CO,3687925,758,True,No festivo,False,True,True,14.3,43948.67,26919.42,True,76001,SANTIAGO DE CALI,76,VALLE DEL CAUCA,2025,True,18.0,academic_illustration,True,tarde,True,3.9722222222222223,12.207963888888889,7.477616666666666,8.399999999999999,0.0,False,COMPLETE
4,2614,2025-04-19T21:00:00-05:00,Cali,3.4516,-76.532,21.7,95.0,0.0,3.1,147.39,True,28894,2025,4,19,21,,VALID,False,,False,False,False,False,False,-0.136121352301,1.72207331891,0.95,0.0,America/Bogota,2025-04-20T02:00:00+00:00,2025-04-19,CO,3687925,758,True,No festivo,False,True,True,14.3,43948.67,26919.42,True,76001,SANTIAGO DE CALI,76,VALLE DEL CAUCA,2025,True,18.0,academic_illustration,True,noche,True,3.9722222222222223,12.207963888888889,7.477616666666666,3.6999999999999993,0.0,False,COMPLETE
4,2788,2025-04-27T03:00:00-05:00,Cali,3.4516,-76.532,19.2,97.0,0.0,0.6,114.08,True,29068,2025,4,27,3,,VALID,False,,False,False,False,False,False,-1.04337608947,-1.02261678232,0.97,0.0,America/Bogota,2025-04-27T08:00:00+00:00,2025-04-27,CO,3687925,758,True,No festivo,False,True,True,15.72,44034.89,31954.25,True,76001,SANTIAGO DE CALI,76,VALLE DEL CAUCA,2025,True,18.0,academic_illustration,True,madrugada,True,4.366666666666667,12.231913888888888,8.876180555555555,1.1999999999999993,0.0,False,COMPLETE
4,2867,2025-04-30T10:00:00-05:00,Cali,3.4516,-76.532,20.8,89.0,0.5,3.2,110.36,True,29147,2025,4,30,10,,VALID,False,,False,False,False,False,False,-0.462733057683,-1.329138763,0.89,0.405465108108,America/Bogota,2025-04-30T15:00:00+00:00,2025-04-30,CO,3687925,758,True,No festivo,False,False,True,9.02,44066.02,3932.11,True,76001,SANTIAGO DE CALI,76,VALLE DEL CAUCA,2025,True,18.0,academic_illustration,True,manana,True,2.5055555555555555,12.240561111111111,1.0922527777777777,2.8000000000000007,0.0,True,COMPLETE
4,2962,2025-05-04T09:00:00-05:00,Cali,3.4516,-76.532,21.3,86.0,0.1,3.0,121.64,True,29242,2025,5,4,9,,VALID,False,,False,False,False,False,False,-0.281282110249,-0.399685015124,0.86,0.0953101798043,America/Bogota,2025-05-04T14:00:00+00:00,2025-05-04,CO,3687925,758,True,No festivo,False,True,True,15.08,44105.82,31158.58,True,76001,SANTIAGO DE CALI,76,VALLE DEL CAUCA,2025,True,18.0,academic_illustration,True,manana,True,4.188888888888889,12.251616666666667,8.655161111111111,3.3000000000000007,0.0,False,COMPLETE
4,2982,2025-05-05T05:00:00-05:00,Cali,3.4516,-76.532,19.0,99.0,0.1,2.0,118.02,True,29262,2025,5,5,5,,VALID,False,,False,False,False,False,False,-1.11595646845,-0.697967157618,0.99,0.0953101798043,America/Bogota,2025-05-05T10:00:00+00:00,2025-05-05,CO,3687925,758,True,No festivo,False,False,True,9.42,44115.4,8922.46,True,76001,SANTIAGO DE CALI,76,VALLE DEL CAUCA,2025,True,18.0,academic_illustration,True,madrugada,True,2.6166666666666667,12.254277777777778,2.478461111111111,1.0,0.0,True,COMPLETE
4,3046,2025-05-07T21:00:00-05:00,Cali,3.4516,-76.532,21.0,94.0,0.1,3.8,146.98,True,29326,2025,5,7,21,,VALID,False,,False,False,False,False,False,-0.390152678709,1.68828998233,0.94,0.0953101798043,America/Bogota,2025-05-08T02:00:00+00:00,2025-05-07,CO,3687925,758,True,No festivo,False,False,True,12.35,44134.07,21056.42,True,76001,SANTIAGO DE CALI,76,VALLE DEL CAUCA,2025,True,18.0,academic_illustration,True,noche,True,3.4305555555555554,12.259463888888888,5.849005555555555,3.0,0.0,True,COMPLETE
4,3055,2025-05-08T06:00:00-05:00,Cali,3.4516,-76.532,19.3,88.0,0.0,2.1,118.62,True,29335,2025,5,8,6,,VALID,False,,False,False,False,False,False,-1.00708589999,-0.648528128475,0.88,0.0,America/Bogota,2025-05-08T11:00:00+00:00,2025-05-08,CO,3687925,758,True,No festivo,False,False,True,16.99,44143.24,37104.29,True,76001,SANTIAGO DE CALI,76,VALLE DEL CAUCA,2025,True,18.0,academic_illustration,True,manana,True,4.719444444444444,12.26201111111111,10.306747222222223,1.3000000000000007,0.0,True,COMPLETE
4,3131,2025-05-11T10:00:00-05:00,Cali,3.4516,-76.532,25.4,58.0,0.0,2.9,110.05,True,29411,2025,5,11,10,,VALID,False,,False,False,False,False,False,1.20661565871,-1.35468226139,0.58,0.0,America/Bogota,2025-05-11T15:00:00+00:00,2025-05-11,CO,3687925,758,True,No festivo,False,True,True,16.0,44170.18,34294.97,True,76001,SANTIAGO DE CALI,76,VALLE DEL CAUCA,2025,True,18.0,academic_illustration,True,manana,True,4.444444444444445,12.269494444444444,9.526380555555557,7.399999999999999,0.0,False,COMPLETE
4,3156,2025-05-12T11:00:00-05:00,Cali,3.4516,-76.532,26.1,55.0,0.0,5.8,117.43,True,29436,2025,5,12,11,,VALID,False,,False,False,False,False,False,1.46064698512,-0.746582202941,0.55,0.0,America/Bogota,2025-05-12T16:00:00+00:00,2025-05-12,CO,3687925,758,True,No festivo,False,False,True,15.51,44178.95,33474.89,True,76001,SANTIAGO DE CALI,76,VALLE DEL CAUCA,2025,True,18.0,academic_illustration,True,manana,True,4.308333333333334,12.271930555555555,9.298580555555555,8.100000000000001,0.0,True,COMPLETE
4,3181,2025-05-13T12:00:00-05:00,Cali,3.4516,-76.532,24.3,69.0,0.0,1.6,108.64,True,29461,2025,5,13,12,,VALID,False,,False,False,False,False,False,0.807423574357,-1.47086397988,0.69,0.0,America/Bogota,2025-05-13T17:00:00+00:00,2025-05-13,CO,3687925,758,True,No festivo,False,False,True,4.75,44187.59,0.0,True,76001,SANTIAGO DE CALI,76,VALLE DEL CAUCA,2025,True,18.0,academic_illustration,True,tarde,True,1.3194444444444444,12.274330555555554,0.0,6.300000000000001,0.0,True,COMPLETE
4,3231,2025-05-15T14:00:00-05:00,Cali,3.4516,-76.532,25.7,72.0,0.1,3.7,117.58,True,29511,2025,5,15,14,,VALID,False,,False,False,False,False,False,1.31548622717,-0.734222445656,0.72,0.0953101798043,America/Bogota,2025-05-15T19:00:00+00:00,2025-05-15,CO,3687925,758,True,No festivo,False,False,True,10.79,44204.47,15729.05,True,76001,SANTIAGO DE CALI,76,VALLE DEL CAUCA,2025,True,18.0,academic_illustration,True,tarde,True,2.997222222222222,12.279019444444446,4.369180555555555,7.699999999999999,0.0,True,COMPLETE
4,3236,2025-05-15T19:00:00-05:00,Cali,3.4516,-76.532,21.2,96.0,0.4,4.9,162.11,True,29516,2025,5,15,19,,VALID,True,energy_kwh,False,False,False,False,True,-0.317572299735,2.93497750054,0.96,0.336472236621,America/Bogota,2025-05-16T00:00:00+00:00,2025-05-15,CO,3687925,758,True,No festivo,False,False,True,10.79,44204.47,15729.05,True,76001,SANTIAGO DE CALI,76,VALLE DEL CAUCA,2025,True,18.0,academic_illustration,True,noche,True,2.997222222222222,12.279019444444446,4.369180555555555,3.1999999999999993,0.0,True,COMPLETE
4,3248,2025-05-16T07:00:00-05:00,Cali,3.4516,-76.532,19.4,99.0,1.4,0.9,145.65,True,29528,2025,5,16,7,,VALID,True,precipitation_mm,False,False,True,False,False,-0.970795710499,1.5787001344,0.99,0.875468737354,America/Bogota,2025-05-16T12:00:00+00:00,2025-05-16,CO,3687925,758,True,No festivo,False,False,True,8.31,44212.69,10489.14,True,76001,SANTIAGO DE CALI,76,VALLE DEL CAUCA,2025,True,18.0,academic_illustration,True,manana,True,2.3083333333333336,12.281302777777778,2.9136499999999996,1.3999999999999986,0.0,True,COMPLETE
4,3263,2025-05-16T22:00:00-05:00,Cali,3.4516,-76.532,20.3,100.0,0.1,1.4,108.66,True,29543,2025,5,16,22,,VALID,False,,False,False,False,False,False,-0.644184005117,-1.46921601224,1.0,0.0953101798043,America/Bogota,2025-05-17T03:00:00+00:00,2025-05-16,CO,3687925,758,True,No festivo,False,False,True,8.31,44212.69,10489.14,True,76001,SANTIAGO DE CALI,76,VALLE DEL CAUCA,2025,True,18.0,academic_illustration,True,noche,True,2.3083333333333336,12.281302777777778,2.9136499999999996,2.3000000000000007,0.0,True,COMPLETE
4,3305,2025-05-18T16:00:00-05:00,Cali,3.4516,-76.532,24.1,73.0,0.1,0.4,118.82,True,29585,2025,5,18,16,,VALID,False,,False,False,False,False,False,0.734843195383,-0.632048452094,0.73,0.0953101798043,America/Bogota,2025-05-18T21:00:00+00:00,2025-05-18,CO,3687925,758,True,No festivo,False,True,True,16.35,44228.64,37147.62,True,76001,SANTIAGO DE CALI,76,VALLE DEL CAUCA,2025,True,18.0,academic_illustration,True,tarde,True,4.541666666666667,12.285733333333333,10.318783333333334,6.100000000000001,0.0,False,COMPLETE
4,3404,2025-05-22T19:00:00-05:00,Cali,3.4516,-76.532,23.5,83.0,0.2,4.4,149.13,True,29684,2025,5,22,19,,VALID,False,,False,False,False,False,False,0.517102058462,1.86544650342,0.83,0.182321556794,America/Bogota,2025-05-23T00:00:00+00:00,2025-05-22,CO,3687925,758,True,No festivo,False,False,True,17.52,44258.33,32400.0,True,76001,SANTIAGO DE CALI,76,VALLE DEL CAUCA,2025,True,18.0,academic_illustration,True,noche,True,4.866666666666666,12.293980555555557,9.0,5.5,0.0,True,COMPLETE
4,3407,2025-05-22T22:00:00-05:00,Cali,3.4516,-76.532,21.8,90.0,0.0,2.3,115.1,True,29687,2025,5,22,22,,VALID,False,,False,False,False,False,False,-0.0998311628144,-0.938570432778,0.9,0.0,America/Bogota,2025-05-23T03:00:00+00:00,2025-05-22,CO,3687925,758,True,No festivo,False,False,True,17.52,44258.33,32400.0,True,76001,SANTIAGO DE CALI,76,VALLE DEL CAUCA,2025,True,18.0,academic_illustration,True,noche,True,4.866666666666666,12.293980555555557,9.0,3.8000000000000007,0.0,True,COMPLETE
4,3420,2025-05-23T11:00:00-05:00,Cali,3.4516,-76.532,26.7,59.0,0.0,2.6,122.78,True,29700,2025,5,23,11,,VALID,False,,False,False,False,False,False,1.67838812204,-0.305750859754,0.59,0.0,America/Bogota,2025-05-23T16:00:00+00:00,2025-05-23,CO,3687925,758,True,No festivo,False,False,True,10.05,44265.24,13554.98,True,76001,SANTIAGO DE CALI,76,VALLE DEL CAUCA,2025,True,18.0,academic_illustration,True,manana,True,2.791666666666667,12.2959,3.765272222222222,8.7,0.0,True,COMPLETE
4,3484,2025-05-26T03:00:00-05:00,Cali,3.4516,-76.532,19.5,97.0,0.6,2.0,120.8,True,29764,2025,5,26,3,,VALID,True,precipitation_mm,False,False,True,False,False,-0.934505521012,-0.468899655924,0.97,0.470003629246,America/Bogota,2025-05-26T08:00:00+00:00,2025-05-26,CO,3687925,758,True,No festivo,False,False,True,11.83,44284.57,24170.88,True,76001,SANTIAGO DE CALI,76,VALLE DEL CAUCA,2025,True,18.0,academic_illustration,True,madrugada,True,3.286111111111111,12.301269444444443,6.714133333333334,1.5,0.0,True,COMPLETE
4,3490,2025-05-26T09:00:00-05:00,Cali,3.4516,-76.532,21.5,88.0,0.9,4.6,127.52,True,29770,2025,5,26,9,,VALID,True,precipitation_mm,False,False,True,False,False,-0.208701731275,0.0848174704725,0.88,0.641853886172,America/Bogota,2025-05-26T14:00:00+00:00,2025-05-26,CO,3687925,758,True,No festivo,False,False,True,11.83,44284.57,24170.88,True,76001,SANTIAGO DE CALI,76,VALLE DEL CAUCA,2025,True,18.0,academic_illustration,True,manana,True,3.286111111111111,12.301269444444443,6.714133333333334,3.5,0.0,True,COMPLETE
4,3498,2025-05-26T17:00:00-05:00,Cali,3.4516,-76.532,23.0,75.0,0.0,1.5,128.02,True,29778,2025,5,26,17,,VALID,False,,False,False,False,False,False,0.335651111028,0.126016661425,0.75,0.0,America/Bogota,2025-05-26T22:00:00+00:00,2025-05-26,CO,3687925,758,True,No festivo,False,False,True,11.83,44284.57,24170.88,True,76001,SANTIAGO DE CALI,76,VALLE DEL CAUCA,2025,True,18.0,academic_illustration,True,tarde,True,3.286111111111111,12.301269444444443,6.714133333333334,5.0,0.0,True,COMPLETE
4,3543,2025-05-28T14:00:00-05:00,Cali,3.4516,-76.532,28.1,60.0,0.0,9.0,132.3,True,29823,2025,5,28,14,,VALID,True,wind_speed_kmh,False,False,False,True,False,2.18645077486,0.478681735975,0.6,0.0,America/Bogota,2025-05-28T19:00:00+00:00,2025-05-28,CO,3687925,758,True,No festivo,False,False,True,17.23,44296.3,29541.96,True,76001,SANTIAGO DE CALI,76,VALLE DEL CAUCA,2025,True,18.0,academic_illustration,True,tarde,True,4.786111111111111,12.304527777777778,8.2061,10.100000000000001,0.0,True,COMPLETE
4,3575,2025-05-29T22:00:00-05:00,Cali,3.4516,-76.532,21.4,91.0,0.0,2.2,104.39,True,29855,2025,5,29,22,,VALID,False,,False,False,False,False,False,-0.244991920762,-1.82105710297,0.91,0.0,America/Bogota,2025-05-30T03:00:00+00:00,2025-05-29,CO,3687925,758,True,No festivo,False,False,True,16.05,44301.89,32114.6,True,76001,SANTIAGO DE CALI,76,VALLE DEL CAUCA,2025,True,18.0,academic_illustration,True,noche,True,4.458333333333333,12.306080555555555,8.920722222222222,3.3999999999999986,0.0,True,COMPLETE
4,3664,2025-06-02T15:00:00-05:00,Cali,3.4516,-76.532,25.5,68.0,0.0,5.2,124.13,True,29944,2025,6,2,15,,VALID,False,,False,False,False,False,False,1.2429058482,-0.194513044183,0.68,0.0,America/Bogota,2025-06-02T20:00:00+00:00,2025-06-02,CO,3687925,758,True,Ascensión del señor,True,False,True,13.38,44322.21,23911.36,True,76001,SANTIAGO DE CALI,76,VALLE DEL CAUCA,2025,True,18.0,academic_illustration,True,tarde,True,3.716666666666667,12.311725,6.642044444444444,7.5,0.0,False,COMPLETE
4,3679,2025-06-03T06:00:00-05:00,Cali,3.4516,-76.532,18.2,91.0,0.0,2.7,125.44,True,29959,2025,6,3,6,,VALID,False,,False,False,False,False,False,-1.40627798434,-0.0865711638883,0.91,0.0,America/Bogota,2025-06-03T11:00:00+00:00,2025-06-03,CO,3687925,758,True,No festivo,False,False,True,18.69,44326.77,34981.65,True,76001,SANTIAGO DE CALI,76,VALLE DEL CAUCA,2025,True,18.0,academic_illustration,True,manana,True,5.191666666666667,12.312991666666665,9.717125000000001,0.1999999999999993,0.0,True,COMPLETE
4,3688,2025-06-03T15:00:00-05:00,Cali,3.4516,-76.532,25.8,66.0,0.0,6.1,111.15,True,29968,2025,6,3,15,,VALID,False,,False,False,False,False,False,1.35177641666,-1.2640440413,0.66,0.0,America/Bogota,2025-06-03T20:00:00+00:00,2025-06-03,CO,3687925,758,True,No festivo,False,False,True,18.69,44326.77,34981.65,True,76001,SANTIAGO DE CALI,76,VALLE DEL CAUCA,2025,True,18.0,academic_illustration,True,tarde,True,5.191666666666667,12.312991666666665,9.717125000000001,7.800000000000001,0.0,True,COMPLETE
4,3690,2025-06-03T17:00:00-05:00,Cali,3.4516,-76.532,24.5,70.0,0.0,3.8,112.96,True,29970,2025,6,3,17,,VALID,False,,False,False,False,False,False,0.88000395333,-1.11490297005,0.7,0.0,America/Bogota,2025-06-03T22:00:00+00:00,2025-06-03,CO,3687925,758,True,No festivo,False,False,True,18.69,44326.77,34981.65,True,76001,SANTIAGO DE CALI,76,VALLE DEL CAUCA,2025,True,18.0,academic_illustration,True,tarde,True,5.191666666666667,12.312991666666665,9.717125000000001,6.5,0.0,True,COMPLETE
4,3711,2025-06-04T14:00:00-05:00,Cali,3.4516,-76.532,24.7,70.0,0.1,5.4,123.57,True,29991,2025,6,4,14,,VALID,False,,False,False,False,False,False,0.952584332304,-0.240656138049,0.7,0.0953101798043,America/Bogota,2025-06-04T19:00:00+00:00,2025-06-04,CO,3687925,758,True,No festivo,False,False,True,15.03,44331.09,28800.0,True,76001,SANTIAGO DE CALI,76,VALLE DEL CAUCA,2025,True,18.0,academic_illustration,True,tarde,True,4.175,12.314191666666666,8.0,6.699999999999999,0.0,True,COMPLETE
4,3726,2025-06-05T05:00:00-05:00,Cali,3.4516,-76.532,19.0,98.0,0.0,2.4,120.21,True,30006,2025,6,5,5,,VALID,False,,False,False,False,False,False,-1.11595646845,-0.517514701247,0.98,0.0,America/Bogota,2025-06-05T10:00:00+00:00,2025-06-05,CO,3687925,758,True,No festivo,False,False,True,12.06,44335.19,28400.11,True,76001,SANTIAGO DE CALI,76,VALLE DEL CAUCA,2025,True,18.0,academic_illustration,True,madrugada,True,3.35,12.315330555555557,7.888919444444444,1.0,0.0,True,COMPLETE
4,3770,2025-06-07T01:00:00-05:00,Cali,3.4516,-76.532,20.4,83.0,0.0,0.6,129.55,True,30050,2025,6,7,1,,VALID,False,,False,False,False,False,False,-0.60789381563,0.252086185738,0.83,0.0,America/Bogota,2025-06-07T06:00:00+00:00,2025-06-07,CO,3687925,758,True,No festivo,False,True,True,19.63,44342.7,39775.69,True,76001,SANTIAGO DE CALI,76,VALLE DEL CAUCA,2025,True,18.0,academic_illustration,True,madrugada,True,5.4527777777777775,12.317416666666666,11.048802777777778,2.3999999999999986,0.0,False,COMPLETE
4,3823,2025-06-09T06:00:00-05:00,Cali,3.4516,-76.532,19.3,93.0,6.7,2.0,126.99,True,30103,2025,6,9,6,,VALID,True,precipitation_mm,False,False,True,False,False,-1.00708589999,0.0411463280633,0.93,2.04122032886,America/Bogota,2025-06-09T11:00:00+00:00,2025-06-09,CO,3687925,758,True,No festivo,False,False,True,15.96,44349.22,34655.63,True,76001,SANTIAGO DE CALI,76,VALLE DEL CAUCA,2025,True,18.0,academic_illustration,True,manana,True,4.433333333333334,12.319227777777778,9.626563888888889,1.3000000000000007,0.0,True,COMPLETE
4,3838,2025-06-09T21:00:00-05:00,Cali,3.4516,-76.532,20.4,94.0,0.1,1.5,145.68,True,30118,2025,6,9,21,,VALID,False,,False,False,False,False,False,-0.60789381563,1.58117208585,0.94,0.0953101798043,America/Bogota,2025-06-10T02:00:00+00:00,2025-06-09,CO,3687925,758,True,No festivo,False,False,True,15.96,44349.22,34655.63,True,76001,SANTIAGO DE CALI,76,VALLE DEL CAUCA,2025,True,18.0,academic_illustration,True,noche,True,4.433333333333334,12.319227777777778,9.626563888888889,2.3999999999999986,0.0,True,COMPLETE
4,3884,2025-06-11T19:00:00-05:00,Cali,3.4516,-76.532,20.9,95.0,1.3,1.5,146.01,True,30164,2025,6,11,19,,VALID,True,precipitation_mm,False,False,True,False,False,-0.426442868196,1.60836355188,0.95,0.832909122935,America/Bogota,2025-06-12T00:00:00+00:00,2025-06-11,CO,3687925,758,True,No festivo,False,False,True,12.14,44354.73,21507.13,True,76001,SANTIAGO DE CALI,76,VALLE DEL CAUCA,2025,True,18.0,academic_illustration,True,noche,True,3.3722222222222222,12.320758333333334,5.974202777777778,2.8999999999999986,0.0,True,COMPLETE
4,3915,2025-06-13T02:00:00-05:00,Cali,3.4516,-76.532,19.4,98.0,2.3,1.5,126.68,True,30195,2025,6,13,2,,VALID,True,precipitation_mm,False,False,True,False,False,-0.970795710499,0.015602829673,0.98,1.19392246847,America/Bogota,2025-06-13T07:00:00+00:00,2025-06-13,CO,3687925,758,True,No festivo,False,False,True,7.59,44359.17,8664.1,True,76001,SANTIAGO DE CALI,76,VALLE DEL CAUCA,2025,True,18.0,academic_illustration,True,madrugada,True,2.1083333333333334,12.321991666666666,2.4066944444444447,1.3999999999999986,0.0,True,COMPLETE
4,3917,2025-06-13T04:00:00-05:00,Cali,3.4516,-76.532,19.1,99.0,0.9,0.4,115.67,True,30197,2025,6,13,4,,VALID,True,precipitation_mm,False,False,True,False,False,-1.07966627896,-0.891603355093,0.99,0.641853886172,America/Bogota,2025-06-13T09:00:00+00:00,2025-06-13,CO,3687925,758,True,No festivo,False,False,True,7.59,44359.17,8664.1,True,76001,SANTIAGO DE CALI,76,VALLE DEL CAUCA,2025,True,18.0,academic_illustration,True,madrugada,True,2.1083333333333334,12.321991666666666,2.4066944444444447,1.1000000000000014,0.0,True,COMPLETE
4,3953,2025-06-14T16:00:00-05:00,Cali,3.4516,-76.532,25.0,66.0,0.0,2.1,128.62,True,30233,2025,6,14,16,,VALID,False,,False,False,False,False,False,1.06145490076,0.175455690567,0.66,0.0,America/Bogota,2025-06-14T21:00:00+00:00,2025-06-14,CO,3687925,758,True,No festivo,False,True,True,11.47,44360.99,25365.75,True,76001,SANTIAGO DE CALI,76,VALLE DEL CAUCA,2025,True,18.0,academic_illustration,True,tarde,True,3.1861111111111113,12.322497222222221,7.0460416666666665,7.0,0.0,False,COMPLETE
4,3965,2025-06-15T04:00:00-05:00,Cali,3.4516,-76.532,18.9,90.0,0.1,0.6,127.92,True,30245,2025,6,15,4,,VALID,False,,False,False,False,False,False,-1.15224665793,0.117776823234,0.9,0.0953101798043,America/Bogota,2025-06-15T09:00:00+00:00,2025-06-15,CO,3687925,758,True,No festivo,False,True,True,17.11,44362.53,35197.35,True,76001,SANTIAGO DE CALI,76,VALLE DEL CAUCA,2025,True,18.0,academic_illustration,True,madrugada,True,4.752777777777777,12.322925,9.777041666666666,0.8999999999999986,0.0,False,COMPLETE
4,4015,2025-06-17T06:00:00-05:00,Cali,3.4516,-76.532,18.4,79.0,0.0,2.7,130.01,True,30295,2025,6,17,6,,VALID,False,,False,False,False,False,False,-1.33369760537,0.289989441414,0.79,0.0,America/Bogota,2025-06-17T11:00:00+00:00,2025-06-17,CO,3687925,758,True,No festivo,False,False,True,18.95,44364.78,35702.58,True,76001,SANTIAGO DE CALI,76,VALLE DEL CAUCA,2025,True,18.0,academic_illustration,True,manana,True,5.263888888888888,12.32355,9.917383333333333,0.3999999999999986,0.0,True,COMPLETE
4,4055,2025-06-18T22:00:00-05:00,Cali,3.4516,-76.532,21.9,88.0,0.0,9.1,118.07,True,30335,2025,6,18,22,,VALID,True,wind_speed_kmh,False,False,False,True,False,-0.0635409733275,-0.693847238522,0.88,0.0,America/Bogota,2025-06-19T03:00:00+00:00,2025-06-18,CO,3687925,758,True,No festivo,False,False,True,20.7,44365.5,41396.21,True,76001,SANTIAGO DE CALI,76,VALLE DEL CAUCA,2025,True,18.0,academic_illustration,True,noche,True,5.75,12.32375,11.498947222222222,3.8999999999999986,0.0,True,COMPLETE
4,4073,2025-06-19T16:00:00-05:00,Cali,3.4516,-76.532,25.0,72.0,3.0,2.0,127.65,True,30353,2025,6,19,16,,VALID,True,precipitation_mm,False,False,True,False,False,1.06145490076,0.0955292601201,0.72,1.38629436112,America/Bogota,2025-06-19T21:00:00+00:00,2025-06-19,CO,3687925,758,True,No festivo,False,False,True,15.55,44365.96,31244.19,True,76001,SANTIAGO DE CALI,76,VALLE DEL CAUCA,2025,True,18.0,academic_illustration,True,tarde,True,4.319444444444445,12.323877777777778,8.678941666666667,7.0,0.0,True,COMPLETE
4,4078,2025-06-19T21:00:00-05:00,Cali,3.4516,-76.532,21.9,88.0,0.0,5.1,152.45,True,30358,2025,6,19,21,,VALID,False,,False,False,False,False,False,-0.0635409733275,2.13900913134,0.88,0.0,America/Bogota,2025-06-20T02:00:00+00:00,2025-06-19,CO,3687925,758,True,No festivo,False,False,True,15.55,44365.96,31244.19,True,76001,SANTIAGO DE CALI,76,VALLE DEL CAUCA,2025,True,18.0,academic_illustration,True,noche,True,4.319444444444445,12.323877777777778,8.678941666666667,3.8999999999999986,0.0,True,COMPLETE
4,4252,2025-06-27T03:00:00-05:00,Cali,3.4516,-76.532,19.7,97.0,0.1,0.3,120.34,True,30532,2025,6,27,3,,VALID,False,,False,False,False,False,False,-0.861925142038,-0.5068029116,0.97,0.0953101798043,America/Bogota,2025-06-27T08:00:00+00:00,2025-06-27,CO,3687925,758,True,No festivo,False,False,True,17.07,44360.26,32476.86,True,76001,SANTIAGO DE CALI,76,VALLE DEL CAUCA,2025,True,18.0,academic_illustration,True,madrugada,True,4.741666666666666,12.322294444444445,9.02135,1.6999999999999993,0.0,True,COMPLETE
4,4331,2025-06-30T10:00:00-05:00,Cali,3.4516,-76.532,24.1,71.0,0.0,1.8,124.34,True,30611,2025,6,30,10,,VALID,False,,False,False,False,False,False,0.734843195383,-0.177209383983,0.71,0.0,America/Bogota,2025-06-30T15:00:00+00:00,2025-06-30,CO,3687925,758,True,Sagrado Corazón; San Pedro y San Pablo,True,False,True,13.85,44353.97,22510.17,True,76001,SANTIAGO DE CALI,76,VALLE DEL CAUCA,2025,True,18.0,academic_illustration,True,manana,True,3.847222222222222,12.320547222222222,6.252825,6.100000000000001,0.0,False,COMPLETE
4,4426,2025-07-04T09:00:00-05:00,Cali,3.4516,-76.532,22.2,67.0,0.0,4.4,133.62,True,30706,2025,7,4,9,,VALID,False,,False,False,False,False,False,0.045329595133,0.587447600088,0.67,0.0,America/Bogota,2025-07-04T14:00:00+00:00,2025-07-04,CO,3687925,758,True,No festivo,False,False,True,14.75,44342.22,28340.7,True,76001,SANTIAGO DE CALI,76,VALLE DEL CAUCA,2025,True,18.0,academic_illustration,True,manana,True,4.097222222222222,12.317283333333334,7.872416666666667,4.199999999999999,0.0,True,COMPLETE
4,4446,2025-07-05T05:00:00-05:00,Cali,3.4516,-76.532,18.6,97.0,0.0,0.5,126.35,True,30726,2025,7,5,5,,VALID,False,,False,False,False,False,False,-1.26111722639,-0.0115886363554,0.97,0.0,America/Bogota,2025-07-05T10:00:00+00:00,2025-07-05,CO,3687925,758,True,No festivo,False,True,True,15.99,44338.7,39193.77,True,76001,SANTIAGO DE CALI,76,VALLE DEL CAUCA,2025,True,18.0,academic_illustration,True,madrugada,True,4.441666666666666,12.316305555555555,10.887158333333332,0.6000000000000014,0.0,False,COMPLETE
4,4510,2025-07-07T21:00:00-05:00,Cali,3.4516,-76.532,21.4,85.0,0.3,7.2,146.08,True,30790,2025,7,7,21,,VALID,False,,False,False,False,False,False,-0.244991920762,1.61413143861,0.85,0.262364264467,America/Bogota,2025-07-08T02:00:00+00:00,2025-07-07,CO,3687925,758,True,No festivo,False,False,True,18.05,44330.91,37951.32,True,76001,SANTIAGO DE CALI,76,VALLE DEL CAUCA,2025,True,18.0,academic_illustration,True,noche,True,5.013888888888889,12.314141666666668,10.542033333333332,3.3999999999999986,0.0,True,COMPLETE
4,4519,2025-07-08T06:00:00-05:00,Cali,3.4516,-76.532,17.9,89.0,0.0,1.8,115.37,True,30799,2025,7,8,6,,VALID,False,,False,False,False,False,False,-1.5151485528,-0.916322869664,0.89,0.0,America/Bogota,2025-07-08T11:00:00+00:00,2025-07-08,CO,3687925,758,True,No festivo,False,False,True,18.4,44326.61,33384.26,True,76001,SANTIAGO DE CALI,76,VALLE DEL CAUCA,2025,True,18.0,academic_illustration,True,manana,True,5.111111111111111,12.312947222222222,9.273405555555556,0.0,0.10000000000000142,True,COMPLETE
4,4595,2025-07-11T10:00:00-05:00,Cali,3.4516,-76.532,22.1,72.0,0.3,3.5,116.07,True,30875,2025,7,11,10,,VALID,False,,False,False,False,False,False,0.00903940564615,-0.858644002331,0.72,0.262364264467,America/Bogota,2025-07-11T15:00:00+00:00,2025-07-11,CO,3687925,758,True,No festivo,False,False,True,15.97,44312.18,26823.77,True,76001,SANTIAGO DE CALI,76,VALLE DEL CAUCA,2025,True,18.0,academic_illustration,True,manana,True,4.436111111111111,12.308938888888889,7.451047222222222,4.100000000000001,0.0,True,COMPLETE
4,4620,2025-07-12T11:00:00-05:00,Cali,3.4516,-76.532,24.9,64.0,0.5,2.1,124.08,True,30900,2025,7,12,11,,VALID,False,,False,False,False,False,False,1.02516471128,-0.198632963278,0.64,0.405465108108,America/Bogota,2025-07-12T16:00:00+00:00,2025-07-12,CO,3687925,758,True,No festivo,False,True,True,12.59,44306.89,28926.24,True,76001,SANTIAGO DE CALI,76,VALLE DEL CAUCA,2025,True,18.0,academic_illustration,True,manana,True,3.4972222222222222,12.307469444444445,8.035066666666667,6.899999999999999,0.0,False,COMPLETE
4,4645,2025-07-13T12:00:00-05:00,Cali,3.4516,-76.532,25.8,63.0,0.0,5.7,126.43,True,30925,2025,7,13,12,,VALID,False,,False,False,False,False,False,1.35177641666,-0.0049967658031,0.63,0.0,America/Bogota,2025-07-13T17:00:00+00:00,2025-07-13,CO,3687925,758,True,No festivo,False,True,True,14.13,44301.37,24349.64,True,76001,SANTIAGO DE CALI,76,VALLE DEL CAUCA,2025,True,18.0,academic_illustration,True,tarde,True,3.9250000000000003,12.305936111111112,6.763788888888889,7.800000000000001,0.0,False,COMPLETE
4,4695,2025-07-15T14:00:00-05:00,Cali,3.4516,-76.532,29.2,42.0,0.0,1.7,121.41,True,30975,2025,7,15,14,,VALID,False,,False,False,False,False,False,2.58564285921,-0.418636642962,0.42,0.0,America/Bogota,2025-07-15T19:00:00+00:00,2025-07-15,CO,3687925,758,True,No festivo,False,False,True,19.37,44289.69,39976.85,True,76001,SANTIAGO DE CALI,76,VALLE DEL CAUCA,2025,True,18.0,academic_illustration,True,tarde,True,5.3805555555555555,12.302691666666668,11.104680555555555,11.2,0.0,True,COMPLETE
4,4700,2025-07-15T19:00:00-05:00,Cali,3.4516,-76.532,23.5,77.0,0.0,12.3,142.8,True,30980,2025,7,15,19,,VALID,True,wind_speed_kmh,False,False,False,True,False,0.517102058462,1.34386474597,0.77,0.0,America/Bogota,2025-07-16T00:00:00+00:00,2025-07-15,CO,3687925,758,True,No festivo,False,False,True,19.37,44289.69,39976.85,True,76001,SANTIAGO DE CALI,76,VALLE DEL CAUCA,2025,True,18.0,academic_illustration,True,noche,True,5.3805555555555555,12.302691666666668,11.104680555555555,5.5,0.0,True,COMPLETE
4,4712,2025-07-16T07:00:00-05:00,Cali,3.4516,-76.532,20.2,83.0,0.0,1.9,130.04,True,30992,2025,7,16,7,,VALID,False,,False,False,False,False,False,-0.680474194604,0.292461392871,0.83,0.0,America/Bogota,2025-07-16T12:00:00+00:00,2025-07-16,CO,3687925,758,True,No festivo,False,False,True,18.44,44283.55,42801.84,True,76001,SANTIAGO DE CALI,76,VALLE DEL CAUCA,2025,True,18.0,academic_illustration,True,manana,True,5.122222222222223,12.300986111111111,11.889399999999998,2.1999999999999993,0.0,True,COMPLETE
4,4727,2025-07-16T22:00:00-05:00,Cali,3.4516,-76.532,21.0,89.0,0.0,7.1,114.08,True,31007,2025,7,16,22,,VALID,False,,False,False,False,False,False,-0.390152678709,-1.02261678232,0.89,0.0,America/Bogota,2025-07-17T03:00:00+00:00,2025-07-16,CO,3687925,758,True,No festivo,False,False,True,18.44,44283.55,42801.84,True,76001,SANTIAGO DE CALI,76,VALLE DEL CAUCA,2025,True,18.0,academic_illustration,True,noche,True,5.122222222222223,12.300986111111111,11.889399999999998,3.0,0.0,True,COMPLETE
4,4769,2025-07-18T16:00:00-05:00,Cali,3.4516,-76.532,27.5,48.0,0.0,3.9,122.23,True,31049,2025,7,18,16,,VALID,False,,False,False,False,False,False,1.96870963794,-0.351069969801,0.48,0.0,America/Bogota,2025-07-18T21:00:00+00:00,2025-07-18,CO,3687925,758,True,No festivo,False,False,True,16.4,44270.68,29590.24,True,76001,SANTIAGO DE CALI,76,VALLE DEL CAUCA,2025,True,18.0,academic_illustration,True,tarde,True,4.555555555555555,12.297411111111112,8.219511111111112,9.5,0.0,True,COMPLETE
4,4868,2025-07-22T19:00:00-05:00,Cali,3.4516,-76.532,22.1,83.0,0.4,6.9,138.96,True,31148,2025,7,22,19,,VALID,False,,False,False,False,False,False,0.00903940564615,1.02745495946,0.83,0.336472236621,America/Bogota,2025-07-23T00:00:00+00:00,2025-07-22,CO,3687925,758,True,No festivo,False,False,True,12.39,44242.87,18428.27,True,76001,SANTIAGO DE CALI,76,VALLE DEL CAUCA,2025,True,18.0,academic_illustration,True,noche,True,3.441666666666667,12.289686111111111,5.118963888888889,4.100000000000001,0.0,True,COMPLETE
4,4871,2025-07-22T22:00:00-05:00,Cali,3.4516,-76.532,20.7,94.0,0.0,2.2,119.91,True,31151,2025,7,22,22,,VALID,False,,False,False,False,False,False,-0.49902324717,-0.542234215819,0.94,0.0,America/Bogota,2025-07-23T03:00:00+00:00,2025-07-22,CO,3687925,758,True,No festivo,False,False,True,12.39,44242.87,18428.27,True,76001,SANTIAGO DE CALI,76,VALLE DEL CAUCA,2025,True,18.0,academic_illustration,True,noche,True,3.441666666666667,12.289686111111111,5.118963888888889,2.6999999999999993,0.0,True,COMPLETE
4,4884,2025-07-23T11:00:00-05:00,Cali,3.4516,-76.532,24.1,64.0,0.0,4.4,123.08,True,31164,2025,7,23,11,,VALID,False,,False,False,False,False,False,0.734843195383,-0.281031345182,0.64,0.0,America/Bogota,2025-07-23T16:00:00+00:00,2025-07-23,CO,3687925,758,True,No festivo,False,False,True,17.81,44235.54,31654.18,True,76001,SANTIAGO DE CALI,76,VALLE DEL CAUCA,2025,True,18.0,academic_illustration,True,manana,True,4.947222222222222,12.287650000000001,8.792827777777777,6.100000000000001,0.0,True,COMPLETE
4,4948,2025-07-26T03:00:00-05:00,Cali,3.4516,-76.532,20.1,91.0,0.1,1.3,110.15,True,31228,2025,7,26,3,,VALID,False,,False,False,False,False,False,-0.716764384091,-1.3464424232,0.91,0.0953101798043,America/Bogota,2025-07-26T08:00:00+00:00,2025-07-26,CO,3687925,758,True,No festivo,False,True,True,13.95,44212.69,34358.95,True,76001,SANTIAGO DE CALI,76,VALLE DEL CAUCA,2025,True,18.0,academic_illustration,True,madrugada,True,3.8749999999999996,12.281302777777778,9.544152777777777,2.1000000000000014,0.0,False,COMPLETE
4,4954,2025-07-26T09:00:00-05:00,Cali,3.4516,-76.532,22.6,74.0,0.0,2.4,122.78,True,31234,2025,7,26,9,,VALID,False,,False,False,False,False,False,0.19049035308,-0.305750859754,0.74,0.0,America/Bogota,2025-07-26T14:00:00+00:00,2025-07-26,CO,3687925,758,True,No festivo,False,True,True,13.95,44212.69,34358.95,True,76001,SANTIAGO DE CALI,76,VALLE DEL CAUCA,2025,True,18.0,academic_illustration,True,manana,True,3.8749999999999996,12.281302777777778,9.544152777777777,4.600000000000001,0.0,False,COMPLETE
4,4962,2025-07-26T17:00:00-05:00,Cali,3.4516,-76.532,25.9,63.0,0.0,2.3,130.29,True,31242,2025,7,26,17,,VALID,False,,False,False,False,False,False,1.38806660615,0.313060988347,0.63,0.0,America/Bogota,2025-07-26T22:00:00+00:00,2025-07-26,CO,3687925,758,True,No festivo,False,True,True,13.95,44212.69,34358.95,True,76001,SANTIAGO DE CALI,76,VALLE DEL CAUCA,2025,True,18.0,academic_illustration,True,tarde,True,3.8749999999999996,12.281302777777778,9.544152777777777,7.899999999999999,0.0,False,COMPLETE
4,5007,2025-07-28T14:00:00-05:00,Cali,3.4516,-76.532,27.9,55.0,0.0,1.8,125.55,True,31287,2025,7,28,14,,VALID,False,,False,False,False,False,False,2.11387039588,-0.0775073418788,0.55,0.0,America/Bogota,2025-07-28T19:00:00+00:00,2025-07-28,CO,3687925,758,True,No festivo,False,False,True,13.68,44196.56,30131.17,True,76001,SANTIAGO DE CALI,76,VALLE DEL CAUCA,2025,True,18.0,academic_illustration,True,tarde,True,3.8,12.276822222222222,8.369769444444444,9.899999999999999,0.0,True,COMPLETE
4,5039,2025-07-29T22:00:00-05:00,Cali,3.4516,-76.532,21.4,86.0,0.6,2.5,115.7,True,31319,2025,7,29,22,,VALID,True,precipitation_mm,False,False,True,False,False,-0.244991920762,-0.889131403635,0.86,0.470003629246,America/Bogota,2025-07-30T03:00:00+00:00,2025-07-29,CO,3687925,758,True,No festivo,False,False,True,15.54,44188.2,26844.19,True,76001,SANTIAGO DE CALI,76,VALLE DEL CAUCA,2025,True,18.0,academic_illustration,True,noche,True,4.316666666666666,12.2745,7.4567194444444445,3.3999999999999986,0.0,True,COMPLETE
4,5170,2025-08-04T09:00:00-05:00,Cali,3.4516,-76.532,21.4,77.0,0.1,1.7,135.48,True,31450,2025,8,4,9,,VALID,False,,False,False,False,False,False,-0.244991920762,0.74070859043,0.77,0.0953101798043,America/Bogota,2025-08-04T14:00:00+00:00,2025-08-04,CO,3687925,758,True,No festivo,False,False,True,10.46,44134.61,9540.51,True,76001,SANTIAGO DE CALI,76,VALLE DEL CAUCA,2025,True,18.0,academic_illustration,True,manana,True,2.905555555555556,12.25961388888889,2.650141666666667,3.3999999999999986,0.0,True,COMPLETE
4,5190,2025-08-05T05:00:00-05:00,Cali,3.4516,-76.532,18.5,82.0,0.0,3.8,133.76,True,31470,2025,8,5,5,,VALID,False,,False,False,False,False,False,-1.29740741588,0.598983373555,0.82,0.0,America/Bogota,2025-08-05T10:00:00+00:00,2025-08-05,CO,3687925,758,True,No festivo,False,False,True,19.92,44125.2,36147.52,True,76001,SANTIAGO DE CALI,76,VALLE DEL CAUCA,2025,True,18.0,academic_illustration,True,madrugada,True,5.533333333333334,12.257,10.040977777777776,0.5,0.0,True,COMPLETE
4,5254,2025-08-07T21:00:00-05:00,Cali,3.4516,-76.532,19.7,92.0,0.1,3.5,148.95,True,31534,2025,8,7,21,,VALID,False,,False,False,False,False,False,-0.861925142038,1.85061479468,0.92,0.0953101798043,America/Bogota,2025-08-08T02:00:00+00:00,2025-08-07,CO,3687925,758,True,Batalla de Boyacá,True,False,True,18.26,44106.05,42382.7,True,76001,SANTIAGO DE CALI,76,VALLE DEL CAUCA,2025,True,18.0,academic_illustration,True,noche,True,5.072222222222223,12.251680555555556,11.772972222222222,1.6999999999999993,0.0,False,COMPLETE
4,5263,2025-08-08T06:00:00-05:00,Cali,3.4516,-76.532,18.4,95.0,0.0,3.5,121.28,True,31543,2025,8,8,6,,VALID,False,,False,False,False,False,False,-1.33369760537,-0.42934843261,0.95,0.0,America/Bogota,2025-08-08T11:00:00+00:00,2025-08-08,CO,3687925,758,True,No festivo,False,False,True,12.07,44096.33,19370.07,True,76001,SANTIAGO DE CALI,76,VALLE DEL CAUCA,2025,True,18.0,academic_illustration,True,manana,True,3.352777777777778,12.248980555555557,5.380575,0.3999999999999986,0.0,True,COMPLETE
4,5339,2025-08-11T10:00:00-05:00,Cali,3.4516,-76.532,22.8,67.0,0.0,5.2,124.18,True,31619,2025,8,11,10,,VALID,False,,False,False,False,False,False,0.263070732054,-0.190393125088,0.67,0.0,America/Bogota,2025-08-11T15:00:00+00:00,2025-08-11,CO,3687925,758,True,No festivo,False,False,True,16.14,44066.71,30114.01,True,76001,SANTIAGO DE CALI,76,VALLE DEL CAUCA,2025,True,18.0,academic_illustration,True,manana,True,4.483333333333333,12.240752777777777,8.365002777777777,4.800000000000001,0.0,True,COMPLETE
4,5364,2025-08-12T11:00:00-05:00,Cali,3.4516,-76.532,25.2,60.0,0.0,4.2,124.32,True,31644,2025,8,12,11,,VALID,False,,False,False,False,False,False,1.13403527974,-0.178857351621,0.6,0.0,America/Bogota,2025-08-12T16:00:00+00:00,2025-08-12,CO,3687925,758,True,No festivo,False,False,True,19.62,44056.71,37283.63,True,76001,SANTIAGO DE CALI,76,VALLE DEL CAUCA,2025,True,18.0,academic_illustration,True,manana,True,5.45,12.237975,10.356563888888887,7.199999999999999,0.0,True,COMPLETE
4,5389,2025-08-13T12:00:00-05:00,Cali,3.4516,-76.532,25.4,69.0,0.1,3.7,117.28,True,31669,2025,8,13,12,,VALID,False,,False,False,False,False,False,1.20661565871,-0.758941960227,0.69,0.0953101798043,America/Bogota,2025-08-13T17:00:00+00:00,2025-08-13,CO,3687925,758,True,No festivo,False,False,True,18.04,44046.65,32872.48,True,76001,SANTIAGO DE CALI,76,VALLE DEL CAUCA,2025,True,18.0,academic_illustration,True,tarde,True,5.011111111111111,12.235180555555557,9.131244444444444,7.399999999999999,0.0,True,COMPLETE
4,5439,2025-08-15T14:00:00-05:00,Cali,3.4516,-76.532,25.1,67.0,0.0,3.2,124.8,True,31719,2025,8,15,14,,VALID,False,,False,False,False,False,False,1.09774509025,-0.139306128307,0.67,0.0,America/Bogota,2025-08-15T19:00:00+00:00,2025-08-15,CO,3687925,758,True,No festivo,False,False,True,9.58,44026.42,14459.08,True,76001,SANTIAGO DE CALI,76,VALLE DEL CAUCA,2025,True,18.0,academic_illustration,True,tarde,True,2.661111111111111,12.22956111111111,4.016411111111111,7.100000000000001,0.0,True,COMPLETE
4,5444,2025-08-15T19:00:00-05:00,Cali,3.4516,-76.532,20.9,85.0,0.0,3.7,139.65,True,31724,2025,8,15,19,,VALID,False,,False,False,False,False,False,-0.426442868196,1.08430984297,0.85,0.0,America/Bogota,2025-08-16T00:00:00+00:00,2025-08-15,CO,3687925,758,True,No festivo,False,False,True,9.58,44026.42,14459.08,True,76001,SANTIAGO DE CALI,76,VALLE DEL CAUCA,2025,True,18.0,academic_illustration,True,noche,True,2.661111111111111,12.22956111111111,4.016411111111111,2.8999999999999986,0.0,True,COMPLETE
4,5456,2025-08-16T07:00:00-05:00,Cali,3.4516,-76.532,19.2,91.0,0.0,3.7,128.47,True,31736,2025,8,16,7,,VALID,False,,False,False,False,False,False,-1.04337608947,0.163095933282,0.91,0.0,America/Bogota,2025-08-16T12:00:00+00:00,2025-08-16,CO,3687925,758,True,No festivo,False,True,True,16.06,44016.14,34024.72,True,76001,SANTIAGO DE CALI,76,VALLE DEL CAUCA,2025,True,18.0,academic_illustration,True,manana,True,4.46111111111111,12.226705555555556,9.451311111111112,1.1999999999999993,0.0,False,COMPLETE
4,5471,2025-08-16T22:00:00-05:00,Cali,3.4516,-76.532,20.0,93.0,0.0,3.2,119.69,True,31751,2025,8,16,22,,VALID,False,,False,False,False,False,False,-0.753054573578,-0.560361859838,0.93,0.0,America/Bogota,2025-08-17T03:00:00+00:00,2025-08-16,CO,3687925,758,True,No festivo,False,True,True,16.06,44016.14,34024.72,True,76001,SANTIAGO DE CALI,76,VALLE DEL CAUCA,2025,True,18.0,academic_illustration,True,noche,True,4.46111111111111,12.226705555555556,9.451311111111112,2.0,0.0,False,COMPLETE
4,5513,2025-08-18T16:00:00-05:00,Cali,3.4516,-76.532,26.9,59.0,0.0,1.8,123.27,True,31793,2025,8,18,16,,VALID,False,,False,False,False,False,False,1.75096850101,-0.26537565262,0.59,0.0,America/Bogota,2025-08-18T21:00:00+00:00,2025-08-18,CO,3687925,758,True,La Asunción,True,False,True,16.75,43995.21,36553.55,True,76001,SANTIAGO DE CALI,76,VALLE DEL CAUCA,2025,True,18.0,academic_illustration,True,tarde,True,4.652777777777778,12.220891666666667,10.15376388888889,8.899999999999999,0.0,False,COMPLETE
4,5612,2025-08-22T19:00:00-05:00,Cali,3.4516,-76.532,21.0,88.0,0.5,5.4,151.32,True,31892,2025,8,22,19,,VALID,False,,False,False,False,False,False,-0.390152678709,2.04589895979,0.88,0.405465108108,America/Bogota,2025-08-23T00:00:00+00:00,2025-08-22,CO,3687925,758,True,No festivo,False,False,True,12.05,43952.16,23879.72,True,76001,SANTIAGO DE CALI,76,VALLE DEL CAUCA,2025,True,18.0,academic_illustration,True,noche,True,3.3472222222222223,12.208933333333334,6.6332555555555555,3.0,0.0,True,COMPLETE
4,5615,2025-08-22T22:00:00-05:00,Cali,3.4516,-76.532,20.6,91.0,0.3,0.8,127.92,True,31895,2025,8,22,22,,VALID,False,,False,False,False,False,False,-0.535313436657,0.117776823234,0.91,0.262364264467,America/Bogota,2025-08-23T03:00:00+00:00,2025-08-22,CO,3687925,758,True,No festivo,False,False,True,12.05,43952.16,23879.72,True,76001,SANTIAGO DE CALI,76,VALLE DEL CAUCA,2025,True,18.0,academic_illustration,True,noche,True,3.3472222222222223,12.208933333333334,6.6332555555555555,2.6000000000000014,0.0,True,COMPLETE
4,5628,2025-08-23T11:00:00-05:00,Cali,3.4516,-76.532,22.7,78.0,0.1,5.4,126.52,True,31908,2025,8,23,11,,VALID,False,,False,False,False,False,False,0.226780542567,0.00241908856828,0.78,0.0953101798043,America/Bogota,2025-08-23T16:00:00+00:00,2025-08-23,CO,3687925,758,True,No festivo,False,True,True,15.33,43941.21,34487.35,True,76001,SANTIAGO DE CALI,76,VALLE DEL CAUCA,2025,True,18.0,academic_illustration,True,manana,True,4.258333333333333,12.205891666666666,9.579819444444444,4.699999999999999,0.0,False,COMPLETE
4,5692,2025-08-26T03:00:00-05:00,Cali,3.4516,-76.532,20.2,90.0,0.0,2.2,116.14,True,31972,2025,8,26,3,,VALID,False,,False,False,False,False,False,-0.680474194604,-0.852876115598,0.9,0.0,America/Bogota,2025-08-26T08:00:00+00:00,2025-08-26,CO,3687925,758,True,No festivo,False,False,True,19.07,43908.01,34117.56,True,76001,SANTIAGO DE CALI,76,VALLE DEL CAUCA,2025,True,18.0,academic_illustration,True,madrugada,True,5.2972222222222225,12.196669444444446,9.4771,2.1999999999999993,0.0,True,COMPLETE
4,5698,2025-08-26T09:00:00-05:00,Cali,3.4516,-76.532,23.6,63.0,0.0,5.6,142.63,True,31978,2025,8,26,9,,VALID,False,,False,False,False,False,False,0.553392247949,1.32985702105,0.63,0.0,America/Bogota,2025-08-26T14:00:00+00:00,2025-08-26,CO,3687925,758,True,No festivo,False,False,True,19.07,43908.01,34117.56,True,76001,SANTIAGO DE CALI,76,VALLE DEL CAUCA,2025,True,18.0,academic_illustration,True,manana,True,5.2972222222222225,12.196669444444446,9.4771,5.600000000000001,0.0,True,COMPLETE
4,5706,2025-08-26T17:00:00-05:00,Cali,3.4516,-76.532,27.1,60.0,0.0,5.2,129.85,True,31986,2025,8,26,17,,VALID,False,,False,False,False,False,False,1.82354887999,0.276805700309,0.6,0.0,America/Bogota,2025-08-26T22:00:00+00:00,2025-08-26,CO,3687925,758,True,No festivo,False,False,True,19.07,43908.01,34117.56,True,76001,SANTIAGO DE CALI,76,VALLE DEL CAUCA,2025,True,18.0,academic_illustration,True,tarde,True,5.2972222222222225,12.196669444444446,9.4771,9.100000000000001,0.0,True,COMPLETE
4,5751,2025-08-28T14:00:00-05:00,Cali,3.4516,-76.532,29.3,43.0,0.0,3.5,131.92,True,32031,2025,8,28,14,,VALID,False,,False,False,False,False,False,2.6219330487,0.447370350851,0.43,0.0,America/Bogota,2025-08-28T19:00:00+00:00,2025-08-28,CO,3687925,758,True,No festivo,False,False,True,16.25,43885.69,27160.88,True,76001,SANTIAGO DE CALI,76,VALLE DEL CAUCA,2025,True,18.0,academic_illustration,True,tarde,True,4.513888888888888,12.190469444444446,7.5446888888888894,11.3,0.0,True,COMPLETE
4,5783,2025-08-29T22:00:00-05:00,Cali,3.4516,-76.532,21.4,84.0,0.0,3.6,117.92,True,32063,2025,8,29,22,,VALID,False,,False,False,False,False,False,-0.244991920762,-0.706206995808,0.84,0.0,America/Bogota,2025-08-30T03:00:00+00:00,2025-08-29,CO,3687925,758,True,No festivo,False,False,True,16.77,43874.5,33245.93,True,76001,SANTIAGO DE CALI,76,VALLE DEL CAUCA,2025,True,18.0,academic_illustration,True,noche,True,4.658333333333333,12.18736111111111,9.234980555555556,3.3999999999999986,0.0,True,COMPLETE
4,5872,2025-09-02T15:00:00-05:00,Cali,3.4516,-76.532,26.1,63.0,0.0,8.9,118.88,True,32152,2025,9,2,15,,VALID,True,wind_speed_kmh,False,False,False,True,False,1.46064698512,-0.62710454918,0.63,0.0,America/Bogota,2025-09-02T20:00:00+00:00,2025-09-02,CO,3687925,758,True,No festivo,False,False,True,12.88,43829.71,25068.2,True,76001,SANTIAGO DE CALI,76,VALLE DEL CAUCA,2025,True,18.0,academic_illustration,True,tarde,True,3.577777777777778,12.174919444444445,6.963388888888889,8.100000000000001,0.0,True,COMPLETE
4,5887,2025-09-03T06:00:00-05:00,Cali,3.4516,-76.532,18.9,93.0,0.0,0.6,127.89,True,32167,2025,9,3,6,,VALID,False,,False,False,False,False,False,-1.15224665793,0.115304871777,0.93,0.0,America/Bogota,2025-09-03T11:00:00+00:00,2025-09-03,CO,3687925,758,True,No festivo,False,False,True,18.57,43818.55,31673.95,True,76001,SANTIAGO DE CALI,76,VALLE DEL CAUCA,2025,True,18.0,academic_illustration,True,manana,True,5.158333333333333,12.171819444444445,8.798319444444445,0.8999999999999986,0.0,True,COMPLETE
4,5896,2025-09-03T15:00:00-05:00,Cali,3.4516,-76.532,28.3,53.0,0.0,13.2,117.34,True,32176,2025,9,3,15,,VALID,True,wind_speed_kmh,False,False,False,True,False,2.25903115383,-0.753998057313,0.53,0.0,America/Bogota,2025-09-03T20:00:00+00:00,2025-09-03,CO,3687925,758,True,No festivo,False,False,True,18.57,43818.55,31673.95,True,76001,SANTIAGO DE CALI,76,VALLE DEL CAUCA,2025,True,18.0,academic_illustration,True,tarde,True,5.158333333333333,12.171819444444445,8.798319444444445,10.3,0.0,True,COMPLETE
4,5898,2025-09-03T17:00:00-05:00,Cali,3.4516,-76.532,26.0,65.0,0.0,10.0,122.33,True,32178,2025,9,3,17,,VALID,True,wind_speed_kmh,False,False,False,True,False,1.42435679563,-0.34283013161,0.65,0.0,America/Bogota,2025-09-03T22:00:00+00:00,2025-09-03,CO,3687925,758,True,No festivo,False,False,True,18.57,43818.55,31673.95,True,76001,SANTIAGO DE CALI,76,VALLE DEL CAUCA,2025,True,18.0,academic_illustration,True,tarde,True,5.158333333333333,12.171819444444445,8.798319444444445,8.0,0.0,True,COMPLETE
4,5919,2025-09-04T14:00:00-05:00,Cali,3.4516,-76.532,27.4,54.0,0.0,1.4,118.66,True,32199,2025,9,4,14,,VALID,False,,False,False,False,False,False,1.93241944845,-0.645232193199,0.54,0.0,America/Bogota,2025-09-04T19:00:00+00:00,2025-09-04,CO,3687925,758,True,No festivo,False,False,True,11.63,43807.38,14031.05,True,76001,SANTIAGO DE CALI,76,VALLE DEL CAUCA,2025,True,18.0,academic_illustration,True,tarde,True,3.2305555555555556,12.168716666666667,3.8975138888888887,9.399999999999999,0.0,True,COMPLETE
4,5934,2025-09-05T05:00:00-05:00,Cali,3.4516,-76.532,18.5,87.0,0.1,3.1,123.44,True,32214,2025,9,5,5,,VALID,False,,False,False,False,False,False,-1.29740741588,-0.251367927697,0.87,0.0953101798043,America/Bogota,2025-09-05T10:00:00+00:00,2025-09-05,CO,3687925,758,True,No festivo,False,False,True,13.91,43796.14,23774.84,True,76001,SANTIAGO DE CALI,76,VALLE DEL CAUCA,2025,True,18.0,academic_illustration,True,madrugada,True,3.863888888888889,12.165594444444444,6.604122222222222,0.5,0.0,True,COMPLETE
4,5978,2025-09-07T01:00:00-05:00,Cali,3.4516,-76.532,19.1,98.0,0.4,1.3,126.27,True,32258,2025,9,7,1,,VALID,False,,False,False,False,False,False,-1.07966627896,-0.0181805069078,0.98,0.336472236621,America/Bogota,2025-09-07T06:00:00+00:00,2025-09-07,CO,3687925,758,True,No festivo,False,True,True,15.97,43773.48,32321.89,True,76001,SANTIAGO DE CALI,76,VALLE DEL CAUCA,2025,True,18.0,academic_illustration,True,madrugada,True,4.436111111111111,12.159300000000002,8.978302777777778,1.1000000000000014,0.0,False,COMPLETE
4,6031,2025-09-09T06:00:00-05:00,Cali,3.4516,-76.532,19.1,89.0,0.0,1.8,118.41,True,32311,2025,9,9,6,,VALID,False,,False,False,False,False,False,-1.07966627896,-0.665831788675,0.89,0.0,America/Bogota,2025-09-09T11:00:00+00:00,2025-09-09,CO,3687925,758,True,No festivo,False,False,True,20.73,43750.6,41932.92,True,76001,SANTIAGO DE CALI,76,VALLE DEL CAUCA,2025,True,18.0,academic_illustration,True,manana,True,5.758333333333334,12.152944444444444,11.648033333333332,1.1000000000000014,0.0,True,COMPLETE
4,6046,2025-09-09T21:00:00-05:00,Cali,3.4516,-76.532,22.6,82.0,0.0,8.8,152.21,True,32326,2025,9,9,21,,VALID,True,wind_speed_kmh,False,False,False,True,False,0.19049035308,2.11923351969,0.82,0.0,America/Bogota,2025-09-10T02:00:00+00:00,2025-09-09,CO,3687925,758,True,No festivo,False,False,True,20.73,43750.6,41932.92,True,76001,SANTIAGO DE CALI,76,VALLE DEL CAUCA,2025,True,18.0,academic_illustration,True,noche,True,5.758333333333334,12.152944444444444,11.648033333333332,4.600000000000001,0.0,True,COMPLETE
4,6092,2025-09-11T19:00:00-05:00,Cali,3.4516,-76.532,22.0,84.0,0.0,2.8,146.7,True,32372,2025,9,11,19,,VALID,False,,False,False,False,False,False,-0.0272507838407,1.6652184354,0.84,0.0,America/Bogota,2025-09-12T00:00:00+00:00,2025-09-11,CO,3687925,758,True,No festivo,False,False,True,11.25,43727.59,6703.46,True,76001,SANTIAGO DE CALI,76,VALLE DEL CAUCA,2025,True,18.0,academic_illustration,True,noche,True,3.125,12.146552777777776,1.8620722222222221,4.0,0.0,True,COMPLETE
4,6123,2025-09-13T02:00:00-05:00,Cali,3.4516,-76.532,21.0,92.0,0.0,2.3,118.55,True,32403,2025,9,13,2,,VALID,False,,False,False,False,False,False,-0.390152678709,-0.654296015208,0.92,0.0,America/Bogota,2025-09-13T07:00:00+00:00,2025-09-13,CO,3687925,758,True,No festivo,False,True,True,17.86,43704.49,39788.81,True,76001,SANTIAGO DE CALI,76,VALLE DEL CAUCA,2025,True,18.0,academic_illustration,True,madrugada,True,4.961111111111111,12.14013611111111,11.052447222222222,3.0,0.0,False,COMPLETE
4,6125,2025-09-13T04:00:00-05:00,Cali,3.4516,-76.532,20.1,91.0,0.0,3.1,125.08,True,32405,2025,9,13,4,,VALID,False,,False,False,False,False,False,-0.716764384091,-0.116234581374,0.91,0.0,America/Bogota,2025-09-13T09:00:00+00:00,2025-09-13,CO,3687925,758,True,No festivo,False,True,True,17.86,43704.49,39788.81,True,76001,SANTIAGO DE CALI,76,VALLE DEL CAUCA,2025,True,18.0,academic_illustration,True,madrugada,True,4.961111111111111,12.14013611111111,11.052447222222222,2.1000000000000014,0.0,False,COMPLETE
4,6161,2025-09-14T16:00:00-05:00,Cali,3.4516,-76.532,27.4,57.0,0.0,18.1,124.94,True,32441,2025,9,14,16,,VALID,True,wind_speed_kmh,False,False,False,True,False,1.93241944845,-0.12777035484,0.57,0.0,America/Bogota,2025-09-14T21:00:00+00:00,2025-09-14,CO,3687925,758,True,No festivo,False,True,True,21.33,43692.93,41439.33,True,76001,SANTIAGO DE CALI,76,VALLE DEL CAUCA,2025,True,18.0,academic_illustration,True,tarde,True,5.925,12.136925,11.510925,9.399999999999999,0.0,False,COMPLETE
4,6173,2025-09-15T04:00:00-05:00,Cali,3.4516,-76.532,20.0,80.0,0.0,1.0,122.34,True,32453,2025,9,15,4,,VALID,False,,False,False,False,False,False,-0.753054573578,-0.342006147791,0.8,0.0,America/Bogota,2025-09-15T09:00:00+00:00,2025-09-15,CO,3687925,758,True,No festivo,False,False,True,17.01,43681.38,32551.27,True,76001,SANTIAGO DE CALI,76,VALLE DEL CAUCA,2025,True,18.0,academic_illustration,True,madrugada,True,4.7250000000000005,12.133716666666666,9.042019444444444,2.0,0.0,True,COMPLETE
4,6223,2025-09-17T06:00:00-05:00,Cali,3.4516,-76.532,18.5,92.0,0.0,0.7,116.8,True,32503,2025,9,17,6,,VALID,False,,False,False,False,False,False,-1.29740741588,-0.798493183541,0.92,0.0,America/Bogota,2025-09-17T11:00:00+00:00,2025-09-17,CO,3687925,758,True,No festivo,False,False,True,16.92,43658.3,33100.64,True,76001,SANTIAGO DE CALI,76,VALLE DEL CAUCA,2025,True,18.0,academic_illustration,True,manana,True,4.7,12.127305555555557,9.194622222222222,0.5,0.0,True,COMPLETE
4,6263,2025-09-18T22:00:00-05:00,Cali,3.4516,-76.532,19.5,95.0,0.0,1.5,118.74,True,32543,2025,9,18,22,,VALID,False,,False,False,False,False,False,-0.934505521012,-0.638640322647,0.95,0.0,America/Bogota,2025-09-19T03:00:00+00:00,2025-09-18,CO,3687925,758,True,No festivo,False,False,True,9.04,43646.8,15411.28,True,76001,SANTIAGO DE CALI,76,VALLE DEL CAUCA,2025,True,18.0,academic_illustration,True,noche,True,2.5111111111111106,12.124111111111112,4.280911111111111,1.5,0.0,True,COMPLETE
4,6281,2025-09-19T16:00:00-05:00,Cali,3.4516,-76.532,25.3,70.0,2.6,2.1,114.61,True,32561,2025,9,19,16,,VALID,True,precipitation_mm,False,False,True,False,False,1.17032546923,-0.978945639911,0.7,1.28093384546,America/Bogota,2025-09-19T21:00:00+00:00,2025-09-19,CO,3687925,758,True,No festivo,False,False,True,16.62,43635.33,32049.36,True,76001,SANTIAGO DE CALI,76,VALLE DEL CAUCA,2025,True,18.0,academic_illustration,True,tarde,True,4.616666666666667,12.120925,8.9026,7.300000000000001,0.0,True,COMPLETE
4,6286,2025-09-19T21:00:00-05:00,Cali,3.4516,-76.532,21.1,93.0,0.0,7.4,146.5,True,32566,2025,9,19,21,,VALID,False,,False,False,False,False,False,-0.353862489222,1.64873875901,0.93,0.0,America/Bogota,2025-09-20T02:00:00+00:00,2025-09-19,CO,3687925,758,True,No festivo,False,False,True,16.62,43635.33,32049.36,True,76001,SANTIAGO DE CALI,76,VALLE DEL CAUCA,2025,True,18.0,academic_illustration,True,noche,True,4.616666666666667,12.120925,8.9026,3.1000000000000014,0.0,True,COMPLETE
4,6460,2025-09-27T03:00:00-05:00,Cali,3.4516,-76.532,19.7,95.0,1.5,1.8,126.44,True,32740,2025,9,27,3,,VALID,True,precipitation_mm,False,False,True,False,False,-0.861925142038,-0.00417278198406,0.95,0.916290731874,America/Bogota,2025-09-27T08:00:00+00:00,2025-09-27,CO,3687925,758,True,No festivo,False,True,True,15.68,43544.77,32984.04,True,76001,SANTIAGO DE CALI,76,VALLE DEL CAUCA,2025,True,18.0,academic_illustration,True,madrugada,True,4.355555555555555,12.095769444444443,9.162233333333333,1.6999999999999993,0.0,False,COMPLETE
4,6539,2025-09-30T10:00:00-05:00,Cali,3.4516,-76.532,23.9,75.0,0.1,3.1,118.63,True,32819,2025,9,30,10,,VALID,False,,False,False,False,False,False,0.662262816409,-0.647704144656,0.75,0.0953101798043,America/Bogota,2025-09-30T15:00:00+00:00,2025-09-30,CO,3687925,758,True,No festivo,False,False,True,7.57,43510.74,713.84,True,76001,SANTIAGO DE CALI,76,VALLE DEL CAUCA,2025,True,18.0,academic_illustration,True,manana,True,2.102777777777778,12.086316666666667,0.1982888888888889,5.899999999999999,0.0,True,COMPLETE
4,6634,2025-10-04T09:00:00-05:00,Cali,3.4516,-76.532,22.3,71.0,0.0,3.8,142.93,True,32914,2025,10,4,9,,VALID,False,,False,False,False,False,False,0.0816197846198,1.35457653562,0.71,0.0,America/Bogota,2025-10-04T14:00:00+00:00,2025-10-04,CO,3687925,758,True,No festivo,False,True,True,17.17,43465.51,35937.99,True,76001,SANTIAGO DE CALI,76,VALLE DEL CAUCA,2025,True,18.0,academic_illustration,True,manana,True,4.769444444444445,12.073752777777779,9.982775,4.300000000000001,0.0,False,COMPLETE
4,6654,2025-10-05T05:00:00-05:00,Cali,3.4516,-76.532,19.4,92.0,0.6,1.4,123.01,True,32934,2025,10,5,5,,VALID,True,precipitation_mm,False,False,True,False,False,-0.970795710499,-0.286799231916,0.92,0.470003629246,America/Bogota,2025-10-05T10:00:00+00:00,2025-10-05,CO,3687925,758,True,No festivo,False,True,True,18.73,43454.29,28970.22,True,76001,SANTIAGO DE CALI,76,VALLE DEL CAUCA,2025,True,18.0,academic_illustration,True,madrugada,True,5.2027777777777775,12.070636111111112,8.047283333333334,1.3999999999999986,0.0,False,COMPLETE
4,6718,2025-10-07T21:00:00-05:00,Cali,3.4516,-76.532,21.5,93.0,0.0,3.0,148.36,True,32998,2025,10,7,21,,VALID,False,,False,False,False,False,False,-0.208701731275,1.80199974936,0.93,0.0,America/Bogota,2025-10-08T02:00:00+00:00,2025-10-07,CO,3687925,758,True,No festivo,False,False,True,16.98,43431.98,33782.15,True,76001,SANTIAGO DE CALI,76,VALLE DEL CAUCA,2025,True,18.0,academic_illustration,True,noche,True,4.716666666666667,12.06443888888889,9.383930555555557,3.5,0.0,True,COMPLETE
4,6727,2025-10-08T06:00:00-05:00,Cali,3.4516,-76.532,19.2,93.0,0.3,0.7,122.24,True,33007,2025,10,8,6,,VALID,False,,False,False,False,False,False,-1.04337608947,-0.350245985982,0.93,0.262364264467,America/Bogota,2025-10-08T11:00:00+00:00,2025-10-08,CO,3687925,758,True,No festivo,False,False,True,9.64,43420.91,12607.28,True,76001,SANTIAGO DE CALI,76,VALLE DEL CAUCA,2025,True,18.0,academic_illustration,True,manana,True,2.677777777777778,12.06136388888889,3.5020222222222226,1.1999999999999993,0.0,True,COMPLETE
4,6803,2025-10-11T10:00:00-05:00,Cali,3.4516,-76.532,23.5,71.0,0.1,1.7,125.55,True,33083,2025,10,11,10,,VALID,False,,False,False,False,False,False,0.517102058462,-0.0775073418788,0.71,0.0953101798043,America/Bogota,2025-10-11T15:00:00+00:00,2025-10-11,CO,3687925,758,True,No festivo,False,True,True,13.74,43388.16,29013.74,True,76001,SANTIAGO DE CALI,76,VALLE DEL CAUCA,2025,True,18.0,academic_illustration,True,manana,True,3.8166666666666664,12.052266666666668,8.059372222222223,5.5,0.0,False,COMPLETE
4,6828,2025-10-12T11:00:00-05:00,Cali,3.4516,-76.532,23.7,71.0,0.0,4.5,113.55,True,33108,2025,10,12,11,,VALID,False,,False,False,False,False,False,0.589682437436,-1.06628792473,0.71,0.0,America/Bogota,2025-10-12T16:00:00+00:00,2025-10-12,CO,3687925,758,True,No festivo,False,True,True,10.44,43377.42,13891.09,True,76001,SANTIAGO DE CALI,76,VALLE DEL CAUCA,2025,True,18.0,academic_illustration,True,manana,True,2.9,12.049283333333333,3.858636111111111,5.699999999999999,0.0,False,COMPLETE
4,6853,2025-10-13T12:00:00-05:00,Cali,3.4516,-76.532,25.8,66.0,0.1,4.4,116.52,True,33133,2025,10,13,12,,VALID,False,,False,False,False,False,False,1.35177641666,-0.821564730474,0.66,0.0953101798043,America/Bogota,2025-10-13T17:00:00+00:00,2025-10-13,CO,3687925,758,True,Día de la Raza,True,False,True,20.19,43366.78,34876.53,True,76001,SANTIAGO DE CALI,76,VALLE DEL CAUCA,2025,True,18.0,academic_illustration,True,tarde,True,5.608333333333333,12.046327777777778,9.687925,7.800000000000001,0.0,False,COMPLETE
4,6903,2025-10-15T14:00:00-05:00,Cali,3.4516,-76.532,26.2,62.0,0.0,4.7,114.43,True,33183,2025,10,15,14,,VALID,False,,False,False,False,False,False,1.49693717461,-0.993777348654,0.62,0.0,America/Bogota,2025-10-15T19:00:00+00:00,2025-10-15,CO,3687925,758,True,No festivo,False,False,True,16.78,43345.64,38720.45,True,76001,SANTIAGO DE CALI,76,VALLE DEL CAUCA,2025,True,18.0,academic_illustration,True,tarde,True,4.661111111111111,12.040455555555555,10.755680555555555,8.2,0.0,True,COMPLETE
4,6908,2025-10-15T19:00:00-05:00,Cali,3.4516,-76.532,21.9,85.0,0.8,3.6,145.42,True,33188,2025,10,15,19,,VALID,True,precipitation_mm,False,False,True,False,False,-0.0635409733275,1.55974850656,0.85,0.587786664902,America/Bogota,2025-10-16T00:00:00+00:00,2025-10-15,CO,3687925,758,True,No festivo,False,False,True,16.78,43345.64,38720.45,True,76001,SANTIAGO DE CALI,76,VALLE DEL CAUCA,2025,True,18.0,academic_illustration,True,noche,True,4.661111111111111,12.040455555555555,10.755680555555555,3.8999999999999986,0.0,True,COMPLETE
4,6920,2025-10-16T07:00:00-05:00,Cali,3.4516,-76.532,20.3,88.0,0.0,2.9,134.73,True,33200,2025,10,16,7,,VALID,False,,False,False,False,False,False,-0.644184005117,0.678909804002,0.88,0.0,America/Bogota,2025-10-16T12:00:00+00:00,2025-10-16,CO,3687925,758,True,No festivo,False,False,True,15.33,43335.08,24392.24,True,76001,SANTIAGO DE CALI,76,VALLE DEL CAUCA,2025,True,18.0,academic_illustration,True,manana,True,4.258333333333333,12.037522222222222,6.775622222222223,2.3000000000000007,0.0,True,COMPLETE
4,6935,2025-10-16T22:00:00-05:00,Cali,3.4516,-76.532,21.2,92.0,0.0,1.4,120.56,True,33215,2025,10,16,22,,VALID,False,,False,False,False,False,False,-0.317572299735,-0.488675267581,0.92,0.0,America/Bogota,2025-10-17T03:00:00+00:00,2025-10-16,CO,3687925,758,True,No festivo,False,False,True,15.33,43335.08,24392.24,True,76001,SANTIAGO DE CALI,76,VALLE DEL CAUCA,2025,True,18.0,academic_illustration,True,noche,True,4.258333333333333,12.037522222222222,6.775622222222223,3.1999999999999993,0.0,True,COMPLETE
4,6977,2025-10-18T16:00:00-05:00,Cali,3.4516,-76.532,24.9,69.0,0.0,2.5,123.61,True,33257,2025,10,18,16,,VALID,False,,False,False,False,False,False,1.02516471128,-0.237360202773,0.69,0.0,America/Bogota,2025-10-18T21:00:00+00:00,2025-10-18,CO,3687925,758,True,No festivo,False,True,True,14.28,43314.0,27035.92,True,76001,SANTIAGO DE CALI,76,VALLE DEL CAUCA,2025,True,18.0,academic_illustration,True,tarde,True,3.9666666666666663,12.031666666666666,7.509977777777777,6.899999999999999,0.0,False,COMPLETE
4,7076,2025-10-22T19:00:00-05:00,Cali,3.4516,-76.532,22.0,91.0,4.0,5.4,141.62,True,33356,2025,10,22,19,,VALID,True,precipitation_mm,False,False,True,False,False,-0.0272507838407,1.24663465532,0.91,1.60943791243,America/Bogota,2025-10-23T00:00:00+00:00,2025-10-22,CO,3687925,758,True,No festivo,False,False,True,15.83,43272.28,33295.36,True,76001,SANTIAGO DE CALI,76,VALLE DEL CAUCA,2025,True,18.0,academic_illustration,True,noche,True,4.397222222222222,12.020077777777777,9.248711111111112,4.0,0.0,True,COMPLETE
4,7079,2025-10-22T22:00:00-05:00,Cali,3.4516,-76.532,20.8,98.0,0.4,2.7,118.54,True,33359,2025,10,22,22,,VALID,False,,False,False,False,False,False,-0.462733057683,-0.655119999027,0.98,0.336472236621,America/Bogota,2025-10-23T03:00:00+00:00,2025-10-22,CO,3687925,758,True,No festivo,False,False,True,15.83,43272.28,33295.36,True,76001,SANTIAGO DE CALI,76,VALLE DEL CAUCA,2025,True,18.0,academic_illustration,True,noche,True,4.397222222222222,12.020077777777777,9.248711111111112,2.8000000000000007,0.0,True,COMPLETE
4,7092,2025-10-23T11:00:00-05:00,Cali,3.4516,-76.532,27.1,59.0,0.0,4.4,115.59,True,33372,2025,10,23,11,,VALID,False,,False,False,False,False,False,1.82354887999,-0.898195225645,0.59,0.0,America/Bogota,2025-10-23T16:00:00+00:00,2025-10-23,CO,3687925,758,True,No festivo,False,False,True,14.45,43261.99,29687.1,True,76001,SANTIAGO DE CALI,76,VALLE DEL CAUCA,2025,True,18.0,academic_illustration,True,manana,True,4.013888888888888,12.017219444444445,8.246416666666667,9.100000000000001,0.0,True,COMPLETE
4,7156,2025-10-26T03:00:00-05:00,Cali,3.4516,-76.532,19.5,94.0,0.3,1.7,122.6,True,33436,2025,10,26,3,,VALID,False,,False,False,False,False,False,-0.934505521012,-0.320582568496,0.94,0.262364264467,America/Bogota,2025-10-26T08:00:00+00:00,2025-10-26,CO,3687925,758,True,No festivo,False,True,True,13.65,43231.6,33116.52,True,76001,SANTIAGO DE CALI,76,VALLE DEL CAUCA,2025,True,18.0,academic_illustration,True,madrugada,True,3.7916666666666665,12.008777777777777,9.199033333333333,1.5,0.0,False,COMPLETE
4,7162,2025-10-26T09:00:00-05:00,Cali,3.4516,-76.532,22.8,80.0,0.1,2.4,135.18,True,33442,2025,10,26,9,,VALID,False,,False,False,False,False,False,0.263070732054,0.715989075859,0.8,0.0953101798043,America/Bogota,2025-10-26T14:00:00+00:00,2025-10-26,CO,3687925,758,True,No festivo,False,True,True,13.65,43231.6,33116.52,True,76001,SANTIAGO DE CALI,76,VALLE DEL CAUCA,2025,True,18.0,academic_illustration,True,manana,True,3.7916666666666665,12.008777777777777,9.199033333333333,4.800000000000001,0.0,False,COMPLETE
4,7170,2025-10-26T17:00:00-05:00,Cali,3.4516,-76.532,24.0,71.0,0.0,1.3,124.0,True,33450,2025,10,26,17,,VALID,False,,False,False,False,False,False,0.698553005896,-0.20522483383,0.71,0.0,America/Bogota,2025-10-26T22:00:00+00:00,2025-10-26,CO,3687925,758,True,No festivo,False,True,True,13.65,43231.6,33116.52,True,76001,SANTIAGO DE CALI,76,VALLE DEL CAUCA,2025,True,18.0,academic_illustration,True,tarde,True,3.7916666666666665,12.008777777777777,9.199033333333333,6.0,0.0,False,COMPLETE
4,7215,2025-10-28T14:00:00-05:00,Cali,3.4516,-76.532,26.6,67.0,0.0,1.6,113.88,True,33495,2025,10,28,14,,VALID,False,,False,False,False,False,False,1.64209793255,-1.0390964587,0.67,0.0,America/Bogota,2025-10-28T19:00:00+00:00,2025-10-28,CO,3687925,758,True,No festivo,False,False,True,17.94,43211.83,37710.63,True,76001,SANTIAGO DE CALI,76,VALLE DEL CAUCA,2025,True,18.0,academic_illustration,True,tarde,True,4.983333333333333,12.003286111111112,10.475175,8.600000000000001,0.0,True,COMPLETE
4,7247,2025-10-29T22:00:00-05:00,Cali,3.4516,-76.532,21.8,91.0,0.0,5.2,112.81,True,33527,2025,10,29,22,,VALID,False,,False,False,False,False,False,-0.0998311628144,-1.12726272734,0.91,0.0,America/Bogota,2025-10-30T03:00:00+00:00,2025-10-29,CO,3687925,758,True,No festivo,False,False,True,11.85,43202.12,21278.64,True,76001,SANTIAGO DE CALI,76,VALLE DEL CAUCA,2025,True,18.0,academic_illustration,True,noche,True,3.2916666666666665,12.00058888888889,5.910733333333333,3.8000000000000007,0.0,True,COMPLETE
4,7336,2025-11-02T15:00:00-05:00,Cali,3.4516,-76.532,25.6,68.0,0.0,1.3,126.21,True,33616,2025,11,2,15,,VALID,False,,False,False,False,False,False,1.27919603769,-0.023124409822,0.68,0.0,America/Bogota,2025-11-02T20:00:00+00:00,2025-11-02,CO,3687925,758,True,No festivo,False,True,True,14.96,43164.68,28104.34,True,76001,SANTIAGO DE CALI,76,VALLE DEL CAUCA,2025,True,18.0,academic_illustration,True,tarde,True,4.155555555555556,11.99018888888889,7.806761111111111,7.600000000000001,0.0,False,COMPLETE
4,7351,2025-11-03T06:00:00-05:00,Cali,3.4516,-76.532,19.7,98.0,0.4,1.9,121.21,True,33631,2025,11,3,6,,VALID,False,,False,False,False,False,False,-0.861925142038,-0.435116319343,0.98,0.336472236621,America/Bogota,2025-11-03T11:00:00+00:00,2025-11-03,CO,3687925,758,True,Dia de los Santos,True,False,True,12.6,43155.69,29065.52,True,76001,SANTIAGO DE CALI,76,VALLE DEL CAUCA,2025,True,18.0,academic_illustration,True,manana,True,3.5,11.987691666666667,8.073755555555556,1.6999999999999993,0.0,False,COMPLETE
4,7360,2025-11-03T15:00:00-05:00,Cali,3.4516,-76.532,24.5,71.0,0.1,1.1,116.26,True,33640,2025,11,3,15,,VALID,False,,False,False,False,False,False,0.88000395333,-0.842988309769,0.71,0.0953101798043,America/Bogota,2025-11-03T20:00:00+00:00,2025-11-03,CO,3687925,758,True,Dia de los Santos,True,False,True,12.6,43155.69,29065.52,True,76001,SANTIAGO DE CALI,76,VALLE DEL CAUCA,2025,True,18.0,academic_illustration,True,tarde,True,3.5,11.987691666666667,8.073755555555556,6.5,0.0,False,COMPLETE
4,7362,2025-11-03T17:00:00-05:00,Cali,3.4516,-76.532,22.3,79.0,0.0,1.4,119.39,True,33642,2025,11,3,17,,VALID,False,,False,False,False,False,False,0.0816197846198,-0.585081374409,0.79,0.0,America/Bogota,2025-11-03T22:00:00+00:00,2025-11-03,CO,3687925,758,True,Dia de los Santos,True,False,True,12.6,43155.69,29065.52,True,76001,SANTIAGO DE CALI,76,VALLE DEL CAUCA,2025,True,18.0,academic_illustration,True,tarde,True,3.5,11.987691666666667,8.073755555555556,4.300000000000001,0.0,False,COMPLETE
4,7383,2025-11-04T14:00:00-05:00,Cali,3.4516,-76.532,26.1,65.0,0.0,1.0,127.37,True,33663,2025,11,4,14,,VALID,False,,False,False,False,False,False,1.46064698512,0.0724577131869,0.65,0.0,America/Bogota,2025-11-04T19:00:00+00:00,2025-11-04,CO,3687925,758,True,No festivo,False,False,True,15.29,43146.74,33545.01,True,76001,SANTIAGO DE CALI,76,VALLE DEL CAUCA,2025,True,18.0,academic_illustration,True,tarde,True,4.247222222222222,11.985205555555554,9.318058333333333,8.100000000000001,0.0,True,COMPLETE
4,7398,2025-11-05T05:00:00-05:00,Cali,3.4516,-76.532,19.0,96.0,0.1,1.1,121.98,True,33678,2025,11,5,5,,VALID,False,,False,False,False,False,False,-1.11595646845,-0.371669565277,0.96,0.0953101798043,America/Bogota,2025-11-05T10:00:00+00:00,2025-11-05,CO,3687925,758,True,No festivo,False,False,True,16.56,43137.87,33013.04,True,76001,SANTIAGO DE CALI,76,VALLE DEL CAUCA,2025,True,18.0,academic_illustration,True,madrugada,True,4.6,11.982741666666668,9.170288888888889,1.0,0.0,True,COMPLETE
4,7442,2025-11-07T01:00:00-05:00,Cali,3.4516,-76.532,20.5,97.0,0.0,1.3,116.64,True,33722,2025,11,7,1,,VALID,False,,False,False,False,False,False,-0.571603626143,-0.811676924645,0.97,0.0,America/Bogota,2025-11-07T06:00:00+00:00,2025-11-07,CO,3687925,758,True,No festivo,False,False,True,17.37,43120.33,36927.2,True,76001,SANTIAGO DE CALI,76,VALLE DEL CAUCA,2025,True,18.0,academic_illustration,True,madrugada,True,4.825,11.977869444444446,10.257555555555555,2.5,0.0,True,COMPLETE
4,7495,2025-11-09T06:00:00-05:00,Cali,3.4516,-76.532,19.5,93.0,1.5,1.8,122.5,True,33775,2025,11,9,6,,VALID,True,precipitation_mm,False,False,True,False,False,-0.934505521012,-0.328822406687,0.93,0.916290731874,America/Bogota,2025-11-09T11:00:00+00:00,2025-11-09,CO,3687925,758,True,No festivo,False,True,True,17.52,43103.15,38888.81,True,76001,SANTIAGO DE CALI,76,VALLE DEL CAUCA,2025,True,18.0,academic_illustration,True,manana,True,4.866666666666666,11.973097222222222,10.802447222222222,1.5,0.0,False,COMPLETE
4,7510,2025-11-09T21:00:00-05:00,Cali,3.4516,-76.532,21.6,89.0,1.0,3.3,133.11,True,33790,2025,11,9,21,,VALID,True,precipitation_mm,False,False,True,False,False,-0.172411541788,0.545424425317,0.89,0.69314718056,America/Bogota,2025-11-10T02:00:00+00:00,2025-11-09,CO,3687925,758,True,No festivo,False,True,True,17.52,43103.15,38888.81,True,76001,SANTIAGO DE CALI,76,VALLE DEL CAUCA,2025,True,18.0,academic_illustration,True,noche,True,4.866666666666666,11.973097222222222,10.802447222222222,3.6000000000000014,0.0,False,COMPLETE
4,7556,2025-11-11T19:00:00-05:00,Cali,3.4516,-76.532,22.0,87.0,0.1,2.3,142.94,True,33836,2025,11,11,19,,VALID,False,,False,False,False,False,False,-0.0272507838407,1.35540051944,0.87,0.0953101798043,America/Bogota,2025-11-12T00:00:00+00:00,2025-11-11,CO,3687925,758,True,No festivo,False,False,True,17.09,43086.39,32835.29,True,76001,SANTIAGO DE CALI,76,VALLE DEL CAUCA,2025,True,18.0,academic_illustration,True,noche,True,4.747222222222222,11.968441666666667,9.12091388888889,4.0,0.0,True,COMPLETE
4,7587,2025-11-13T02:00:00-05:00,Cali,3.4516,-76.532,19.8,98.0,0.0,1.6,118.16,True,33867,2025,11,13,2,,VALID,False,,False,False,False,False,False,-0.825634952551,-0.686431384151,0.98,0.0,America/Bogota,2025-11-13T07:00:00+00:00,2025-11-13,CO,3687925,758,True,No festivo,False,False,True,12.26,43070.14,28391.39,True,76001,SANTIAGO DE CALI,76,VALLE DEL CAUCA,2025,True,18.0,academic_illustration,True,madrugada,True,3.4055555555555554,11.963927777777778,7.886497222222222,1.8000000000000007,0.0,True,COMPLETE
4,7589,2025-11-13T04:00:00-05:00,Cali,3.4516,-76.532,19.3,97.0,0.4,1.3,116.59,True,33869,2025,11,13,4,,VALID,False,,False,False,False,False,False,-1.00708589999,-0.815796843741,0.97,0.336472236621,America/Bogota,2025-11-13T09:00:00+00:00,2025-11-13,CO,3687925,758,True,No festivo,False,False,True,12.26,43070.14,28391.39,True,76001,SANTIAGO DE CALI,76,VALLE DEL CAUCA,2025,True,18.0,academic_illustration,True,madrugada,True,3.4055555555555554,11.963927777777778,7.886497222222222,1.3000000000000007,0.0,True,COMPLETE
4,7625,2025-11-14T16:00:00-05:00,Cali,3.4516,-76.532,24.2,65.0,0.0,2.1,124.56,True,33905,2025,11,14,16,,VALID,False,,False,False,False,False,False,0.77113338487,-0.159081739964,0.65,0.0,America/Bogota,2025-11-14T21:00:00+00:00,2025-11-14,CO,3687925,758,True,No festivo,False,False,True,12.37,43062.23,30654.88,True,76001,SANTIAGO DE CALI,76,VALLE DEL CAUCA,2025,True,18.0,academic_illustration,True,tarde,True,3.436111111111111,11.961730555555556,8.515244444444445,6.199999999999999,0.0,True,COMPLETE
4,7637,2025-11-15T04:00:00-05:00,Cali,3.4516,-76.532,18.7,98.0,0.0,0.0,128.72,True,33917,2025,11,15,4,,VALID,False,,False,False,False,False,False,-1.22482703691,0.183695528758,0.98,0.0,America/Bogota,2025-11-15T09:00:00+00:00,2025-11-15,CO,3687925,758,True,No festivo,False,True,True,15.58,43054.48,30448.99,True,76001,SANTIAGO DE CALI,76,VALLE DEL CAUCA,2025,True,18.0,academic_illustration,True,madrugada,True,4.3277777777777775,11.95957777777778,8.458052777777779,0.6999999999999993,0.0,False,COMPLETE
4,7687,2025-11-17T06:00:00-05:00,Cali,3.4516,-76.532,19.6,97.0,0.0,2.6,121.29,True,33967,2025,11,17,6,,VALID,False,,False,False,False,False,False,-0.898215331525,-0.428524448791,0.97,0.0,America/Bogota,2025-11-17T11:00:00+00:00,2025-11-17,CO,3687925,758,True,Independencia de Cartagena,True,False,True,13.16,43039.48,24207.25,True,76001,SANTIAGO DE CALI,76,VALLE DEL CAUCA,2025,True,18.0,academic_illustration,True,manana,True,3.6555555555555554,11.955411111111111,6.724236111111111,1.6000000000000014,0.0,False,COMPLETE
4,7727,2025-11-18T22:00:00-05:00,Cali,3.4516,-76.532,20.7,97.0,0.1,0.8,115.09,True,34007,2025,11,18,22,,VALID,False,,False,False,False,False,False,-0.49902324717,-0.939394416597,0.97,0.0953101798043,America/Bogota,2025-11-19T03:00:00+00:00,2025-11-18,CO,3687925,758,True,No festivo,False,False,True,16.6,43032.26,28229.16,True,76001,SANTIAGO DE CALI,76,VALLE DEL CAUCA,2025,True,18.0,academic_illustration,True,noche,True,4.611111111111112,11.953405555555555,7.841433333333334,2.6999999999999993,0.0,True,COMPLETE
4,7745,2025-11-19T16:00:00-05:00,Cali,3.4516,-76.532,25.2,64.0,0.0,4.5,113.88,True,34025,2025,11,19,16,,VALID,False,,False,False,False,False,False,1.13403527974,-1.0390964587,0.64,0.0,America/Bogota,2025-11-19T21:00:00+00:00,2025-11-19,CO,3687925,758,True,No festivo,False,False,True,15.49,43025.23,34829.0,True,76001,SANTIAGO DE CALI,76,VALLE DEL CAUCA,2025,True,18.0,academic_illustration,True,tarde,True,4.302777777777778,11.951452777777778,9.674722222222222,7.199999999999999,0.0,True,COMPLETE
4,7750,2025-11-19T21:00:00-05:00,Cali,3.4516,-76.532,20.3,98.0,8.7,3.3,149.22,True,34030,2025,11,19,21,,VALID,True,precipitation_mm,False,False,True,False,False,-0.644184005117,1.87286235779,0.98,2.27212588551,America/Bogota,2025-11-20T02:00:00+00:00,2025-11-19,CO,3687925,758,True,No festivo,False,False,True,15.49,43025.23,34829.0,True,76001,SANTIAGO DE CALI,76,VALLE DEL CAUCA,2025,True,18.0,academic_illustration,True,noche,True,4.302777777777778,11.951452777777778,9.674722222222222,2.3000000000000007,0.0,True,COMPLETE
4,7924,2025-11-27T03:00:00-05:00,Cali,3.4516,-76.532,19.9,95.0,0.1,4.4,117.1,True,34204,2025,11,27,3,,VALID,False,,False,False,False,False,False,-0.789344763064,-0.77377366897,0.95,0.0953101798043,America/Bogota,2025-11-27T08:00:00+00:00,2025-11-27,CO,3687925,758,True,No festivo,False,False,True,6.67,42976.14,10025.61,True,76001,SANTIAGO DE CALI,76,VALLE DEL CAUCA,2025,True,18.0,academic_illustration,True,madrugada,True,1.8527777777777776,11.937816666666667,2.7848916666666668,1.8999999999999986,0.0,True,COMPLETE
4,8003,2025-11-30T10:00:00-05:00,Cali,3.4516,-76.532,21.0,92.0,0.3,0.8,117.7,True,34283,2025,11,30,10,,VALID,False,,False,False,False,False,False,-0.390152678709,-0.724334639827,0.92,0.262364264467,America/Bogota,2025-11-30T15:00:00+00:00,2025-11-30,CO,3687925,758,True,No festivo,False,True,True,6.37,42960.55,2326.31,True,76001,SANTIAGO DE CALI,76,VALLE DEL CAUCA,2025,True,18.0,academic_illustration,True,manana,True,1.7694444444444444,11.933486111111112,0.6461972222222222,3.0,0.0,False,COMPLETE
4,8098,2025-12-04T09:00:00-05:00,Cali,3.4516,-76.532,22.8,78.0,0.0,4.8,134.86,True,34378,2025,12,4,9,,VALID,False,,False,False,False,False,False,0.263070732054,0.68962159365,0.78,0.0,America/Bogota,2025-12-04T14:00:00+00:00,2025-12-04,CO,3687925,758,True,No festivo,False,False,True,16.63,42942.47,33656.71,True,76001,SANTIAGO DE CALI,76,VALLE DEL CAUCA,2025,True,18.0,academic_illustration,True,manana,True,4.6194444444444445,11.928463888888889,9.349086111111111,4.800000000000001,0.0,True,COMPLETE
4,8118,2025-12-05T05:00:00-05:00,Cali,3.4516,-76.532,19.2,100.0,0.2,2.2,125.29,True,34398,2025,12,5,5,,VALID,False,,False,False,False,False,False,-1.04337608947,-0.0989309211739,1.0,0.182321556794,America/Bogota,2025-12-05T10:00:00+00:00,2025-12-05,CO,3687925,758,True,No festivo,False,False,True,13.65,42938.48,35995.28,True,76001,SANTIAGO DE CALI,76,VALLE DEL CAUCA,2025,True,18.0,academic_illustration,True,madrugada,True,3.7916666666666665,11.927355555555556,9.99868888888889,1.1999999999999993,0.0,True,COMPLETE
4,8182,2025-12-07T21:00:00-05:00,Cali,3.4516,-76.532,21.8,84.0,0.0,7.1,151.75,True,34462,2025,12,7,21,,VALID,False,,False,False,False,False,False,-0.0998311628144,2.08133026401,0.84,0.0,America/Bogota,2025-12-08T02:00:00+00:00,2025-12-07,CO,3687925,758,True,No festivo,False,True,True,22.05,42931.19,42508.62,True,76001,SANTIAGO DE CALI,76,VALLE DEL CAUCA,2025,True,18.0,academic_illustration,True,noche,True,6.125,11.925330555555556,11.80795,3.8000000000000007,0.0,False,COMPLETE
4,8191,2025-12-08T06:00:00-05:00,Cali,3.4516,-76.532,19.0,92.0,0.0,2.2,126.42,True,34471,2025,12,8,6,,VALID,False,,False,False,False,False,False,-1.11595646845,-0.00582074962214,0.92,0.0,America/Bogota,2025-12-08T11:00:00+00:00,2025-12-08,CO,3687925,758,True,La Inmaculada Concepción,True,False,True,22.41,42927.9,42505.07,True,76001,SANTIAGO DE CALI,76,VALLE DEL CAUCA,2025,True,18.0,academic_illustration,True,manana,True,6.225,11.924416666666668,11.80696388888889,1.0,0.0,False,COMPLETE
4,8267,2025-12-11T10:00:00-05:00,Cali,3.4516,-76.532,24.4,68.0,0.0,1.6,119.33,True,34547,2025,12,11,10,,VALID,False,,False,False,False,False,False,0.843713763844,-0.590025277323,0.68,0.0,America/Bogota,2025-12-11T15:00:00+00:00,2025-12-11,CO,3687925,758,True,No festivo,False,False,True,13.06,42919.56,39454.63,True,76001,SANTIAGO DE CALI,76,VALLE DEL CAUCA,2025,True,18.0,academic_illustration,True,manana,True,3.6277777777777778,11.922099999999999,10.959619444444444,6.399999999999999,0.0,True,COMPLETE
4,8292,2025-12-12T11:00:00-05:00,Cali,3.4516,-76.532,25.5,69.0,0.2,3.6,119.85,True,34572,2025,12,12,11,,VALID,False,,False,False,False,False,False,1.2429058482,-0.547178118733,0.69,0.182321556794,America/Bogota,2025-12-12T16:00:00+00:00,2025-12-12,CO,3687925,758,True,No festivo,False,False,True,13.04,42917.3,28973.16,True,76001,SANTIAGO DE CALI,76,VALLE DEL CAUCA,2025,True,18.0,academic_illustration,True,manana,True,3.622222222222222,11.921472222222222,8.0481,7.5,0.0,True,COMPLETE
4,8317,2025-12-13T12:00:00-05:00,Cali,3.4516,-76.532,27.0,60.0,0.0,3.5,125.11,True,34597,2025,12,13,12,,VALID,False,,False,False,False,False,False,1.7872586905,-0.113762629917,0.6,0.0,America/Bogota,2025-12-13T17:00:00+00:00,2025-12-13,CO,3687925,758,True,No festivo,False,True,True,17.78,42915.31,42372.1,True,76001,SANTIAGO DE CALI,76,VALLE DEL CAUCA,2025,True,18.0,academic_illustration,True,tarde,True,4.938888888888889,11.920919444444444,11.770027777777777,9.0,0.0,False,COMPLETE
4,8367,2025-12-15T14:00:00-05:00,Cali,3.4516,-76.532,26.5,60.0,0.1,7.0,123.02,True,34647,2025,12,15,14,,VALID,False,,False,False,False,False,False,1.60580774307,-0.285975248097,0.6,0.0953101798043,America/Bogota,2025-12-15T19:00:00+00:00,2025-12-15,CO,3687925,758,True,No festivo,False,False,True,13.46,42912.06,34551.22,True,76001,SANTIAGO DE CALI,76,VALLE DEL CAUCA,2025,True,18.0,academic_illustration,True,tarde,True,3.738888888888889,11.920016666666665,9.597561111111112,8.5,0.0,True,COMPLETE
4,8372,2025-12-15T19:00:00-05:00,Cali,3.4516,-76.532,21.1,92.0,0.0,2.6,138.2,True,34652,2025,12,15,19,,VALID,False,,False,False,False,False,False,-0.353862489222,0.96483218921,0.92,0.0,America/Bogota,2025-12-16T00:00:00+00:00,2025-12-15,CO,3687925,758,True,No festivo,False,False,True,13.46,42912.06,34551.22,True,76001,SANTIAGO DE CALI,76,VALLE DEL CAUCA,2025,True,18.0,academic_illustration,True,noche,True,3.738888888888889,11.920016666666665,9.597561111111112,3.1000000000000014,0.0,True,COMPLETE
4,8384,2025-12-16T07:00:00-05:00,Cali,3.4516,-76.532,20.1,94.0,0.0,2.3,130.2,True,34664,2025,12,16,7,,VALID,False,,False,False,False,False,False,-0.716764384091,0.305645133976,0.94,0.0,America/Bogota,2025-12-16T12:00:00+00:00,2025-12-16,CO,3687925,758,True,No festivo,False,False,True,18.14,42910.79,37871.16,True,76001,SANTIAGO DE CALI,76,VALLE DEL CAUCA,2025,True,18.0,academic_illustration,True,manana,True,5.038888888888889,11.91966388888889,10.519766666666667,2.1000000000000014,0.0,True,COMPLETE
4,8399,2025-12-16T22:00:00-05:00,Cali,3.4516,-76.532,21.4,90.0,0.3,0.2,113.88,True,34679,2025,12,16,22,,VALID,False,,False,False,False,False,False,-0.244991920762,-1.0390964587,0.9,0.262364264467,America/Bogota,2025-12-17T03:00:00+00:00,2025-12-16,CO,3687925,758,True,No festivo,False,False,True,18.14,42910.79,37871.16,True,76001,SANTIAGO DE CALI,76,VALLE DEL CAUCA,2025,True,18.0,academic_illustration,True,noche,True,5.038888888888889,11.91966388888889,10.519766666666667,3.3999999999999986,0.0,True,COMPLETE
4,8441,2025-12-18T16:00:00-05:00,Cali,3.4516,-76.532,23.8,75.0,1.5,2.3,124.08,True,34721,2025,12,18,16,,VALID,True,precipitation_mm,False,False,True,False,False,0.625972626923,-0.198632963278,0.75,0.916290731874,America/Bogota,2025-12-18T21:00:00+00:00,2025-12-18,CO,3687925,758,True,No festivo,False,False,True,14.66,42908.96,30520.96,True,76001,SANTIAGO DE CALI,76,VALLE DEL CAUCA,2025,True,18.0,academic_illustration,True,tarde,True,4.072222222222222,11.919155555555555,8.478044444444444,5.800000000000001,0.0,True,COMPLETE
4,8540,2025-12-22T19:00:00-05:00,Cali,3.4516,-76.532,21.7,86.0,0.0,5.7,139.13,True,34820,2025,12,22,19,,VALID,False,,False,False,False,False,False,-0.136121352301,1.04146268438,0.86,0.0,America/Bogota,2025-12-23T00:00:00+00:00,2025-12-22,CO,3687925,758,True,No festivo,False,False,True,7.96,42908.15,18330.95,True,76001,SANTIAGO DE CALI,76,VALLE DEL CAUCA,2025,True,18.0,academic_illustration,True,noche,True,2.2111111111111112,11.918930555555557,5.091930555555556,3.6999999999999993,0.0,True,COMPLETE
4,8543,2025-12-22T22:00:00-05:00,Cali,3.4516,-76.532,20.9,88.0,0.0,3.9,111.15,True,34823,2025,12,22,22,,VALID,False,,False,False,False,False,False,-0.426442868196,-1.2640440413,0.88,0.0,America/Bogota,2025-12-23T03:00:00+00:00,2025-12-22,CO,3687925,758,True,No festivo,False,False,True,7.96,42908.15,18330.95,True,76001,SANTIAGO DE CALI,76,VALLE DEL CAUCA,2025,True,18.0,academic_illustration,True,noche,True,2.2111111111111112,11.918930555555557,5.091930555555556,2.8999999999999986,0.0,True,COMPLETE
4,8556,2025-12-23T11:00:00-05:00,Cali,3.4516,-76.532,25.3,72.0,0.1,2.4,114.44,True,34836,2025,12,23,11,,VALID,False,,False,False,False,False,False,1.17032546923,-0.992953364835,0.72,0.0953101798043,America/Bogota,2025-12-23T16:00:00+00:00,2025-12-23,CO,3687925,758,True,No festivo,False,False,True,11.6,42908.54,34794.85,True,76001,SANTIAGO DE CALI,76,VALLE DEL CAUCA,2025,True,18.0,academic_illustration,True,manana,True,3.222222222222222,11.919038888888888,9.665236111111112,7.300000000000001,0.0,True,COMPLETE
4,8620,2025-12-26T03:00:00-05:00,Cali,3.4516,-76.532,17.4,89.0,0.0,1.7,129.0,True,34900,2025,12,26,3,,VALID,False,,False,False,False,False,False,-1.69659950024,0.206767075691,0.89,0.0,America/Bogota,2025-12-26T08:00:00+00:00,2025-12-26,CO,3687925,758,True,No festivo,False,False,True,14.14,42911.14,38466.18,True,76001,SANTIAGO DE CALI,76,VALLE DEL CAUCA,2025,True,18.0,academic_illustration,True,madrugada,True,3.927777777777778,11.91976111111111,10.68505,0.0,0.6000000000000014,True,COMPLETE
4,8626,2025-12-26T09:00:00-05:00,Cali,3.4516,-76.532,21.4,80.0,0.0,3.1,126.08,True,34906,2025,12,26,9,,VALID,False,,False,False,False,False,False,-0.244991920762,-0.0338361994696,0.8,0.0,America/Bogota,2025-12-26T14:00:00+00:00,2025-12-26,CO,3687925,758,True,No festivo,False,False,True,14.14,42911.14,38466.18,True,76001,SANTIAGO DE CALI,76,VALLE DEL CAUCA,2025,True,18.0,academic_illustration,True,manana,True,3.927777777777778,11.91976111111111,10.68505,3.3999999999999986,0.0,True,COMPLETE
4,8634,2025-12-26T17:00:00-05:00,Cali,3.4516,-76.532,23.9,71.0,0.0,7.5,112.79,True,34914,2025,12,26,17,,VALID,False,,False,False,False,False,False,0.662262816409,-1.12891069498,0.71,0.0,America/Bogota,2025-12-26T22:00:00+00:00,2025-12-26,CO,3687925,758,True,No festivo,False,False,True,14.14,42911.14,38466.18,True,76001,SANTIAGO DE CALI,76,VALLE DEL CAUCA,2025,True,18.0,academic_illustration,True,tarde,True,3.927777777777778,11.91976111111111,10.68505,5.899999999999999,0.0,True,COMPLETE
4,8679,2025-12-28T14:00:00-05:00,Cali,3.4516,-76.532,27.0,59.0,0.0,2.9,105.69,True,34959,2025,12,28,14,,VALID,False,,False,False,False,False,False,1.7872586905,-1.7139392065,0.59,0.0,America/Bogota,2025-12-28T19:00:00+00:00,2025-12-28,CO,3687925,758,True,No festivo,False,True,True,17.69,42914.05,39603.92,True,76001,SANTIAGO DE CALI,76,VALLE DEL CAUCA,2025,True,18.0,academic_illustration,True,tarde,True,4.913888888888889,11.920569444444446,11.001088888888889,9.0,0.0,False,COMPLETE
4,8711,2025-12-29T22:00:00-05:00,Cali,3.4516,-76.532,21.8,87.0,0.1,6.3,108.51,True,34991,2025,12,29,22,,VALID,False,,False,False,False,False,False,-0.0998311628144,-1.48157576953,0.87,0.0953101798043,America/Bogota,2025-12-30T03:00:00+00:00,2025-12-29,CO,3687925,758,True,No festivo,False,False,True,18.45,42915.86,42348.46,True,76001,SANTIAGO DE CALI,76,VALLE DEL CAUCA,2025,True,18.0,academic_illustration,True,noche,True,5.125,11.921072222222222,11.763461111111111,3.8000000000000007,0.0,True,COMPLETE
5,82,2025-01-04T09:00:00-05:00,Medellin,6.2442,-75.5812,20.8,82.0,0.1,1.0,124.58,True,35122,2025,1,4,9,,VALID,False,,False,False,False,False,False,0.0242178386917,0.165092420388,0.82,0.0953101798043,America/Bogota,2025-01-04T14:00:00+00:00,2025-01-04,CO,3674962,1405,True,No festivo,False,True,True,13.82,42380.13,35131.71,True,05001,MEDELLÍN,05,ANTIOQUIA,2025,True,18.0,academic_illustration,True,manana,True,3.838888888888889,11.772258333333333,9.758808333333333,2.8000000000000007,0.0,False,COMPLETE
5,102,2025-01-05T05:00:00-05:00,Medellin,6.2442,-75.5812,16.6,100.0,0.0,0.0,126.63,True,35142,2025,1,5,5,,VALID,False,,False,False,False,False,False,-1.14326476239,0.337908037893,1.0,0.0,America/Bogota,2025-01-05T10:00:00+00:00,2025-01-05,CO,3674962,1405,True,No festivo,False,True,True,15.67,42386.65,32952.29,True,05001,MEDELLÍN,05,ANTIOQUIA,2025,True,18.0,academic_illustration,True,madrugada,True,4.352777777777778,11.774069444444445,9.153413888888888,0.0,1.3999999999999986,False,COMPLETE
5,166,2025-01-07T21:00:00-05:00,Medellin,6.2442,-75.5812,17.5,100.0,0.0,0.7,140.15,True,35206,2025,1,7,21,,VALID,False,,False,False,False,False,False,-0.8930899193,1.47764811041,1.0,0.0,America/Bogota,2025-01-08T02:00:00+00:00,2025-01-07,CO,3674962,1405,True,No festivo,False,False,True,18.06,42400.88,40012.15,True,05001,MEDELLÍN,05,ANTIOQUIA,2025,True,18.0,academic_illustration,True,noche,True,5.016666666666667,11.778022222222221,11.11448611111111,0.0,0.5,True,COMPLETE
5,175,2025-01-08T06:00:00-05:00,Medellin,6.2442,-75.5812,17.1,100.0,0.0,4.0,110.54,True,35215,2025,1,8,6,,VALID,False,,False,False,False,False,False,-1.00427873845,-1.01848380877,1.0,0.0,America/Bogota,2025-01-08T11:00:00+00:00,2025-01-08,CO,3674962,1405,True,No festivo,False,False,True,17.49,42408.7,40799.97,True,05001,MEDELLÍN,05,ANTIOQUIA,2025,True,18.0,academic_illustration,True,manana,True,4.8583333333333325,11.780194444444444,11.333325,0.0,0.8999999999999986,True,COMPLETE
5,251,2025-01-11T10:00:00-05:00,Medellin,6.2442,-75.5812,24.2,64.0,0.0,6.0,111.54,True,35291,2025,1,11,10,,VALID,False,,False,False,False,False,False,0.969322801471,-0.934183507545,0.64,0.0,America/Bogota,2025-01-11T15:00:00+00:00,2025-01-11,CO,3674962,1405,True,No festivo,False,True,True,19.58,42434.97,40145.95,True,05001,MEDELLÍN,05,ANTIOQUIA,2025,True,18.0,academic_illustration,True,manana,True,5.438888888888888,11.787491666666668,11.151652777777777,6.199999999999999,0.0,False,COMPLETE
5,276,2025-01-12T11:00:00-05:00,Medellin,6.2442,-75.5812,25.6,57.0,0.0,7.9,118.18,True,35316,2025,1,12,11,,VALID,False,,False,False,False,False,False,1.3584836685,-0.374429507432,0.57,0.0,America/Bogota,2025-01-12T16:00:00+00:00,2025-01-12,CO,3674962,1405,True,No festivo,False,True,True,22.33,42444.61,41648.92,True,05001,MEDELLÍN,05,ANTIOQUIA,2025,True,18.0,academic_illustration,True,manana,True,6.2027777777777775,11.790169444444444,11.569144444444444,7.600000000000001,0.0,False,COMPLETE
5,301,2025-01-13T12:00:00-05:00,Medellin,6.2442,-75.5812,26.2,52.0,0.1,7.4,127.09,True,35341,2025,1,13,12,,VALID,False,,False,False,False,False,False,1.52526689722,0.376686176455,0.52,0.0953101798043,America/Bogota,2025-01-13T17:00:00+00:00,2025-01-13,CO,3674962,1405,True,No festivo,False,False,True,22.54,42454.66,41404.29,True,05001,MEDELLÍN,05,ANTIOQUIA,2025,True,18.0,academic_illustration,True,tarde,True,6.261111111111111,11.792961111111111,11.501191666666667,8.2,0.0,True,COMPLETE
5,351,2025-01-15T14:00:00-05:00,Medellin,6.2442,-75.5812,27.1,42.0,0.0,11.7,120.6,True,35391,2025,1,15,14,,VALID,True,wind_speed_kmh,False,False,False,True,False,1.77544174031,-0.170422778475,0.42,0.0,America/Bogota,2025-01-15T19:00:00+00:00,2025-01-15,CO,3674962,1405,True,No festivo,False,False,True,22.84,42475.93,41909.24,True,05001,MEDELLÍN,05,ANTIOQUIA,2025,True,18.0,academic_illustration,True,tarde,True,6.344444444444444,11.798869444444444,11.641455555555554,9.100000000000001,0.0,True,COMPLETE
5,356,2025-01-15T19:00:00-05:00,Medellin,6.2442,-75.5812,20.9,77.0,0.1,6.1,141.47,True,35396,2025,1,15,19,,VALID,False,,False,False,False,False,False,0.0520150434793,1.58892450803,0.77,0.0953101798043,America/Bogota,2025-01-16T00:00:00+00:00,2025-01-15,CO,3674962,1405,True,No festivo,False,False,True,22.84,42475.93,41909.24,True,05001,MEDELLÍN,05,ANTIOQUIA,2025,True,18.0,academic_illustration,True,noche,True,6.344444444444444,11.798869444444444,11.641455555555554,2.8999999999999986,0.0,True,COMPLETE
5,368,2025-01-16T07:00:00-05:00,Medellin,6.2442,-75.5812,15.9,92.0,0.0,1.9,132.4,True,35408,2025,1,16,7,,VALID,False,,False,False,False,False,False,-1.3378451959,0.824320775943,0.92,0.0,America/Bogota,2025-01-16T12:00:00+00:00,2025-01-16,CO,3674962,1405,True,No festivo,False,False,True,20.79,42487.12,40919.75,True,05001,MEDELLÍN,05,ANTIOQUIA,2025,True,18.0,academic_illustration,True,manana,True,5.7749999999999995,11.801977777777779,11.366597222222222,0.0,2.0999999999999996,True,COMPLETE
5,383,2025-01-16T22:00:00-05:00,Medellin,6.2442,-75.5812,18.1,88.0,0.0,1.0,107.11,True,35423,2025,1,16,22,,VALID,False,,False,False,False,False,False,-0.726306690574,-1.30763384196,0.88,0.0,America/Bogota,2025-01-17T03:00:00+00:00,2025-01-16,CO,3674962,1405,True,No festivo,False,False,True,20.79,42487.12,40919.75,True,05001,MEDELLÍN,05,ANTIOQUIA,2025,True,18.0,academic_illustration,True,noche,True,5.7749999999999995,11.801977777777779,11.366597222222222,0.10000000000000142,0.0,True,COMPLETE
5,425,2025-01-18T16:00:00-05:00,Medellin,6.2442,-75.5812,26.5,43.0,0.0,11.2,112.21,True,35465,2025,1,18,16,,VALID,True,wind_speed_kmh,False,False,False,True,False,1.60865851159,-0.877702305727,0.43,0.0,America/Bogota,2025-01-18T21:00:00+00:00,2025-01-18,CO,3674962,1405,True,No festivo,False,True,True,23.68,42510.51,40926.55,True,05001,MEDELLÍN,05,ANTIOQUIA,2025,True,18.0,academic_illustration,True,tarde,True,6.5777777777777775,11.808475000000001,11.368486111111112,8.5,0.0,False,COMPLETE
5,524,2025-01-22T19:00:00-05:00,Medellin,6.2442,-75.5812,21.8,64.0,0.0,6.7,136.59,True,35564,2025,1,22,19,,VALID,False,,False,False,False,False,False,0.302189886568,1.17753903806,0.64,0.0,America/Bogota,2025-01-23T00:00:00+00:00,2025-01-22,CO,3674962,1405,True,No festivo,False,False,True,24.72,42560.9,41849.04,True,05001,MEDELLÍN,05,ANTIOQUIA,2025,True,18.0,academic_illustration,True,noche,True,6.866666666666666,11.822472222222222,11.624733333333333,3.8000000000000007,0.0,True,COMPLETE
5,527,2025-01-22T22:00:00-05:00,Medellin,6.2442,-75.5812,19.2,92.0,0.0,4.4,122.96,True,35567,2025,1,22,22,,VALID,False,,False,False,False,False,False,-0.42053743791,0.0285259324083,0.92,0.0,America/Bogota,2025-01-23T03:00:00+00:00,2025-01-22,CO,3674962,1405,True,No festivo,False,False,True,24.72,42560.9,41849.04,True,05001,MEDELLÍN,05,ANTIOQUIA,2025,True,18.0,academic_illustration,True,noche,True,6.866666666666666,11.822472222222222,11.624733333333333,1.1999999999999993,0.0,True,COMPLETE
5,540,2025-01-23T11:00:00-05:00,Medellin,6.2442,-75.5812,25.8,41.0,0.0,9.1,111.7,True,35580,2025,1,23,11,,VALID,False,,False,False,False,False,False,1.41407807807,-0.92069545935,0.41,0.0,America/Bogota,2025-01-23T16:00:00+00:00,2025-01-23,CO,3674962,1405,True,No festivo,False,False,True,25.4,42574.16,40689.58,True,05001,MEDELLÍN,05,ANTIOQUIA,2025,True,18.0,academic_illustration,True,manana,True,7.055555555555555,11.826155555555557,11.302661111111112,7.800000000000001,0.0,True,COMPLETE
5,604,2025-01-26T03:00:00-05:00,Medellin,6.2442,-75.5812,16.7,99.0,0.1,3.4,115.08,True,35644,2025,1,26,3,,VALID,False,,False,False,False,False,False,-1.1154675576,-0.63576044122,0.99,0.0953101798043,America/Bogota,2025-01-26T08:00:00+00:00,2025-01-26,CO,3674962,1405,True,No festivo,False,True,True,22.35,42615.26,40933.98,True,05001,MEDELLÍN,05,ANTIOQUIA,2025,True,18.0,academic_illustration,True,madrugada,True,6.208333333333334,11.837572222222223,11.370550000000001,0.0,1.3000000000000007,False,COMPLETE
5,610,2025-01-26T09:00:00-05:00,Medellin,6.2442,-75.5812,22.5,70.0,0.0,5.6,130.88,True,35650,2025,1,26,9,,VALID,False,,False,False,False,False,False,0.496770320081,0.696184318086,0.7,0.0,America/Bogota,2025-01-26T14:00:00+00:00,2025-01-26,CO,3674962,1405,True,No festivo,False,True,True,22.35,42615.26,40933.98,True,05001,MEDELLÍN,05,ANTIOQUIA,2025,True,18.0,academic_illustration,True,manana,True,6.208333333333334,11.837572222222223,11.370550000000001,4.5,0.0,False,COMPLETE
5,618,2025-01-26T17:00:00-05:00,Medellin,6.2442,-75.5812,25.8,49.0,0.0,9.9,117.67,True,35658,2025,1,26,17,,VALID,False,,False,False,False,False,False,1.41407807807,-0.417422661055,0.49,0.0,America/Bogota,2025-01-26T22:00:00+00:00,2025-01-26,CO,3674962,1405,True,No festivo,False,True,True,22.35,42615.26,40933.98,True,05001,MEDELLÍN,05,ANTIOQUIA,2025,True,18.0,academic_illustration,True,tarde,True,6.208333333333334,11.837572222222223,11.370550000000001,7.800000000000001,0.0,False,COMPLETE
5,663,2025-01-28T14:00:00-05:00,Medellin,6.2442,-75.5812,28.1,41.0,0.1,9.2,114.7,True,35703,2025,1,28,14,,VALID,False,,False,False,False,False,False,2.05341378819,-0.667794555684,0.41,0.0953101798043,America/Bogota,2025-01-28T19:00:00+00:00,2025-01-28,CO,3674962,1405,True,No festivo,False,False,True,20.3,42643.92,35441.78,True,05001,MEDELLÍN,05,ANTIOQUIA,2025,True,18.0,academic_illustration,True,tarde,True,5.638888888888889,11.845533333333332,9.844938888888889,10.100000000000001,0.0,True,COMPLETE
5,695,2025-01-29T22:00:00-05:00,Medellin,6.2442,-75.5812,19.8,93.0,0.0,5.0,108.93,True,35735,2025,1,29,22,,VALID,False,,False,False,False,False,False,-0.253754209185,-1.15420729373,0.93,0.0,America/Bogota,2025-01-30T03:00:00+00:00,2025-01-29,CO,3674962,1405,True,No festivo,False,False,True,19.47,42658.81,36529.16,True,05001,MEDELLÍN,05,ANTIOQUIA,2025,True,18.0,academic_illustration,True,noche,True,5.408333333333333,11.849669444444444,10.14698888888889,1.8000000000000007,0.0,True,COMPLETE
5,799,2025-02-03T06:00:00-05:00,Medellin,6.2442,-75.5812,17.4,96.0,0.0,2.7,123.62,True,35839,2025,2,3,6,,VALID,False,,False,False,False,False,False,-0.920887124088,0.0841641312148,0.96,0.0,America/Bogota,2025-02-03T11:00:00+00:00,2025-02-03,CO,3674962,1405,True,No festivo,False,False,True,15.76,42738.01,31787.01,True,05001,MEDELLÍN,05,ANTIOQUIA,2025,True,18.0,academic_illustration,True,manana,True,4.377777777777777,11.871669444444445,8.829725,0.0,0.6000000000000014,True,COMPLETE
5,808,2025-02-03T15:00:00-05:00,Medellin,6.2442,-75.5812,23.5,67.0,0.1,5.1,105.53,True,35848,2025,2,3,15,,VALID,False,,False,False,False,False,False,0.774742367958,-1.44082831789,0.67,0.0953101798043,America/Bogota,2025-02-03T20:00:00+00:00,2025-02-03,CO,3674962,1405,True,No festivo,False,False,True,15.76,42738.01,31787.01,True,05001,MEDELLÍN,05,ANTIOQUIA,2025,True,18.0,academic_illustration,True,tarde,True,4.377777777777777,11.871669444444445,8.829725,5.5,0.0,True,COMPLETE
5,826,2025-02-04T09:00:00-05:00,Medellin,6.2442,-75.5812,21.1,80.0,0.0,5.2,128.39,True,35866,2025,2,4,9,,VALID,False,,False,False,False,False,False,0.107609453055,0.486276568043,0.8,0.0,America/Bogota,2025-02-04T14:00:00+00:00,2025-02-04,CO,3674962,1405,True,No festivo,False,False,True,17.96,42754.67,34609.66,True,05001,MEDELLÍN,05,ANTIOQUIA,2025,True,18.0,academic_illustration,True,manana,True,4.988888888888889,11.876297222222222,9.613794444444446,3.1000000000000014,0.0,True,COMPLETE
5,835,2025-02-04T18:00:00-05:00,Medellin,6.2442,-75.5812,21.5,87.0,0.0,0.9,133.32,True,35875,2025,2,4,18,,VALID,False,,False,False,False,False,False,0.218798272205,0.901877053067,0.87,0.0,America/Bogota,2025-02-04T23:00:00+00:00,2025-02-04,CO,3674962,1405,True,No festivo,False,False,True,17.96,42754.67,34609.66,True,05001,MEDELLÍN,05,ANTIOQUIA,2025,True,18.0,academic_illustration,True,noche,True,4.988888888888889,11.876297222222222,9.613794444444446,3.5,0.0,True,COMPLETE
5,900,2025-02-07T11:00:00-05:00,Medellin,6.2442,-75.5812,25.8,58.0,0.1,6.0,107.4,True,35940,2025,2,7,11,,VALID,False,,False,False,False,False,False,1.41407807807,-1.2831867546,0.58,0.0953101798043,America/Bogota,2025-02-07T16:00:00+00:00,2025-02-07,CO,3674962,1405,True,No festivo,False,False,True,17.38,42805.9,38333.78,True,05001,MEDELLÍN,05,ANTIOQUIA,2025,True,18.0,academic_illustration,True,manana,True,4.8277777777777775,11.890527777777779,10.648272222222221,7.800000000000001,0.0,True,COMPLETE
5,903,2025-02-07T14:00:00-05:00,Medellin,6.2442,-75.5812,23.0,73.0,10.8,4.4,116.81,True,35943,2025,2,7,14,,VALID,True,precipitation_mm,False,False,True,False,False,0.635756344019,-0.489920920106,0.73,2.46809953147,America/Bogota,2025-02-07T19:00:00+00:00,2025-02-07,CO,3674962,1405,True,No festivo,False,False,True,17.38,42805.9,38333.78,True,05001,MEDELLÍN,05,ANTIOQUIA,2025,True,18.0,academic_illustration,True,tarde,True,4.8277777777777775,11.890527777777779,10.648272222222221,5.0,0.0,True,COMPLETE
5,944,2025-02-09T07:00:00-05:00,Medellin,6.2442,-75.5812,17.8,98.0,0.0,4.8,142.54,True,35984,2025,2,9,7,,VALID,False,,False,False,False,False,False,-0.809698304937,1.67912583033,0.98,0.0,America/Bogota,2025-02-09T12:00:00+00:00,2025-02-09,CO,3674962,1405,True,No festivo,False,True,True,8.71,42840.94,1230.74,True,05001,MEDELLÍN,05,ANTIOQUIA,2025,True,18.0,academic_illustration,True,manana,True,2.4194444444444447,11.900261111111112,0.34187222222222224,0.0,0.1999999999999993,False,COMPLETE
5,956,2025-02-09T19:00:00-05:00,Medellin,6.2442,-75.5812,19.4,95.0,0.2,0.9,152.81,True,35996,2025,2,9,19,,VALID,True,energy_kwh,False,False,False,False,True,-0.364943028335,2.54488992388,0.95,0.182321556794,America/Bogota,2025-02-10T00:00:00+00:00,2025-02-09,CO,3674962,1405,True,No festivo,False,True,True,8.71,42840.94,1230.74,True,05001,MEDELLÍN,05,ANTIOQUIA,2025,True,18.0,academic_illustration,True,noche,True,2.4194444444444447,11.900261111111112,0.34187222222222224,1.3999999999999986,0.0,False,COMPLETE
5,966,2025-02-10T05:00:00-05:00,Medellin,6.2442,-75.5812,16.3,98.0,0.0,1.5,111.26,True,36006,2025,2,10,5,,VALID,False,,False,False,False,False,False,-1.22665637675,-0.957787591888,0.98,0.0,America/Bogota,2025-02-10T10:00:00+00:00,2025-02-10,CO,3674962,1405,True,No festivo,False,False,True,13.69,42858.67,32437.04,True,05001,MEDELLÍN,05,ANTIOQUIA,2025,True,18.0,academic_illustration,True,madrugada,True,3.8027777777777776,11.90518611111111,9.010288888888889,0.0,1.6999999999999993,True,COMPLETE
5,1009,2025-02-12T00:00:00-05:00,Medellin,6.2442,-75.5812,17.8,98.0,0.2,0.6,121.47,True,36049,2025,2,12,0,,VALID,False,,False,False,False,False,False,-0.809698304937,-0.0970815164123,0.98,0.182321556794,America/Bogota,2025-02-12T05:00:00+00:00,2025-02-12,CO,3674962,1405,True,No festivo,False,False,True,15.74,42894.46,29453.1,True,05001,MEDELLÍN,05,ANTIOQUIA,2025,True,18.0,academic_illustration,True,madrugada,True,4.372222222222222,11.915127777777778,8.181416666666665,0.0,0.1999999999999993,True,COMPLETE
5,1020,2025-02-12T11:00:00-05:00,Medellin,6.2442,-75.5812,24.6,62.0,0.3,2.8,118.01,True,36060,2025,2,12,11,,VALID,True,precipitation_mm,False,False,True,False,False,1.08051162062,-0.38876055864,0.62,0.262364264467,America/Bogota,2025-02-12T16:00:00+00:00,2025-02-12,CO,3674962,1405,True,No festivo,False,False,True,15.74,42894.46,29453.1,True,05001,MEDELLÍN,05,ANTIOQUIA,2025,True,18.0,academic_illustration,True,manana,True,4.372222222222222,11.915127777777778,8.181416666666665,6.600000000000001,0.0,True,COMPLETE
5,1044,2025-02-13T11:00:00-05:00,Medellin,6.2442,-75.5812,25.1,57.0,0.0,3.1,115.7,True,36084,2025,2,13,11,,VALID,False,,False,False,False,False,False,1.21949764456,-0.583494254462,0.57,0.0,America/Bogota,2025-02-13T16:00:00+00:00,2025-02-13,CO,3674962,1405,True,No festivo,False,False,True,9.05,42912.48,6773.17,True,05001,MEDELLÍN,05,ANTIOQUIA,2025,True,18.0,academic_illustration,True,manana,True,2.513888888888889,11.920133333333334,1.881436111111111,7.100000000000001,0.0,True,COMPLETE
5,1055,2025-02-13T22:00:00-05:00,Medellin,6.2442,-75.5812,17.4,100.0,0.0,0.9,109.49,True,36095,2025,2,13,22,,VALID,False,,False,False,False,False,False,-0.920887124088,-1.10699912505,1.0,0.0,America/Bogota,2025-02-14T03:00:00+00:00,2025-02-13,CO,3674962,1405,True,No festivo,False,False,True,9.05,42912.48,6773.17,True,05001,MEDELLÍN,05,ANTIOQUIA,2025,True,18.0,academic_illustration,True,noche,True,2.513888888888889,11.920133333333334,1.881436111111111,0.0,0.6000000000000014,True,COMPLETE
5,1099,2025-02-15T18:00:00-05:00,Medellin,6.2442,-75.5812,19.2,91.0,0.3,2.2,150.48,True,36139,2025,2,15,18,,VALID,True,precipitation_mm,False,False,True,False,False,-0.42053743791,2.34847022203,0.91,0.262364264467,America/Bogota,2025-02-15T23:00:00+00:00,2025-02-15,CO,3674962,1405,True,No festivo,False,True,True,11.97,42948.71,29284.86,True,05001,MEDELLÍN,05,ANTIOQUIA,2025,True,18.0,academic_illustration,True,noche,True,3.325,11.930197222222223,8.134683333333333,1.1999999999999993,0.0,False,COMPLETE
5,1106,2025-02-16T01:00:00-05:00,Medellin,6.2442,-75.5812,17.4,100.0,0.0,0.8,121.71,True,36146,2025,2,16,1,,VALID,False,,False,False,False,False,False,-0.920887124088,-0.076849444119,1.0,0.0,America/Bogota,2025-02-16T06:00:00+00:00,2025-02-16,CO,3674962,1405,True,No festivo,False,True,True,14.43,42966.93,32602.09,True,05001,MEDELLÍN,05,ANTIOQUIA,2025,True,18.0,academic_illustration,True,madrugada,True,4.008333333333333,11.935258333333334,9.056136111111112,0.0,0.6000000000000014,False,COMPLETE
5,1107,2025-02-16T02:00:00-05:00,Medellin,6.2442,-75.5812,17.1,99.0,0.0,0.7,110.08,True,36147,2025,2,16,2,,VALID,False,,False,False,False,False,False,-1.00427873845,-1.05726194733,0.99,0.0,America/Bogota,2025-02-16T07:00:00+00:00,2025-02-16,CO,3674962,1405,True,No festivo,False,True,True,14.43,42966.93,32602.09,True,05001,MEDELLÍN,05,ANTIOQUIA,2025,True,18.0,academic_illustration,True,madrugada,True,4.008333333333333,11.935258333333334,9.056136111111112,0.0,0.8999999999999986,False,COMPLETE
5,1226,2025-02-21T01:00:00-05:00,Medellin,6.2442,-75.5812,17.7,100.0,0.0,0.4,120.16,True,36266,2025,2,21,1,,VALID,False,,False,False,False,False,False,-0.837495509725,-0.207514911013,1.0,0.0,America/Bogota,2025-02-21T06:00:00+00:00,2025-02-21,CO,3674962,1405,True,No festivo,False,False,True,18.06,43061.38,38193.24,True,05001,MEDELLÍN,05,ANTIOQUIA,2025,True,18.0,academic_illustration,True,madrugada,True,5.016666666666667,11.961494444444444,10.609233333333332,0.0,0.3000000000000007,True,COMPLETE
5,1289,2025-02-23T16:00:00-05:00,Medellin,6.2442,-75.5812,23.5,71.0,0.4,4.4,123.99,True,36329,2025,2,23,16,,VALID,True,precipitation_mm,False,False,True,False,False,0.774742367958,0.115355242667,0.71,0.336472236621,America/Bogota,2025-02-23T21:00:00+00:00,2025-02-23,CO,3674962,1405,True,No festivo,False,True,True,19.18,43100.43,39750.32,True,05001,MEDELLÍN,05,ANTIOQUIA,2025,True,18.0,academic_illustration,True,tarde,True,5.3277777777777775,11.972341666666667,11.041755555555556,5.5,0.0,False,COMPLETE
5,1347,2025-02-26T02:00:00-05:00,Medellin,6.2442,-75.5812,17.3,99.0,0.0,1.5,119.68,True,36387,2025,2,26,2,,VALID,False,,False,False,False,False,False,-0.948684328875,-0.247979055599,0.99,0.0,America/Bogota,2025-02-26T07:00:00+00:00,2025-02-26,CO,3674962,1405,True,No festivo,False,False,True,16.9,43159.93,36234.09,True,05001,MEDELLÍN,05,ANTIOQUIA,2025,True,18.0,academic_illustration,True,madrugada,True,4.694444444444444,11.988869444444445,10.065024999999999,0.0,0.6999999999999993,True,COMPLETE
5,1384,2025-02-27T15:00:00-05:00,Medellin,6.2442,-75.5812,23.0,76.0,0.3,2.2,110.9,True,36424,2025,2,27,15,,VALID,True,precipitation_mm,False,False,True,False,False,0.635756344019,-0.988135700327,0.76,0.262364264467,America/Bogota,2025-02-27T20:00:00+00:00,2025-02-27,CO,3674962,1405,True,No festivo,False,False,True,18.7,43179.95,33249.51,True,05001,MEDELLÍN,05,ANTIOQUIA,2025,True,18.0,academic_illustration,True,tarde,True,5.194444444444444,11.994430555555555,9.235975,5.0,0.0,True,COMPLETE
5,1498,2025-03-04T09:00:00-05:00,Medellin,6.2442,-75.5812,21.9,80.0,0.1,3.5,119.46,True,36538,2025,3,4,9,,VALID,False,,False,False,False,False,False,0.329987091356,-0.266525121868,0.8,0.0953101798043,America/Bogota,2025-03-04T14:00:00+00:00,2025-03-04,CO,3674962,1405,True,No festivo,False,False,True,14.47,43280.71,27234.56,True,05001,MEDELLÍN,05,ANTIOQUIA,2025,True,18.0,academic_illustration,True,manana,True,4.019444444444445,12.022419444444445,7.565155555555556,3.8999999999999986,0.0,True,COMPLETE
5,1518,2025-03-05T05:00:00-05:00,Medellin,6.2442,-75.5812,16.1,100.0,0.0,0.2,127.59,True,36558,2025,3,5,5,,VALID,False,,False,False,False,False,False,-1.28225078633,0.418836327066,1.0,0.0,America/Bogota,2025-03-05T10:00:00+00:00,2025-03-05,CO,3674962,1405,True,No festivo,False,False,True,15.2,43300.88,24921.2,True,05001,MEDELLÍN,05,ANTIOQUIA,2025,True,18.0,academic_illustration,True,madrugada,True,4.222222222222222,12.028022222222221,6.922555555555555,0.0,1.8999999999999986,True,COMPLETE
5,1582,2025-03-07T21:00:00-05:00,Medellin,6.2442,-75.5812,18.7,98.0,0.0,5.9,143.2,True,36622,2025,3,7,21,,VALID,False,,False,False,False,False,False,-0.559523461848,1.73476402914,0.98,0.0,America/Bogota,2025-03-08T02:00:00+00:00,2025-03-07,CO,3674962,1405,True,No festivo,False,False,True,11.1,43341.12,10567.29,True,05001,MEDELLÍN,05,ANTIOQUIA,2025,True,18.0,academic_illustration,True,noche,True,3.083333333333333,12.039200000000001,2.9353583333333337,0.6999999999999993,0.0,True,COMPLETE
5,1591,2025-03-08T06:00:00-05:00,Medellin,6.2442,-75.5812,17.0,96.0,0.0,2.7,110.05,True,36631,2025,3,8,6,,VALID,False,,False,False,False,False,False,-1.03207594324,-1.05979095637,0.96,0.0,America/Bogota,2025-03-08T11:00:00+00:00,2025-03-08,CO,3674962,1405,True,No festivo,False,True,True,21.58,43361.21,40284.17,True,05001,MEDELLÍN,05,ANTIOQUIA,2025,True,18.0,academic_illustration,True,manana,True,5.994444444444444,12.044780555555555,11.190047222222221,0.0,1.0,False,COMPLETE
5,1667,2025-03-11T10:00:00-05:00,Medellin,6.2442,-75.5812,23.9,66.0,0.1,4.1,114.46,True,36707,2025,3,11,10,,VALID,False,,False,False,False,False,False,0.885931187108,-0.688026627978,0.66,0.0953101798043,America/Bogota,2025-03-11T15:00:00+00:00,2025-03-11,CO,3674962,1405,True,No festivo,False,False,True,17.42,43422.3,37357.46,True,05001,MEDELLÍN,05,ANTIOQUIA,2025,True,18.0,academic_illustration,True,manana,True,4.8388888888888895,12.06175,10.377072222222221,5.899999999999999,0.0,True,COMPLETE
5,1692,2025-03-12T11:00:00-05:00,Medellin,6.2442,-75.5812,25.5,59.0,0.4,5.5,106.89,True,36732,2025,3,12,11,,VALID,True,precipitation_mm,False,False,True,False,False,1.33068646371,-1.32617990823,0.59,0.336472236621,America/Bogota,2025-03-12T16:00:00+00:00,2025-03-12,CO,3674962,1405,True,No festivo,False,False,True,18.48,43442.88,33171.67,True,05001,MEDELLÍN,05,ANTIOQUIA,2025,True,18.0,academic_illustration,True,manana,True,5.133333333333334,12.067466666666666,9.214352777777778,7.5,0.0,True,COMPLETE
5,1717,2025-03-13T12:00:00-05:00,Medellin,6.2442,-75.5812,27.0,55.0,0.1,3.7,114.86,True,36757,2025,3,13,12,,VALID,False,,False,False,False,False,False,1.74764453552,-0.654306507489,0.55,0.0953101798043,America/Bogota,2025-03-13T17:00:00+00:00,2025-03-13,CO,3674962,1405,True,No festivo,False,False,True,20.98,43463.56,36339.68,True,05001,MEDELLÍN,05,ANTIOQUIA,2025,True,18.0,academic_illustration,True,tarde,True,5.8277777777777775,12.07321111111111,10.094355555555556,9.0,0.0,True,COMPLETE
5,1767,2025-03-15T14:00:00-05:00,Medellin,6.2442,-75.5812,26.6,49.0,0.7,4.5,110.82,True,36807,2025,3,15,14,,VALID,True,precipitation_mm,False,False,True,False,False,1.63645571637,-0.994879724425,0.49,0.530628251062,America/Bogota,2025-03-15T19:00:00+00:00,2025-03-15,CO,3674962,1405,True,No festivo,False,True,True,19.54,43505.14,37235.0,True,05001,MEDELLÍN,05,ANTIOQUIA,2025,True,18.0,academic_illustration,True,tarde,True,5.427777777777777,12.084761111111112,10.343055555555555,8.600000000000001,0.0,False,COMPLETE
5,1772,2025-03-15T19:00:00-05:00,Medellin,6.2442,-75.5812,19.5,94.0,0.0,1.8,143.17,True,36812,2025,3,15,19,,VALID,False,,False,False,False,False,False,-0.337145823547,1.7322350201,0.94,0.0,America/Bogota,2025-03-16T00:00:00+00:00,2025-03-15,CO,3674962,1405,True,No festivo,False,True,True,19.54,43505.14,37235.0,True,05001,MEDELLÍN,05,ANTIOQUIA,2025,True,18.0,academic_illustration,True,noche,True,5.427777777777777,12.084761111111112,10.343055555555555,1.5,0.0,False,COMPLETE
5,1784,2025-03-16T07:00:00-05:00,Medellin,6.2442,-75.5812,17.4,98.0,0.0,3.6,128.58,True,36824,2025,3,16,7,,VALID,False,,False,False,False,False,False,-0.920887124088,0.502293625275,0.98,0.0,America/Bogota,2025-03-16T12:00:00+00:00,2025-03-16,CO,3674962,1405,True,No festivo,False,True,True,17.54,43526.01,35040.39,True,05001,MEDELLÍN,05,ANTIOQUIA,2025,True,18.0,academic_illustration,True,manana,True,4.872222222222222,12.090558333333334,9.733441666666666,0.0,0.6000000000000014,False,COMPLETE
5,1799,2025-03-16T22:00:00-05:00,Medellin,6.2442,-75.5812,18.4,100.0,0.0,3.3,112.67,True,36839,2025,3,16,22,,VALID,False,,False,False,False,False,False,-0.642915076211,-0.838924167165,1.0,0.0,America/Bogota,2025-03-17T03:00:00+00:00,2025-03-16,CO,3674962,1405,True,No festivo,False,True,True,17.54,43526.01,35040.39,True,05001,MEDELLÍN,05,ANTIOQUIA,2025,True,18.0,academic_illustration,True,noche,True,4.872222222222222,12.090558333333334,9.733441666666666,0.3999999999999986,0.0,False,COMPLETE
5,1841,2025-03-18T16:00:00-05:00,Medellin,6.2442,-75.5812,21.5,81.0,0.5,5.5,107.84,True,36881,2025,3,18,16,,VALID,True,precipitation_mm,False,False,True,False,False,0.218798272205,-1.24609462207,0.81,0.405465108108,America/Bogota,2025-03-18T21:00:00+00:00,2025-03-18,CO,3674962,1405,True,No festivo,False,False,True,16.36,43567.85,24660.1,True,05001,MEDELLÍN,05,ANTIOQUIA,2025,True,18.0,academic_illustration,True,tarde,True,4.544444444444444,12.102180555555556,6.850027777777777,3.5,0.0,True,COMPLETE
5,1940,2025-03-22T19:00:00-05:00,Medellin,6.2442,-75.5812,22.9,76.0,0.0,1.3,133.77,True,36980,2025,3,22,19,,VALID,False,,False,False,False,False,False,0.607959139232,0.939812188617,0.76,0.0,America/Bogota,2025-03-23T00:00:00+00:00,2025-03-22,CO,3674962,1405,True,No festivo,False,True,True,24.99,43651.51,42698.69,True,05001,MEDELLÍN,05,ANTIOQUIA,2025,True,18.0,academic_illustration,True,noche,True,6.941666666666666,12.125419444444445,11.860747222222223,4.899999999999999,0.0,False,COMPLETE
5,1943,2025-03-22T22:00:00-05:00,Medellin,6.2442,-75.5812,19.5,89.0,0.0,3.6,107.12,True,36983,2025,3,22,22,,VALID,False,,False,False,False,False,False,-0.337145823547,-1.30679083895,0.89,0.0,America/Bogota,2025-03-23T03:00:00+00:00,2025-03-22,CO,3674962,1405,True,No festivo,False,True,True,24.99,43651.51,42698.69,True,05001,MEDELLÍN,05,ANTIOQUIA,2025,True,18.0,academic_illustration,True,noche,True,6.941666666666666,12.125419444444445,11.860747222222223,1.5,0.0,False,COMPLETE
5,1956,2025-03-23T11:00:00-05:00,Medellin,6.2442,-75.5812,27.3,51.0,0.1,9.2,112.72,True,36996,2025,3,23,11,,VALID,False,,False,False,False,False,False,1.83103614989,-0.834709152104,0.51,0.0953101798043,America/Bogota,2025-03-23T16:00:00+00:00,2025-03-23,CO,3674962,1405,True,No festivo,False,True,True,24.72,43672.33,42436.08,True,05001,MEDELLÍN,05,ANTIOQUIA,2025,True,18.0,academic_illustration,True,manana,True,6.866666666666666,12.131202777777778,11.7878,9.3,0.0,False,COMPLETE
5,2020,2025-03-26T03:00:00-05:00,Medellin,6.2442,-75.5812,18.0,99.0,0.2,2.0,119.5,True,37060,2025,3,26,3,,VALID,False,,False,False,False,False,False,-0.754103895362,-0.263153109819,0.99,0.182321556794,America/Bogota,2025-03-26T08:00:00+00:00,2025-03-26,CO,3674962,1405,True,No festivo,False,False,True,19.52,43734.37,35125.49,True,05001,MEDELLÍN,05,ANTIOQUIA,2025,True,18.0,academic_illustration,True,madrugada,True,5.422222222222222,12.148436111111112,9.757080555555556,0.0,0.0,True,COMPLETE
5,2026,2025-03-26T09:00:00-05:00,Medellin,6.2442,-75.5812,22.6,78.0,0.1,6.1,118.3,True,37066,2025,3,26,9,,VALID,False,,False,False,False,False,False,0.524567524869,-0.364313471286,0.78,0.0953101798043,America/Bogota,2025-03-26T14:00:00+00:00,2025-03-26,CO,3674962,1405,True,No festivo,False,False,True,19.52,43734.37,35125.49,True,05001,MEDELLÍN,05,ANTIOQUIA,2025,True,18.0,academic_illustration,True,manana,True,5.422222222222222,12.148436111111112,9.757080555555556,4.600000000000001,0.0,True,COMPLETE
5,2034,2025-03-26T17:00:00-05:00,Medellin,6.2442,-75.5812,21.4,86.0,0.4,1.1,109.0,True,37074,2025,3,26,17,,VALID,True,precipitation_mm,False,False,True,False,False,0.191001067417,-1.14830627265,0.86,0.336472236621,America/Bogota,2025-03-26T22:00:00+00:00,2025-03-26,CO,3674962,1405,True,No festivo,False,False,True,19.52,43734.37,35125.49,True,05001,MEDELLÍN,05,ANTIOQUIA,2025,True,18.0,academic_illustration,True,tarde,True,5.422222222222222,12.148436111111112,9.757080555555556,3.3999999999999986,0.0,True,COMPLETE
5,2079,2025-03-28T14:00:00-05:00,Medellin,6.2442,-75.5812,22.2,82.0,1.0,1.6,98.93,True,37119,2025,3,28,14,,VALID,True,precipitation_mm,False,False,True,False,False,0.413378705718,-1.99721030595,0.82,0.69314718056,America/Bogota,2025-03-28T19:00:00+00:00,2025-03-28,CO,3674962,1405,True,No festivo,False,False,True,11.41,43775.28,22879.43,True,05001,MEDELLÍN,05,ANTIOQUIA,2025,True,18.0,academic_illustration,True,tarde,True,3.1694444444444443,12.159799999999999,6.355397222222222,4.199999999999999,0.0,True,COMPLETE
5,2111,2025-03-29T22:00:00-05:00,Medellin,6.2442,-75.5812,18.5,98.0,0.0,0.4,118.04,True,37151,2025,3,29,22,,VALID,False,,False,False,False,False,False,-0.615117871424,-0.386231549603,0.98,0.0,America/Bogota,2025-03-30T03:00:00+00:00,2025-03-29,CO,3674962,1405,True,No festivo,False,True,True,14.03,43795.76,30223.91,True,05001,MEDELLÍN,05,ANTIOQUIA,2025,True,18.0,academic_illustration,True,noche,True,3.897222222222222,12.16548888888889,8.395530555555556,0.5,0.0,False,COMPLETE
5,2200,2025-04-02T15:00:00-05:00,Medellin,6.2442,-75.5812,24.6,71.0,2.8,5.8,111.18,True,37240,2025,4,2,15,,VALID,True,precipitation_mm,False,False,True,False,False,1.08051162062,-0.964531615985,0.71,1.33500106673,America/Bogota,2025-04-02T20:00:00+00:00,2025-04-02,CO,3674962,1405,True,No festivo,False,False,True,15.7,43878.15,26174.65,True,05001,MEDELLÍN,05,ANTIOQUIA,2025,True,18.0,academic_illustration,True,tarde,True,4.361111111111111,12.188375,7.270736111111112,6.600000000000001,0.0,True,COMPLETE
5,2215,2025-04-03T06:00:00-05:00,Medellin,6.2442,-75.5812,17.3,99.0,0.0,2.3,112.65,True,37255,2025,4,3,6,,VALID,False,,False,False,False,False,False,-0.948684328875,-0.840610173189,0.99,0.0,America/Bogota,2025-04-03T11:00:00+00:00,2025-04-03,CO,3674962,1405,True,No festivo,False,False,True,17.69,43898.8,29256.36,True,05001,MEDELLÍN,05,ANTIOQUIA,2025,True,18.0,academic_illustration,True,manana,True,4.913888888888889,12.194111111111113,8.126766666666667,0.0,0.6999999999999993,True,COMPLETE
5,2224,2025-04-03T15:00:00-05:00,Medellin,6.2442,-75.5812,23.8,75.0,0.1,5.2,108.54,True,37264,2025,4,3,15,,VALID,False,,False,False,False,False,False,0.85813398232,-1.18708441121,0.75,0.0953101798043,America/Bogota,2025-04-03T20:00:00+00:00,2025-04-03,CO,3674962,1405,True,No festivo,False,False,True,17.69,43898.8,29256.36,True,05001,MEDELLÍN,05,ANTIOQUIA,2025,True,18.0,academic_illustration,True,tarde,True,4.913888888888889,12.194111111111113,8.126766666666667,5.800000000000001,0.0,True,COMPLETE
5,2226,2025-04-03T17:00:00-05:00,Medellin,6.2442,-75.5812,21.7,84.0,0.1,1.5,111.85,True,37266,2025,4,3,17,,VALID,False,,False,False,False,False,False,0.27439268178,-0.908050414167,0.84,0.0953101798043,America/Bogota,2025-04-03T22:00:00+00:00,2025-04-03,CO,3674962,1405,True,No festivo,False,False,True,17.69,43898.8,29256.36,True,05001,MEDELLÍN,05,ANTIOQUIA,2025,True,18.0,academic_illustration,True,tarde,True,4.913888888888889,12.194111111111113,8.126766666666667,3.6999999999999993,0.0,True,COMPLETE
5,2247,2025-04-04T14:00:00-05:00,Medellin,6.2442,-75.5812,23.2,80.0,0.8,4.4,103.53,True,37287,2025,4,4,14,,VALID,True,precipitation_mm,False,False,True,False,False,0.691350753595,-1.60942892033,0.8,0.587786664902,America/Bogota,2025-04-04T19:00:00+00:00,2025-04-04,CO,3674962,1405,True,No festivo,False,False,True,14.99,43919.44,25346.94,True,05001,MEDELLÍN,05,ANTIOQUIA,2025,True,18.0,academic_illustration,True,tarde,True,4.163888888888889,12.199844444444444,7.040816666666666,5.199999999999999,0.0,True,COMPLETE
5,2262,2025-04-05T05:00:00-05:00,Medellin,6.2442,-75.5812,17.1,100.0,0.0,0.8,113.45,True,37302,2025,4,5,5,,VALID,False,,False,False,False,False,False,-1.00427873845,-0.773169932212,1.0,0.0,America/Bogota,2025-04-05T10:00:00+00:00,2025-04-05,CO,3674962,1405,True,No festivo,False,True,True,14.42,43940.06,20982.51,True,05001,MEDELLÍN,05,ANTIOQUIA,2025,True,18.0,academic_illustration,True,madrugada,True,4.0055555555555555,12.205572222222221,5.828474999999999,0.0,0.8999999999999986,False,COMPLETE
5,2306,2025-04-07T01:00:00-05:00,Medellin,6.2442,-75.5812,17.4,100.0,0.0,1.9,114.69,True,37346,2025,4,7,1,,VALID,False,,False,False,False,False,False,-0.920887124088,-0.668637558697,1.0,0.0,America/Bogota,2025-04-07T06:00:00+00:00,2025-04-07,CO,3674962,1405,True,No festivo,False,False,True,19.99,43981.17,35532.82,True,05001,MEDELLÍN,05,ANTIOQUIA,2025,True,18.0,academic_illustration,True,madrugada,True,5.552777777777777,12.216991666666667,9.870227777777778,0.0,0.6000000000000014,True,COMPLETE
5,2359,2025-04-09T06:00:00-05:00,Medellin,6.2442,-75.5812,17.2,96.0,0.0,1.5,125.05,True,37399,2025,4,9,6,,VALID,False,,False,False,False,False,False,-0.976481533663,0.204713561962,0.96,0.0,America/Bogota,2025-04-09T11:00:00+00:00,2025-04-09,CO,3674962,1405,True,No festivo,False,False,True,16.8,44022.05,27849.61,True,05001,MEDELLÍN,05,ANTIOQUIA,2025,True,18.0,academic_illustration,True,manana,True,4.666666666666667,12.228347222222222,7.736002777777778,0.0,0.8000000000000007,True,COMPLETE
5,2374,2025-04-09T21:00:00-05:00,Medellin,6.2442,-75.5812,18.5,100.0,0.0,2.8,156.24,True,37414,2025,4,9,21,,VALID,True,energy_kwh,False,False,False,False,True,-0.615117871424,2.83403995707,1.0,0.0,America/Bogota,2025-04-10T02:00:00+00:00,2025-04-09,CO,3674962,1405,True,No festivo,False,False,True,16.8,44022.05,27849.61,True,05001,MEDELLÍN,05,ANTIOQUIA,2025,True,18.0,academic_illustration,True,noche,True,4.666666666666667,12.228347222222222,7.736002777777778,0.5,0.0,True,COMPLETE
5,2420,2025-04-11T19:00:00-05:00,Medellin,6.2442,-75.5812,20.2,89.0,0.0,2.0,124.78,True,37460,2025,4,11,19,,VALID,False,,False,False,False,False,False,-0.142565390034,0.181952480632,0.89,0.0,America/Bogota,2025-04-12T00:00:00+00:00,2025-04-11,CO,3674962,1405,True,No festivo,False,False,True,11.89,44062.54,14400.0,True,05001,MEDELLÍN,05,ANTIOQUIA,2025,True,18.0,academic_illustration,True,noche,True,3.302777777777778,12.239594444444444,4.0,2.1999999999999993,0.0,True,COMPLETE
5,2451,2025-04-13T02:00:00-05:00,Medellin,6.2442,-75.5812,18.0,99.0,0.0,0.6,113.48,True,37491,2025,4,13,2,,VALID,False,,False,False,False,False,False,-0.754103895362,-0.770640923175,0.99,0.0,America/Bogota,2025-04-13T07:00:00+00:00,2025-04-13,CO,3674962,1405,True,No festivo,False,True,True,24.85,44102.54,42911.05,True,05001,MEDELLÍN,05,ANTIOQUIA,2025,True,18.0,academic_illustration,True,madrugada,True,6.902777777777778,12.250705555555555,11.919736111111112,0.0,0.0,False,COMPLETE
5,2453,2025-04-13T04:00:00-05:00,Medellin,6.2442,-75.5812,17.2,100.0,0.0,0.9,121.11,True,37493,2025,4,13,4,,VALID,False,,False,False,False,False,False,-0.976481533663,-0.127429624852,1.0,0.0,America/Bogota,2025-04-13T09:00:00+00:00,2025-04-13,CO,3674962,1405,True,No festivo,False,True,True,24.85,44102.54,42911.05,True,05001,MEDELLÍN,05,ANTIOQUIA,2025,True,18.0,academic_illustration,True,madrugada,True,6.902777777777778,12.250705555555555,11.919736111111112,0.0,0.8000000000000007,False,COMPLETE
5,2489,2025-04-14T16:00:00-05:00,Medellin,6.2442,-75.5812,26.4,55.0,0.1,11.5,125.4,True,37529,2025,4,14,16,,VALID,True,wind_speed_kmh,False,False,False,True,False,1.5808613068,0.23421866739,0.55,0.0953101798043,America/Bogota,2025-04-14T21:00:00+00:00,2025-04-14,CO,3674962,1405,True,No festivo,False,False,True,23.55,44122.32,43200.0,True,05001,MEDELLÍN,05,ANTIOQUIA,2025,True,18.0,academic_illustration,True,tarde,True,6.541666666666667,12.2562,12.0,8.399999999999999,0.0,True,COMPLETE
5,2501,2025-04-15T04:00:00-05:00,Medellin,6.2442,-75.5812,18.0,99.0,0.0,1.5,119.82,True,37541,2025,4,15,4,,VALID,False,,False,False,False,False,False,-0.754103895362,-0.236177013428,0.99,0.0,America/Bogota,2025-04-15T09:00:00+00:00,2025-04-15,CO,3674962,1405,True,No festivo,False,False,True,25.44,44141.93,43200.0,True,05001,MEDELLÍN,05,ANTIOQUIA,2025,True,18.0,academic_illustration,True,madrugada,True,7.066666666666666,12.261647222222223,12.0,0.0,0.0,True,COMPLETE
5,2551,2025-04-17T06:00:00-05:00,Medellin,6.2442,-75.5812,17.9,100.0,0.1,4.1,107.02,True,37591,2025,4,17,6,,VALID,False,,False,False,False,False,False,-0.781901100149,-1.31522086907,1.0,0.0953101798043,America/Bogota,2025-04-17T11:00:00+00:00,2025-04-17,CO,3674962,1405,True,Jueves Santo,True,False,True,22.0,44180.62,41907.91,True,05001,MEDELLÍN,05,ANTIOQUIA,2025,True,18.0,academic_illustration,True,manana,True,6.111111111111111,12.272394444444446,11.641086111111113,0.0,0.10000000000000142,False,COMPLETE
5,2591,2025-04-18T22:00:00-05:00,Medellin,6.2442,-75.5812,19.7,99.0,0.0,4.9,109.05,True,37631,2025,4,18,22,,VALID,False,,False,False,False,False,False,-0.281551413972,-1.14409125759,0.99,0.0,America/Bogota,2025-04-19T03:00:00+00:00,2025-04-18,CO,3674962,1405,True,Viernes Santo,True,False,True,25.09,44199.87,43200.0,True,05001,MEDELLÍN,05,ANTIOQUIA,2025,True,18.0,academic_illustration,True,noche,True,6.969444444444444,12.277741666666667,12.0,1.6999999999999993,0.0,False,COMPLETE
5,2609,2025-04-19T16:00:00-05:00,Medellin,6.2442,-75.5812,27.9,47.0,0.0,6.8,124.69,True,37649,2025,4,19,16,,VALID,False,,False,False,False,False,False,1.99781937861,0.174365453522,0.47,0.0,America/Bogota,2025-04-19T21:00:00+00:00,2025-04-19,CO,3674962,1405,True,No festivo,False,True,True,19.5,44219.09,33218.33,True,05001,MEDELLÍN,05,ANTIOQUIA,2025,True,18.0,academic_illustration,True,tarde,True,5.416666666666667,12.283080555555555,9.22731388888889,9.899999999999999,0.0,False,COMPLETE
5,2614,2025-04-19T21:00:00-05:00,Medellin,6.2442,-75.5812,20.0,95.0,0.3,3.7,139.06,True,37654,2025,4,19,21,,VALID,True,precipitation_mm,False,False,True,False,False,-0.198159799609,1.38576078208,0.95,0.262364264467,America/Bogota,2025-04-20T02:00:00+00:00,2025-04-19,CO,3674962,1405,True,No festivo,False,True,True,19.5,44219.09,33218.33,True,05001,MEDELLÍN,05,ANTIOQUIA,2025,True,18.0,academic_illustration,True,noche,True,5.416666666666667,12.283080555555555,9.22731388888889,2.0,0.0,False,COMPLETE
5,2788,2025-04-27T03:00:00-05:00,Medellin,6.2442,-75.5812,16.6,100.0,0.0,1.5,118.57,True,37828,2025,4,27,3,,VALID,False,,False,False,False,False,False,-1.14326476239,-0.341552389956,1.0,0.0,America/Bogota,2025-04-27T08:00:00+00:00,2025-04-27,CO,3674962,1405,True,No festivo,False,True,True,16.11,44370.15,37143.82,True,05001,MEDELLÍN,05,ANTIOQUIA,2025,True,18.0,academic_illustration,True,madrugada,True,4.475,12.325041666666667,10.317727777777778,0.0,1.3999999999999986,False,COMPLETE
5,2867,2025-04-30T10:00:00-05:00,Medellin,6.2442,-75.5812,24.4,64.0,0.0,5.3,116.87,True,37907,2025,4,30,10,,VALID,False,,False,False,False,False,False,1.02491721105,-0.484862902033,0.64,0.0,America/Bogota,2025-04-30T15:00:00+00:00,2025-04-30,CO,3674962,1405,True,No festivo,False,False,True,9.29,44424.53,7063.34,True,05001,MEDELLÍN,05,ANTIOQUIA,2025,True,18.0,academic_illustration,True,manana,True,2.5805555555555553,12.340147222222221,1.9620388888888889,6.399999999999999,0.0,True,COMPLETE
5,2962,2025-05-04T09:00:00-05:00,Medellin,6.2442,-75.5812,22.4,80.0,0.0,4.3,127.08,True,38002,2025,5,4,9,,VALID,False,,False,False,False,False,False,0.468973115294,0.375843173442,0.8,0.0,America/Bogota,2025-05-04T14:00:00+00:00,2025-05-04,CO,3674962,1405,True,No festivo,False,True,True,13.64,44493.96,21962.96,True,05001,MEDELLÍN,05,ANTIOQUIA,2025,True,18.0,academic_illustration,True,manana,True,3.7888888888888888,12.359433333333333,6.100822222222222,4.399999999999999,0.0,False,COMPLETE
5,2982,2025-05-05T05:00:00-05:00,Medellin,6.2442,-75.5812,17.0,100.0,0.0,1.4,127.39,True,38022,2025,5,5,5,,VALID,False,,False,False,False,False,False,-1.03207594324,0.401976266821,1.0,0.0,America/Bogota,2025-05-05T10:00:00+00:00,2025-05-05,CO,3674962,1405,True,No festivo,False,False,True,8.84,44510.65,2715.3,True,05001,MEDELLÍN,05,ANTIOQUIA,2025,True,18.0,academic_illustration,True,madrugada,True,2.4555555555555553,12.364069444444445,0.7542500000000001,0.0,1.0,True,COMPLETE
5,3046,2025-05-07T21:00:00-05:00,Medellin,6.2442,-75.5812,18.3,98.0,0.1,0.5,142.49,True,38086,2025,5,7,21,,VALID,False,,False,False,False,False,False,-0.670712280999,1.67491081527,0.98,0.0953101798043,America/Bogota,2025-05-08T02:00:00+00:00,2025-05-07,CO,3674962,1405,True,No festivo,False,False,True,9.9,44543.14,9309.67,True,05001,MEDELLÍN,05,ANTIOQUIA,2025,True,18.0,academic_illustration,True,noche,True,2.75,12.373094444444444,2.5860194444444446,0.3000000000000007,0.0,True,COMPLETE
5,3055,2025-05-08T06:00:00-05:00,Medellin,6.2442,-75.5812,16.4,99.0,0.0,1.3,116.55,True,38095,2025,5,8,6,,VALID,False,,False,False,False,False,False,-1.19885917196,-0.511838998424,0.99,0.0,America/Bogota,2025-05-08T11:00:00+00:00,2025-05-08,CO,3674962,1405,True,No festivo,False,False,True,14.68,44559.1,28612.46,True,05001,MEDELLÍN,05,ANTIOQUIA,2025,True,18.0,academic_illustration,True,manana,True,4.0777777777777775,12.377527777777777,7.947905555555555,0.0,1.6000000000000014,True,COMPLETE
5,3131,2025-05-11T10:00:00-05:00,Medellin,6.2442,-75.5812,25.0,58.0,0.0,9.9,118.79,True,38171,2025,5,11,10,,VALID,False,,False,False,False,False,False,1.19170043977,-0.323006323687,0.58,0.0,America/Bogota,2025-05-11T15:00:00+00:00,2025-05-11,CO,3674962,1405,True,No festivo,False,True,True,25.19,44605.95,43200.0,True,05001,MEDELLÍN,05,ANTIOQUIA,2025,True,18.0,academic_illustration,True,manana,True,6.997222222222223,12.390541666666666,12.0,7.0,0.0,False,COMPLETE
5,3156,2025-05-12T11:00:00-05:00,Medellin,6.2442,-75.5812,27.0,52.0,0.0,12.5,113.66,True,38196,2025,5,12,11,,VALID,True,wind_speed_kmh,False,False,False,True,False,1.74764453552,-0.755466868955,0.52,0.0,America/Bogota,2025-05-12T16:00:00+00:00,2025-05-12,CO,3674962,1405,True,No festivo,False,False,True,24.48,44621.17,43200.0,True,05001,MEDELLÍN,05,ANTIOQUIA,2025,True,18.0,academic_illustration,True,manana,True,6.8,12.394769444444444,12.0,9.0,0.0,True,COMPLETE
5,3181,2025-05-13T12:00:00-05:00,Medellin,6.2442,-75.5812,25.5,61.0,0.2,3.3,110.17,True,38221,2025,5,13,12,,VALID,False,,False,False,False,False,False,1.33068646371,-1.04967492022,0.61,0.182321556794,America/Bogota,2025-05-13T17:00:00+00:00,2025-05-13,CO,3674962,1405,True,No festivo,False,False,True,18.03,44636.18,29562.72,True,05001,MEDELLÍN,05,ANTIOQUIA,2025,True,18.0,academic_illustration,True,tarde,True,5.008333333333334,12.398938888888889,8.211866666666667,7.5,0.0,True,COMPLETE
5,3231,2025-05-15T14:00:00-05:00,Medellin,6.2442,-75.5812,24.4,73.0,0.4,4.0,111.63,True,38271,2025,5,15,14,,VALID,True,precipitation_mm,False,False,True,False,False,1.02491721105,-0.926596480435,0.73,0.336472236621,America/Bogota,2025-05-15T19:00:00+00:00,2025-05-15,CO,3674962,1405,True,No festivo,False,False,True,14.39,44665.48,27847.41,True,05001,MEDELLÍN,05,ANTIOQUIA,2025,True,18.0,academic_illustration,True,tarde,True,3.9972222222222222,12.40707777777778,7.735391666666667,6.399999999999999,0.0,True,COMPLETE
5,3236,2025-05-15T19:00:00-05:00,Medellin,6.2442,-75.5812,19.2,98.0,0.1,2.7,147.26,True,38276,2025,5,15,19,,VALID,False,,False,False,False,False,False,-0.42053743791,2.0770232521,0.98,0.0953101798043,America/Bogota,2025-05-16T00:00:00+00:00,2025-05-15,CO,3674962,1405,True,No festivo,False,False,True,14.39,44665.48,27847.41,True,05001,MEDELLÍN,05,ANTIOQUIA,2025,True,18.0,academic_illustration,True,noche,True,3.9972222222222222,12.40707777777778,7.735391666666667,1.1999999999999993,0.0,True,COMPLETE
5,3248,2025-05-16T07:00:00-05:00,Medellin,6.2442,-75.5812,17.6,98.0,0.0,3.4,125.75,True,38288,2025,5,16,7,,VALID,False,,False,False,False,False,False,-0.865292714512,0.263723772817,0.98,0.0,America/Bogota,2025-05-16T12:00:00+00:00,2025-05-16,CO,3674962,1405,True,No festivo,False,False,True,13.7,44679.74,27017.71,True,05001,MEDELLÍN,05,ANTIOQUIA,2025,True,18.0,academic_illustration,True,manana,True,3.8055555555555554,12.41103888888889,7.504919444444444,0.0,0.3999999999999986,True,COMPLETE
5,3263,2025-05-16T22:00:00-05:00,Medellin,6.2442,-75.5812,18.3,100.0,0.1,1.8,118.08,True,38303,2025,5,16,22,,VALID,False,,False,False,False,False,False,-0.670712280999,-0.382859537554,1.0,0.0953101798043,America/Bogota,2025-05-17T03:00:00+00:00,2025-05-16,CO,3674962,1405,True,No festivo,False,False,True,13.7,44679.74,27017.71,True,05001,MEDELLÍN,05,ANTIOQUIA,2025,True,18.0,academic_illustration,True,noche,True,3.8055555555555554,12.41103888888889,7.504919444444444,0.3000000000000007,0.0,True,COMPLETE
5,3305,2025-05-18T16:00:00-05:00,Medellin,6.2442,-75.5812,22.0,82.0,0.3,3.5,127.18,True,38345,2025,5,18,16,,VALID,True,precipitation_mm,False,False,True,False,False,0.357784296143,0.384273203565,0.82,0.262364264467,America/Bogota,2025-05-18T21:00:00+00:00,2025-05-18,CO,3674962,1405,True,No festivo,False,True,True,13.9,44707.4,25310.1,True,05001,MEDELLÍN,05,ANTIOQUIA,2025,True,18.0,academic_illustration,True,tarde,True,3.861111111111111,12.418722222222222,7.0305833333333325,4.0,0.0,False,COMPLETE
5,3404,2025-05-22T19:00:00-05:00,Medellin,6.2442,-75.5812,20.7,87.0,0.0,4.0,147.55,True,38444,2025,5,22,19,,VALID,False,,False,False,False,False,False,-0.00357936609594,2.10147033945,0.87,0.0,America/Bogota,2025-05-23T00:00:00+00:00,2025-05-22,CO,3674962,1405,True,No festivo,False,False,True,13.18,44758.86,17802.46,True,05001,MEDELLÍN,05,ANTIOQUIA,2025,True,18.0,academic_illustration,True,noche,True,3.661111111111111,12.433016666666667,4.945127777777778,2.6999999999999993,0.0,True,COMPLETE
5,3407,2025-05-22T22:00:00-05:00,Medellin,6.2442,-75.5812,17.9,99.0,0.0,2.5,120.91,True,38447,2025,5,22,22,,VALID,False,,False,False,False,False,False,-0.781901100149,-0.144289685097,0.99,0.0,America/Bogota,2025-05-23T03:00:00+00:00,2025-05-22,CO,3674962,1405,True,No festivo,False,False,True,13.18,44758.86,17802.46,True,05001,MEDELLÍN,05,ANTIOQUIA,2025,True,18.0,academic_illustration,True,noche,True,3.661111111111111,12.433016666666667,4.945127777777778,0.0,0.10000000000000142,True,COMPLETE
5,3420,2025-05-23T11:00:00-05:00,Medellin,6.2442,-75.5812,27.8,57.0,0.0,5.5,126.91,True,38460,2025,5,23,11,,VALID,False,,False,False,False,False,False,1.97002217383,0.361512122235,0.57,0.0,America/Bogota,2025-05-23T16:00:00+00:00,2025-05-23,CO,3674962,1405,True,No festivo,False,False,True,23.52,44770.81,39600.0,True,05001,MEDELLÍN,05,ANTIOQUIA,2025,True,18.0,academic_illustration,True,manana,True,6.533333333333333,12.43633611111111,11.0,9.8,0.0,True,COMPLETE
5,3484,2025-05-26T03:00:00-05:00,Medellin,6.2442,-75.5812,16.7,100.0,0.0,1.4,126.52,True,38524,2025,5,26,3,,VALID,False,,False,False,False,False,False,-1.1154675576,0.328635004758,1.0,0.0,America/Bogota,2025-05-26T08:00:00+00:00,2025-05-26,CO,3674962,1405,True,No festivo,False,False,True,20.06,44804.25,30299.91,True,05001,MEDELLÍN,05,ANTIOQUIA,2025,True,18.0,academic_illustration,True,madrugada,True,5.572222222222222,12.445625,8.416641666666667,0.0,1.3000000000000007,True,COMPLETE
5,3490,2025-05-26T09:00:00-05:00,Medellin,6.2442,-75.5812,23.5,71.0,0.1,7.1,127.88,True,38530,2025,5,26,9,,VALID,False,,False,False,False,False,False,0.774742367958,0.44328341442,0.71,0.0953101798043,America/Bogota,2025-05-26T14:00:00+00:00,2025-05-26,CO,3674962,1405,True,No festivo,False,False,True,20.06,44804.25,30299.91,True,05001,MEDELLÍN,05,ANTIOQUIA,2025,True,18.0,academic_illustration,True,manana,True,5.572222222222222,12.445625,8.416641666666667,5.5,0.0,True,COMPLETE
5,3498,2025-05-26T17:00:00-05:00,Medellin,6.2442,-75.5812,22.2,76.0,0.9,6.5,116.81,True,38538,2025,5,26,17,,VALID,True,precipitation_mm,False,False,True,False,False,0.413378705718,-0.489920920106,0.76,0.641853886172,America/Bogota,2025-05-26T22:00:00+00:00,2025-05-26,CO,3674962,1405,True,No festivo,False,False,True,20.06,44804.25,30299.91,True,05001,MEDELLÍN,05,ANTIOQUIA,2025,True,18.0,academic_illustration,True,tarde,True,5.572222222222222,12.445625,8.416641666666667,4.199999999999999,0.0,True,COMPLETE
5,3543,2025-05-28T14:00:00-05:00,Medellin,6.2442,-75.5812,27.7,48.0,0.0,13.7,118.49,True,38583,2025,5,28,14,,VALID,True,wind_speed_kmh,False,False,False,True,False,1.94222496904,-0.348296414053,0.48,0.0,America/Bogota,2025-05-28T19:00:00+00:00,2025-05-28,CO,3674962,1405,True,No festivo,False,False,True,21.03,44824.55,39639.35,True,05001,MEDELLÍN,05,ANTIOQUIA,2025,True,18.0,academic_illustration,True,tarde,True,5.841666666666667,12.45126388888889,11.010930555555555,9.7,0.0,True,COMPLETE
5,3575,2025-05-29T22:00:00-05:00,Medellin,6.2442,-75.5812,20.4,89.0,0.0,0.9,109.21,True,38615,2025,5,29,22,,VALID,False,,False,False,False,False,False,-0.0869709804588,-1.13060320939,0.89,0.0,America/Bogota,2025-05-30T03:00:00+00:00,2025-05-29,CO,3674962,1405,True,No festivo,False,False,True,23.97,44834.2,40072.08,True,05001,MEDELLÍN,05,ANTIOQUIA,2025,True,18.0,academic_illustration,True,noche,True,6.658333333333333,12.453944444444444,11.131133333333334,2.3999999999999986,0.0,True,COMPLETE
5,3664,2025-06-02T15:00:00-05:00,Medellin,6.2442,-75.5812,26.9,51.0,0.2,13.1,120.06,True,38704,2025,6,2,15,,VALID,True,wind_speed_kmh,False,False,False,True,False,1.71984733074,-0.215944941135,0.51,0.182321556794,America/Bogota,2025-06-02T20:00:00+00:00,2025-06-02,CO,3674962,1405,True,Ascensión del señor,True,False,True,18.55,44869.31,36495.67,True,05001,MEDELLÍN,05,ANTIOQUIA,2025,True,18.0,academic_illustration,True,tarde,True,5.152777777777778,12.46369722222222,10.13768611111111,8.899999999999999,0.0,False,COMPLETE
5,3679,2025-06-03T06:00:00-05:00,Medellin,6.2442,-75.5812,15.4,100.0,0.0,0.4,116.74,True,38719,2025,6,3,6,,VALID,False,,False,False,False,False,False,-1.47683121984,-0.495821941192,1.0,0.0,America/Bogota,2025-06-03T11:00:00+00:00,2025-06-03,CO,3674962,1405,True,No festivo,False,False,True,21.22,44877.18,39600.0,True,05001,MEDELLÍN,05,ANTIOQUIA,2025,True,18.0,academic_illustration,True,manana,True,5.894444444444444,12.465883333333334,11.0,0.0,2.5999999999999996,True,COMPLETE
5,3688,2025-06-03T15:00:00-05:00,Medellin,6.2442,-75.5812,26.8,49.0,0.1,6.6,120.5,True,38728,2025,6,3,15,,VALID,False,,False,False,False,False,False,1.69205012595,-0.178852808597,0.49,0.0953101798043,America/Bogota,2025-06-03T20:00:00+00:00,2025-06-03,CO,3674962,1405,True,No festivo,False,False,True,21.22,44877.18,39600.0,True,05001,MEDELLÍN,05,ANTIOQUIA,2025,True,18.0,academic_illustration,True,tarde,True,5.894444444444444,12.465883333333334,11.0,8.8,0.0,True,COMPLETE
5,3690,2025-06-03T17:00:00-05:00,Medellin,6.2442,-75.5812,24.5,62.0,0.3,3.1,122.01,True,38730,2025,6,3,17,,VALID,True,precipitation_mm,False,False,True,False,False,1.05271441583,-0.0515593537525,0.62,0.262364264467,America/Bogota,2025-06-03T22:00:00+00:00,2025-06-03,CO,3674962,1405,True,No festivo,False,False,True,21.22,44877.18,39600.0,True,05001,MEDELLÍN,05,ANTIOQUIA,2025,True,18.0,academic_illustration,True,tarde,True,5.894444444444444,12.465883333333334,11.0,6.5,0.0,True,COMPLETE
5,3711,2025-06-04T14:00:00-05:00,Medellin,6.2442,-75.5812,26.7,54.0,0.1,5.7,120.59,True,38751,2025,6,4,14,,VALID,False,,False,False,False,False,False,1.66425292116,-0.171265781488,0.54,0.0953101798043,America/Bogota,2025-06-04T19:00:00+00:00,2025-06-04,CO,3674962,1405,True,No festivo,False,False,True,20.08,44884.65,31104.94,True,05001,MEDELLÍN,05,ANTIOQUIA,2025,True,18.0,academic_illustration,True,tarde,True,5.5777777777777775,12.467958333333334,8.64026111111111,8.7,0.0,True,COMPLETE
5,3726,2025-06-05T05:00:00-05:00,Medellin,6.2442,-75.5812,17.2,99.0,0.0,2.9,126.1,True,38766,2025,6,5,5,,VALID,False,,False,False,False,False,False,-0.976481533663,0.293228878245,0.99,0.0,America/Bogota,2025-06-05T10:00:00+00:00,2025-06-05,CO,3674962,1405,True,No festivo,False,False,True,16.05,44891.74,24048.86,True,05001,MEDELLÍN,05,ANTIOQUIA,2025,True,18.0,academic_illustration,True,madrugada,True,4.458333333333333,12.469927777777777,6.680238888888889,0.0,0.8000000000000007,True,COMPLETE
5,3770,2025-06-07T01:00:00-05:00,Medellin,6.2442,-75.5812,17.2,98.0,0.0,3.0,122.34,True,38810,2025,6,7,1,,VALID,False,,False,False,False,False,False,-0.976481533663,-0.0237402543492,0.98,0.0,America/Bogota,2025-06-07T06:00:00+00:00,2025-06-07,CO,3674962,1405,True,No festivo,False,True,True,24.83,44904.68,43200.0,True,05001,MEDELLÍN,05,ANTIOQUIA,2025,True,18.0,academic_illustration,True,madrugada,True,6.897222222222221,12.473522222222222,12.0,0.0,0.8000000000000007,False,COMPLETE
5,3823,2025-06-09T06:00:00-05:00,Medellin,6.2442,-75.5812,16.4,99.0,0.0,1.1,118.86,True,38863,2025,6,9,6,,VALID,False,,False,False,False,False,False,-1.19885917196,-0.317105302601,0.99,0.0,America/Bogota,2025-06-09T11:00:00+00:00,2025-06-09,CO,3674962,1405,True,No festivo,False,False,True,19.53,44915.94,34440.22,True,05001,MEDELLÍN,05,ANTIOQUIA,2025,True,18.0,academic_illustration,True,manana,True,5.425,12.476650000000001,9.566727777777778,0.0,1.6000000000000014,True,COMPLETE
5,3838,2025-06-09T21:00:00-05:00,Medellin,6.2442,-75.5812,19.2,96.0,0.0,0.4,142.29,True,38878,2025,6,9,21,,VALID,False,,False,False,False,False,False,-0.42053743791,1.65805075503,0.96,0.0,America/Bogota,2025-06-10T02:00:00+00:00,2025-06-09,CO,3674962,1405,True,No festivo,False,False,True,19.53,44915.94,34440.22,True,05001,MEDELLÍN,05,ANTIOQUIA,2025,True,18.0,academic_illustration,True,noche,True,5.425,12.476650000000001,9.566727777777778,1.1999999999999993,0.0,True,COMPLETE
5,3884,2025-06-11T19:00:00-05:00,Medellin,6.2442,-75.5812,19.5,96.0,0.8,0.7,152.08,True,38924,2025,6,11,19,,VALID,True,precipitation_mm|energy_kwh,False,False,True,False,True,-0.337145823547,2.48335070399,0.96,0.587786664902,America/Bogota,2025-06-12T00:00:00+00:00,2025-06-11,CO,3674962,1405,True,No festivo,False,False,True,11.38,44925.44,20425.34,True,05001,MEDELLÍN,05,ANTIOQUIA,2025,True,18.0,academic_illustration,True,noche,True,3.1611111111111114,12.47928888888889,5.673705555555555,1.5,0.0,True,COMPLETE
5,3915,2025-06-13T02:00:00-05:00,Medellin,6.2442,-75.5812,18.2,99.0,0.3,1.3,103.42,True,38955,2025,6,13,2,,VALID,True,precipitation_mm,False,False,True,False,False,-0.698509485787,-1.61870195347,0.99,0.262364264467,America/Bogota,2025-06-13T07:00:00+00:00,2025-06-13,CO,3674962,1405,True,No festivo,False,False,True,8.25,44933.12,391.12,True,05001,MEDELLÍN,05,ANTIOQUIA,2025,True,18.0,academic_illustration,True,madrugada,True,2.2916666666666665,12.481422222222223,0.10864444444444445,0.1999999999999993,0.0,True,COMPLETE
5,3917,2025-06-13T04:00:00-05:00,Medellin,6.2442,-75.5812,18.0,99.0,0.9,2.3,115.27,True,38957,2025,6,13,4,,VALID,True,precipitation_mm,False,False,True,False,False,-0.754103895362,-0.619743383988,0.99,0.641853886172,America/Bogota,2025-06-13T09:00:00+00:00,2025-06-13,CO,3674962,1405,True,No festivo,False,False,True,8.25,44933.12,391.12,True,05001,MEDELLÍN,05,ANTIOQUIA,2025,True,18.0,academic_illustration,True,madrugada,True,2.2916666666666665,12.481422222222223,0.10864444444444445,0.0,0.0,True,COMPLETE
5,3953,2025-06-14T16:00:00-05:00,Medellin,6.2442,-75.5812,24.4,58.0,0.0,4.4,113.58,True,38993,2025,6,14,16,,VALID,False,,False,False,False,False,False,1.02491721105,-0.762210893053,0.58,0.0,America/Bogota,2025-06-14T21:00:00+00:00,2025-06-14,CO,3674962,1405,True,No festivo,False,True,True,12.23,44936.25,25424.61,True,05001,MEDELLÍN,05,ANTIOQUIA,2025,True,18.0,academic_illustration,True,tarde,True,3.397222222222222,12.482291666666667,7.062391666666667,6.399999999999999,0.0,False,COMPLETE
5,3965,2025-06-15T04:00:00-05:00,Medellin,6.2442,-75.5812,17.0,99.0,0.0,1.6,116.83,True,39005,2025,6,15,4,,VALID,False,,False,False,False,False,False,-1.03207594324,-0.488234914082,0.99,0.0,America/Bogota,2025-06-15T09:00:00+00:00,2025-06-15,CO,3674962,1405,True,No festivo,False,True,True,19.36,44938.9,36144.55,True,05001,MEDELLÍN,05,ANTIOQUIA,2025,True,18.0,academic_illustration,True,madrugada,True,5.377777777777777,12.483027777777778,10.040152777777779,0.0,1.0,False,COMPLETE
5,4015,2025-06-17T06:00:00-05:00,Medellin,6.2442,-75.5812,15.9,100.0,0.0,2.0,121.09,True,39055,2025,6,17,6,,VALID,False,,False,False,False,False,False,-1.3378451959,-0.129115630877,1.0,0.0,America/Bogota,2025-06-17T11:00:00+00:00,2025-06-17,CO,3674962,1405,True,No festivo,False,False,True,18.9,44942.78,32945.47,True,05001,MEDELLÍN,05,ANTIOQUIA,2025,True,18.0,academic_illustration,True,manana,True,5.249999999999999,12.484105555555555,9.151519444444444,0.0,2.0999999999999996,True,COMPLETE
5,4055,2025-06-18T22:00:00-05:00,Medellin,6.2442,-75.5812,19.0,83.0,0.0,2.0,118.24,True,39095,2025,6,18,22,,VALID,False,,False,False,False,False,False,-0.476131847486,-0.369371489359,0.83,0.0,America/Bogota,2025-06-19T03:00:00+00:00,2025-06-18,CO,3674962,1405,True,No festivo,False,False,True,24.94,44944.03,43200.0,True,05001,MEDELLÍN,05,ANTIOQUIA,2025,True,18.0,academic_illustration,True,noche,True,6.927777777777778,12.484452777777777,12.0,1.0,0.0,True,COMPLETE
5,4073,2025-06-19T16:00:00-05:00,Medellin,6.2442,-75.5812,26.2,50.0,0.0,11.5,115.99,True,39113,2025,6,19,16,,VALID,True,wind_speed_kmh,False,False,False,True,False,1.52526689722,-0.559047167108,0.5,0.0,America/Bogota,2025-06-19T21:00:00+00:00,2025-06-19,CO,3674962,1405,True,No festivo,False,False,True,26.19,44944.81,43200.0,True,05001,MEDELLÍN,05,ANTIOQUIA,2025,True,18.0,academic_illustration,True,tarde,True,7.275,12.484669444444444,12.0,8.2,0.0,True,COMPLETE
5,4078,2025-06-19T21:00:00-05:00,Medellin,6.2442,-75.5812,19.1,96.0,0.0,5.9,140.03,True,39118,2025,6,19,21,,VALID,False,,False,False,False,False,False,-0.448334642698,1.46753207427,0.96,0.0,America/Bogota,2025-06-20T02:00:00+00:00,2025-06-19,CO,3674962,1405,True,No festivo,False,False,True,26.19,44944.81,43200.0,True,05001,MEDELLÍN,05,ANTIOQUIA,2025,True,18.0,academic_illustration,True,noche,True,7.275,12.484669444444444,12.0,1.1000000000000014,0.0,True,COMPLETE
5,4252,2025-06-27T03:00:00-05:00,Medellin,6.2442,-75.5812,17.0,100.0,0.0,3.8,115.69,True,39292,2025,6,27,3,,VALID,False,,False,False,False,False,False,-1.03207594324,-0.584337257475,1.0,0.0,America/Bogota,2025-06-27T08:00:00+00:00,2025-06-27,CO,3674962,1405,True,No festivo,False,False,True,23.8,44934.99,40130.81,True,05001,MEDELLÍN,05,ANTIOQUIA,2025,True,18.0,academic_illustration,True,madrugada,True,6.611111111111111,12.481941666666666,11.14744722222222,0.0,1.0,True,COMPLETE
5,4331,2025-06-30T10:00:00-05:00,Medellin,6.2442,-75.5812,25.6,56.0,0.0,7.7,126.59,True,39371,2025,6,30,10,,VALID,False,,False,False,False,False,False,1.3584836685,0.334536025844,0.56,0.0,America/Bogota,2025-06-30T15:00:00+00:00,2025-06-30,CO,3674962,1405,True,Sagrado Corazón; San Pedro y San Pablo,True,False,True,22.91,44924.14,41046.53,True,05001,MEDELLÍN,05,ANTIOQUIA,2025,True,18.0,academic_illustration,True,manana,True,6.363888888888889,12.478927777777777,11.401813888888888,7.600000000000001,0.0,False,COMPLETE
5,4426,2025-07-04T09:00:00-05:00,Medellin,6.2442,-75.5812,21.9,73.0,0.0,6.0,131.3,True,39466,2025,7,4,9,,VALID,False,,False,False,False,False,False,0.329987091356,0.731590444599,0.73,0.0,America/Bogota,2025-07-04T14:00:00+00:00,2025-07-04,CO,3674962,1405,True,No festivo,False,False,True,21.08,44903.87,39557.89,True,05001,MEDELLÍN,05,ANTIOQUIA,2025,True,18.0,academic_illustration,True,manana,True,5.855555555555555,12.473297222222223,10.988302777777777,3.8999999999999986,0.0,True,COMPLETE
5,4446,2025-07-05T05:00:00-05:00,Medellin,6.2442,-75.5812,16.3,100.0,0.0,1.3,112.97,True,39486,2025,7,5,5,,VALID,False,,False,False,False,False,False,-1.22665637675,-0.813634076798,1.0,0.0,America/Bogota,2025-07-05T10:00:00+00:00,2025-07-05,CO,3674962,1405,True,No festivo,False,True,True,24.34,44897.79,40775.16,True,05001,MEDELLÍN,05,ANTIOQUIA,2025,True,18.0,academic_illustration,True,madrugada,True,6.761111111111111,12.471608333333334,11.326433333333334,0.0,1.6999999999999993,False,COMPLETE
5,4510,2025-07-07T21:00:00-05:00,Medellin,6.2442,-75.5812,20.1,83.0,0.0,3.0,145.7,True,39550,2025,7,7,21,,VALID,False,,False,False,False,False,False,-0.170362594822,1.94551478219,0.83,0.0,America/Bogota,2025-07-08T02:00:00+00:00,2025-07-07,CO,3674962,1405,True,No festivo,False,False,True,25.61,44884.34,43200.0,True,05001,MEDELLÍN,05,ANTIOQUIA,2025,True,18.0,academic_illustration,True,noche,True,7.113888888888889,12.467872222222221,12.0,2.1000000000000014,0.0,True,COMPLETE
5,4519,2025-07-08T06:00:00-05:00,Medellin,6.2442,-75.5812,15.9,96.0,0.0,3.1,118.33,True,39559,2025,7,8,6,,VALID,False,,False,False,False,False,False,-1.3378451959,-0.361784462249,0.96,0.0,America/Bogota,2025-07-08T11:00:00+00:00,2025-07-08,CO,3674962,1405,True,No festivo,False,False,True,21.8,44876.91,42549.55,True,05001,MEDELLÍN,05,ANTIOQUIA,2025,True,18.0,academic_illustration,True,manana,True,6.055555555555555,12.465808333333335,11.819319444444446,0.0,2.0999999999999996,True,COMPLETE
5,4595,2025-07-11T10:00:00-05:00,Medellin,6.2442,-75.5812,24.5,60.0,0.0,8.3,118.45,True,39635,2025,7,11,10,,VALID,False,,False,False,False,False,False,1.05271441583,-0.351668426102,0.6,0.0,America/Bogota,2025-07-11T15:00:00+00:00,2025-07-11,CO,3674962,1405,True,No festivo,False,False,True,15.48,44851.99,28024.66,True,05001,MEDELLÍN,05,ANTIOQUIA,2025,True,18.0,academic_illustration,True,manana,True,4.3,12.458886111111111,7.784627777777778,6.5,0.0,True,COMPLETE
5,4620,2025-07-12T11:00:00-05:00,Medellin,6.2442,-75.5812,27.1,48.0,0.0,12.6,121.91,True,39660,2025,7,12,11,,VALID,True,wind_speed_kmh,False,False,False,True,False,1.77544174031,-0.0599893838746,0.48,0.0,America/Bogota,2025-07-12T16:00:00+00:00,2025-07-12,CO,3674962,1405,True,No festivo,False,True,True,19.19,44842.85,35723.29,True,05001,MEDELLÍN,05,ANTIOQUIA,2025,True,18.0,academic_illustration,True,manana,True,5.330555555555556,12.456347222222222,9.923136111111111,9.100000000000001,0.0,False,COMPLETE
5,4645,2025-07-13T12:00:00-05:00,Medellin,6.2442,-75.5812,28.0,47.0,0.1,10.8,119.71,True,39685,2025,7,13,12,,VALID,True,wind_speed_kmh,False,False,False,True,False,2.0256165834,-0.245450046563,0.47,0.0953101798043,America/Bogota,2025-07-13T17:00:00+00:00,2025-07-13,CO,3674962,1405,True,No festivo,False,True,True,24.04,44833.31,36549.39,True,05001,MEDELLÍN,05,ANTIOQUIA,2025,True,18.0,academic_illustration,True,tarde,True,6.677777777777777,12.453697222222221,10.152608333333333,10.0,0.0,False,COMPLETE
5,4695,2025-07-15T14:00:00-05:00,Medellin,6.2442,-75.5812,28.3,41.0,0.0,15.4,119.67,True,39735,2025,7,15,14,,VALID,True,wind_speed_kmh,False,False,False,True,False,2.10900819776,-0.248822058612,0.41,0.0,America/Bogota,2025-07-15T19:00:00+00:00,2025-07-15,CO,3674962,1405,True,No festivo,False,False,True,24.47,44813.12,43180.37,True,05001,MEDELLÍN,05,ANTIOQUIA,2025,True,18.0,academic_illustration,True,tarde,True,6.797222222222222,12.44808888888889,11.994547222222224,10.3,0.0,True,COMPLETE
5,4700,2025-07-15T19:00:00-05:00,Medellin,6.2442,-75.5812,22.7,70.0,0.0,5.5,139.0,True,39740,2025,7,15,19,,VALID,False,,False,False,False,False,False,0.552364729657,1.38070276401,0.7,0.0,America/Bogota,2025-07-16T00:00:00+00:00,2025-07-15,CO,3674962,1405,True,No festivo,False,False,True,24.47,44813.12,43180.37,True,05001,MEDELLÍN,05,ANTIOQUIA,2025,True,18.0,academic_illustration,True,noche,True,6.797222222222222,12.44808888888889,11.994547222222224,4.699999999999999,0.0,True,COMPLETE
5,4712,2025-07-16T07:00:00-05:00,Medellin,6.2442,-75.5812,16.0,92.0,0.0,2.8,134.02,True,39752,2025,7,16,7,,VALID,False,,False,False,False,False,False,-1.31004799111,0.960887263922,0.92,0.0,America/Bogota,2025-07-16T12:00:00+00:00,2025-07-16,CO,3674962,1405,True,No festivo,False,False,True,24.72,44802.49,43200.0,True,05001,MEDELLÍN,05,ANTIOQUIA,2025,True,18.0,academic_illustration,True,manana,True,6.866666666666666,12.445136111111111,12.0,0.0,2.0,True,COMPLETE
5,4727,2025-07-16T22:00:00-05:00,Medellin,6.2442,-75.5812,19.3,95.0,0.0,4.9,112.61,True,39767,2025,7,16,22,,VALID,False,,False,False,False,False,False,-0.392740233123,-0.843982185238,0.95,0.0,America/Bogota,2025-07-17T03:00:00+00:00,2025-07-16,CO,3674962,1405,True,No festivo,False,False,True,24.72,44802.49,43200.0,True,05001,MEDELLÍN,05,ANTIOQUIA,2025,True,18.0,academic_illustration,True,noche,True,6.866666666666666,12.445136111111111,12.0,1.3000000000000007,0.0,True,COMPLETE
5,4769,2025-07-18T16:00:00-05:00,Medellin,6.2442,-75.5812,27.6,39.0,0.0,14.4,110.31,True,39809,2025,7,18,16,,VALID,True,wind_speed_kmh,False,False,False,True,False,1.91442776425,-1.03787287805,0.39,0.0,America/Bogota,2025-07-18T21:00:00+00:00,2025-07-18,CO,3674962,1405,True,No festivo,False,False,True,24.67,44780.23,43089.9,True,05001,MEDELLÍN,05,ANTIOQUIA,2025,True,18.0,academic_illustration,True,tarde,True,6.852777777777778,12.438952777777779,11.969416666666667,9.600000000000001,0.0,True,COMPLETE
5,4868,2025-07-22T19:00:00-05:00,Medellin,6.2442,-75.5812,20.8,81.0,0.2,0.3,137.78,True,39908,2025,7,22,19,,VALID,False,,False,False,False,False,False,0.0242178386917,1.27785639652,0.81,0.182321556794,America/Bogota,2025-07-23T00:00:00+00:00,2025-07-22,CO,3674962,1405,True,No festivo,False,False,True,19.05,44732.08,29852.56,True,05001,MEDELLÍN,05,ANTIOQUIA,2025,True,18.0,academic_illustration,True,noche,True,5.291666666666667,12.425577777777779,8.292377777777778,2.8000000000000007,0.0,True,COMPLETE
5,4871,2025-07-22T22:00:00-05:00,Medellin,6.2442,-75.5812,19.3,95.0,0.0,3.6,107.66,True,39911,2025,7,22,22,,VALID,False,,False,False,False,False,False,-0.392740233123,-1.26126867629,0.95,0.0,America/Bogota,2025-07-23T03:00:00+00:00,2025-07-22,CO,3674962,1405,True,No festivo,False,False,True,19.05,44732.08,29852.56,True,05001,MEDELLÍN,05,ANTIOQUIA,2025,True,18.0,academic_illustration,True,noche,True,5.291666666666667,12.425577777777779,8.292377777777778,1.3000000000000007,0.0,True,COMPLETE
5,4884,2025-07-23T11:00:00-05:00,Medellin,6.2442,-75.5812,26.6,55.0,0.0,7.3,115.95,True,39924,2025,7,23,11,,VALID,False,,False,False,False,False,False,1.63645571637,-0.562419179157,0.55,0.0,America/Bogota,2025-07-23T16:00:00+00:00,2025-07-23,CO,3674962,1405,True,No festivo,False,False,True,19.3,44719.36,38077.49,True,05001,MEDELLÍN,05,ANTIOQUIA,2025,True,18.0,academic_illustration,True,manana,True,5.361111111111112,12.422044444444445,10.577080555555556,8.600000000000001,0.0,True,COMPLETE
5,4948,2025-07-26T03:00:00-05:00,Medellin,6.2442,-75.5812,17.3,100.0,0.0,2.6,119.84,True,39988,2025,7,26,3,,VALID,False,,False,False,False,False,False,-0.948684328875,-0.234491007404,1.0,0.0,America/Bogota,2025-07-26T08:00:00+00:00,2025-07-26,CO,3674962,1405,True,No festivo,False,True,True,21.91,44679.76,42630.3,True,05001,MEDELLÍN,05,ANTIOQUIA,2025,True,18.0,academic_illustration,True,madrugada,True,6.086111111111111,12.411044444444444,11.841750000000001,0.0,0.6999999999999993,False,COMPLETE
5,4954,2025-07-26T09:00:00-05:00,Medellin,6.2442,-75.5812,23.5,66.0,0.0,4.6,117.56,True,39994,2025,7,26,9,,VALID,False,,False,False,False,False,False,0.774742367958,-0.42669569419,0.66,0.0,America/Bogota,2025-07-26T14:00:00+00:00,2025-07-26,CO,3674962,1405,True,No festivo,False,True,True,21.91,44679.76,42630.3,True,05001,MEDELLÍN,05,ANTIOQUIA,2025,True,18.0,academic_illustration,True,manana,True,6.086111111111111,12.411044444444444,11.841750000000001,5.5,0.0,False,COMPLETE
5,4962,2025-07-26T17:00:00-05:00,Medellin,6.2442,-75.5812,25.1,55.0,0.0,5.2,118.72,True,40002,2025,7,26,17,,VALID,False,,False,False,False,False,False,1.21949764456,-0.328907344772,0.55,0.0,America/Bogota,2025-07-26T22:00:00+00:00,2025-07-26,CO,3674962,1405,True,No festivo,False,True,True,21.91,44679.76,42630.3,True,05001,MEDELLÍN,05,ANTIOQUIA,2025,True,18.0,academic_illustration,True,tarde,True,6.086111111111111,12.411044444444444,11.841750000000001,7.100000000000001,0.0,False,COMPLETE
5,5007,2025-07-28T14:00:00-05:00,Medellin,6.2442,-75.5812,29.1,39.0,0.0,12.5,111.66,True,40047,2025,7,28,14,,VALID,True,wind_speed_kmh,False,False,False,True,False,2.33138583606,-0.924067471399,0.39,0.0,America/Bogota,2025-07-28T19:00:00+00:00,2025-07-28,CO,3674962,1405,True,No festivo,False,False,True,22.27,44651.77,37976.16,True,05001,MEDELLÍN,05,ANTIOQUIA,2025,True,18.0,academic_illustration,True,tarde,True,6.186111111111111,12.403269444444444,10.548933333333334,11.100000000000001,0.0,True,COMPLETE
5,5039,2025-07-29T22:00:00-05:00,Medellin,6.2442,-75.5812,18.8,97.0,0.1,2.7,105.81,True,40079,2025,7,29,22,,VALID,False,,False,False,False,False,False,-0.531726257061,-1.41722423355,0.97,0.0953101798043,America/Bogota,2025-07-30T03:00:00+00:00,2025-07-29,CO,3674962,1405,True,No festivo,False,False,True,23.75,44637.26,38199.16,True,05001,MEDELLÍN,05,ANTIOQUIA,2025,True,18.0,academic_illustration,True,noche,True,6.597222222222222,12.39923888888889,10.610877777777779,0.8000000000000007,0.0,True,COMPLETE
5,5170,2025-08-04T09:00:00-05:00,Medellin,6.2442,-75.5812,22.8,66.0,0.0,4.8,142.3,True,40210,2025,8,4,9,,VALID,False,,False,False,False,False,False,0.580161934444,1.65889375804,0.66,0.0,America/Bogota,2025-08-04T14:00:00+00:00,2025-08-04,CO,3674962,1405,True,No festivo,False,False,True,19.72,44544.09,37417.88,True,05001,MEDELLÍN,05,ANTIOQUIA,2025,True,18.0,academic_illustration,True,manana,True,5.477777777777777,12.373358333333332,10.393855555555556,4.800000000000001,0.0,True,COMPLETE
5,5190,2025-08-05T05:00:00-05:00,Medellin,6.2442,-75.5812,15.4,100.0,0.0,1.4,114.57,True,40230,2025,8,5,5,,VALID,False,,False,False,False,False,False,-1.47683121984,-0.678753594843,1.0,0.0,America/Bogota,2025-08-05T10:00:00+00:00,2025-08-05,CO,3674962,1405,True,No festivo,False,False,True,24.81,44527.7,43178.01,True,05001,MEDELLÍN,05,ANTIOQUIA,2025,True,18.0,academic_illustration,True,madrugada,True,6.891666666666666,12.368805555555555,11.993891666666666,0.0,2.5999999999999996,True,COMPLETE
5,5254,2025-08-07T21:00:00-05:00,Medellin,6.2442,-75.5812,18.2,95.0,0.5,1.2,156.47,True,40294,2025,8,7,21,,VALID,True,precipitation_mm|energy_kwh,False,False,True,False,True,-0.698509485787,2.85342902635,0.95,0.405465108108,America/Bogota,2025-08-08T02:00:00+00:00,2025-08-07,CO,3674962,1405,True,Batalla de Boyacá,True,False,True,16.7,44494.35,38442.63,True,05001,MEDELLÍN,05,ANTIOQUIA,2025,True,18.0,academic_illustration,True,noche,True,4.638888888888888,12.359541666666667,10.678508333333333,0.1999999999999993,0.0,False,COMPLETE
5,5263,2025-08-08T06:00:00-05:00,Medellin,6.2442,-75.5812,17.5,98.0,0.6,3.0,120.7,True,40303,2025,8,8,6,,VALID,True,precipitation_mm,False,False,True,False,False,-0.8930899193,-0.161992748353,0.98,0.470003629246,America/Bogota,2025-08-08T11:00:00+00:00,2025-08-08,CO,3674962,1405,True,No festivo,False,False,True,19.32,44477.41,39240.07,True,05001,MEDELLÍN,05,ANTIOQUIA,2025,True,18.0,academic_illustration,True,manana,True,5.366666666666666,12.354836111111112,10.900019444444444,0.0,0.5,True,COMPLETE
5,5339,2025-08-11T10:00:00-05:00,Medellin,6.2442,-75.5812,24.3,61.0,0.1,6.9,115.64,True,40379,2025,8,11,10,,VALID,False,,False,False,False,False,False,0.997120006259,-0.588552272536,0.61,0.0953101798043,America/Bogota,2025-08-11T15:00:00+00:00,2025-08-11,CO,3674962,1405,True,No festivo,False,False,True,22.88,44425.73,41405.89,True,05001,MEDELLÍN,05,ANTIOQUIA,2025,True,18.0,academic_illustration,True,manana,True,6.355555555555555,12.340480555555557,11.501636111111111,6.300000000000001,0.0,True,COMPLETE
5,5364,2025-08-12T11:00:00-05:00,Medellin,6.2442,-75.5812,25.6,55.0,0.0,10.1,114.06,True,40404,2025,8,12,11,,VALID,True,wind_speed_kmh,False,False,False,True,False,1.3584836685,-0.721746748466,0.55,0.0,America/Bogota,2025-08-12T16:00:00+00:00,2025-08-12,CO,3674962,1405,True,No festivo,False,False,True,26.1,44408.27,43178.45,True,05001,MEDELLÍN,05,ANTIOQUIA,2025,True,18.0,academic_illustration,True,manana,True,7.25,12.335630555555555,11.994013888888889,7.600000000000001,0.0,True,COMPLETE
5,5389,2025-08-13T12:00:00-05:00,Medellin,6.2442,-75.5812,26.7,49.0,0.2,9.2,112.39,True,40429,2025,8,13,12,,VALID,False,,False,False,False,False,False,1.66425292116,-0.862528251507,0.49,0.182321556794,America/Bogota,2025-08-13T17:00:00+00:00,2025-08-13,CO,3674962,1405,True,No festivo,False,False,True,23.13,44390.71,43180.21,True,05001,MEDELLÍN,05,ANTIOQUIA,2025,True,18.0,academic_illustration,True,tarde,True,6.425,12.330752777777777,11.994502777777777,8.7,0.0,True,COMPLETE
5,5439,2025-08-15T14:00:00-05:00,Medellin,6.2442,-75.5812,22.9,81.0,0.3,1.2,113.46,True,40479,2025,8,15,14,,VALID,True,precipitation_mm,False,False,True,False,False,0.607959139232,-0.772326929199,0.81,0.262364264467,America/Bogota,2025-08-15T19:00:00+00:00,2025-08-15,CO,3674962,1405,True,No festivo,False,False,True,15.66,44355.33,26596.62,True,05001,MEDELLÍN,05,ANTIOQUIA,2025,True,18.0,academic_illustration,True,tarde,True,4.35,12.320925,7.38795,4.899999999999999,0.0,True,COMPLETE
5,5444,2025-08-15T19:00:00-05:00,Medellin,6.2442,-75.5812,19.5,89.0,0.0,4.6,142.28,True,40484,2025,8,15,19,,VALID,False,,False,False,False,False,False,-0.337145823547,1.65720775201,0.89,0.0,America/Bogota,2025-08-16T00:00:00+00:00,2025-08-15,CO,3674962,1405,True,No festivo,False,False,True,15.66,44355.33,26596.62,True,05001,MEDELLÍN,05,ANTIOQUIA,2025,True,18.0,academic_illustration,True,noche,True,4.35,12.320925,7.38795,1.5,0.0,True,COMPLETE
5,5456,2025-08-16T07:00:00-05:00,Medellin,6.2442,-75.5812,17.8,96.0,0.2,3.8,138.44,True,40496,2025,8,16,7,,VALID,False,,False,False,False,False,False,-0.809698304937,1.33349459532,0.96,0.182321556794,America/Bogota,2025-08-16T12:00:00+00:00,2025-08-16,CO,3674962,1405,True,No festivo,False,True,True,14.47,44337.34,22497.69,True,05001,MEDELLÍN,05,ANTIOQUIA,2025,True,18.0,academic_illustration,True,manana,True,4.019444444444445,12.315927777777777,6.249358333333333,0.0,0.1999999999999993,False,COMPLETE
5,5471,2025-08-16T22:00:00-05:00,Medellin,6.2442,-75.5812,18.1,96.0,0.0,2.1,114.71,True,40511,2025,8,16,22,,VALID,False,,False,False,False,False,False,-0.726306690574,-0.666951552672,0.96,0.0,America/Bogota,2025-08-17T03:00:00+00:00,2025-08-16,CO,3674962,1405,True,No festivo,False,True,True,14.47,44337.34,22497.69,True,05001,MEDELLÍN,05,ANTIOQUIA,2025,True,18.0,academic_illustration,True,noche,True,4.019444444444445,12.315927777777777,6.249358333333333,0.10000000000000142,0.0,False,COMPLETE
5,5513,2025-08-18T16:00:00-05:00,Medellin,6.2442,-75.5812,26.4,48.0,0.1,6.4,108.28,True,40553,2025,8,18,16,,VALID,False,,False,False,False,False,False,1.5808613068,-1.20900248953,0.48,0.0953101798043,America/Bogota,2025-08-18T21:00:00+00:00,2025-08-18,CO,3674962,1405,True,La Asunción,True,False,True,21.11,44300.71,37770.54,True,05001,MEDELLÍN,05,ANTIOQUIA,2025,True,18.0,academic_illustration,True,tarde,True,5.863888888888889,12.305752777777778,10.491816666666667,8.399999999999999,0.0,False,COMPLETE
5,5612,2025-08-22T19:00:00-05:00,Medellin,6.2442,-75.5812,19.1,94.0,0.0,2.1,138.52,True,40652,2025,8,22,19,,VALID,False,,False,False,False,False,False,-0.448334642698,1.34023861942,0.94,0.0,America/Bogota,2025-08-23T00:00:00+00:00,2025-08-22,CO,3674962,1405,True,No festivo,False,False,True,19.85,44225.22,34695.93,True,05001,MEDELLÍN,05,ANTIOQUIA,2025,True,18.0,academic_illustration,True,noche,True,5.513888888888889,12.284783333333333,9.637758333333334,1.1000000000000014,0.0,True,COMPLETE
5,5615,2025-08-22T22:00:00-05:00,Medellin,6.2442,-75.5812,17.8,99.0,0.0,1.7,121.44,True,40655,2025,8,22,22,,VALID,False,,False,False,False,False,False,-0.809698304937,-0.0996105254489,0.99,0.0,America/Bogota,2025-08-23T03:00:00+00:00,2025-08-22,CO,3674962,1405,True,No festivo,False,False,True,19.85,44225.22,34695.93,True,05001,MEDELLÍN,05,ANTIOQUIA,2025,True,18.0,academic_illustration,True,noche,True,5.513888888888889,12.284783333333333,9.637758333333334,0.0,0.1999999999999993,True,COMPLETE
5,5628,2025-08-23T11:00:00-05:00,Medellin,6.2442,-75.5812,25.8,56.0,0.2,5.8,90.84,True,40668,2025,8,23,11,,VALID,True,energy_kwh,False,False,False,False,True,1.41407807807,-2.67919974284,0.56,0.182321556794,America/Bogota,2025-08-23T16:00:00+00:00,2025-08-23,CO,3674962,1405,True,No festivo,False,True,True,19.09,44205.98,30690.13,True,05001,MEDELLÍN,05,ANTIOQUIA,2025,True,18.0,academic_illustration,True,manana,True,5.302777777777778,12.27943888888889,8.525036111111111,7.800000000000001,0.0,False,COMPLETE
5,5692,2025-08-26T03:00:00-05:00,Medellin,6.2442,-75.5812,17.3,97.0,0.0,1.4,115.68,True,40732,2025,8,26,3,,VALID,False,,False,False,False,False,False,-0.948684328875,-0.585180260487,0.97,0.0,America/Bogota,2025-08-26T08:00:00+00:00,2025-08-26,CO,3674962,1405,True,No festivo,False,False,True,26.51,44147.63,43200.0,True,05001,MEDELLÍN,05,ANTIOQUIA,2025,True,18.0,academic_illustration,True,madrugada,True,7.363888888888889,12.263230555555555,12.0,0.0,0.6999999999999993,True,COMPLETE
5,5698,2025-08-26T09:00:00-05:00,Medellin,6.2442,-75.5812,23.2,63.0,0.0,6.9,126.22,True,40738,2025,8,26,9,,VALID,False,,False,False,False,False,False,0.691350753595,0.303344914392,0.63,0.0,America/Bogota,2025-08-26T14:00:00+00:00,2025-08-26,CO,3674962,1405,True,No festivo,False,False,True,26.51,44147.63,43200.0,True,05001,MEDELLÍN,05,ANTIOQUIA,2025,True,18.0,academic_illustration,True,manana,True,7.363888888888889,12.263230555555555,12.0,5.199999999999999,0.0,True,COMPLETE
5,5706,2025-08-26T17:00:00-05:00,Medellin,6.2442,-75.5812,24.4,53.0,0.0,8.9,115.25,True,40746,2025,8,26,17,,VALID,False,,False,False,False,False,False,1.02491721105,-0.621429390012,0.53,0.0,America/Bogota,2025-08-26T22:00:00+00:00,2025-08-26,CO,3674962,1405,True,No festivo,False,False,True,26.51,44147.63,43200.0,True,05001,MEDELLÍN,05,ANTIOQUIA,2025,True,18.0,academic_illustration,True,tarde,True,7.363888888888889,12.263230555555555,12.0,6.399999999999999,0.0,True,COMPLETE
5,5751,2025-08-28T14:00:00-05:00,Medellin,6.2442,-75.5812,27.4,45.0,0.1,13.1,121.28,True,40791,2025,8,28,14,,VALID,True,wind_speed_kmh,False,False,False,True,False,1.85883335467,-0.113098573644,0.45,0.0953101798043,America/Bogota,2025-08-28T19:00:00+00:00,2025-08-28,CO,3674962,1405,True,No festivo,False,False,True,25.6,44108.34,40247.67,True,05001,MEDELLÍN,05,ANTIOQUIA,2025,True,18.0,academic_illustration,True,tarde,True,7.111111111111112,12.252316666666665,11.179908333333334,9.399999999999999,0.0,True,COMPLETE
5,5783,2025-08-29T22:00:00-05:00,Medellin,6.2442,-75.5812,18.5,92.0,0.0,4.5,108.92,True,40823,2025,8,29,22,,VALID,False,,False,False,False,False,False,-0.615117871424,-1.15505029675,0.92,0.0,America/Bogota,2025-08-30T03:00:00+00:00,2025-08-29,CO,3674962,1405,True,No festivo,False,False,True,27.47,44088.62,43200.0,True,05001,MEDELLÍN,05,ANTIOQUIA,2025,True,18.0,academic_illustration,True,noche,True,7.630555555555555,12.24683888888889,12.0,0.5,0.0,True,COMPLETE
5,5872,2025-09-02T15:00:00-05:00,Medellin,6.2442,-75.5812,27.3,44.0,0.1,8.5,133.34,True,40912,2025,9,2,15,,VALID,False,,False,False,False,False,False,1.83103614989,0.903563059091,0.44,0.0953101798043,America/Bogota,2025-09-02T20:00:00+00:00,2025-09-02,CO,3674962,1405,True,No festivo,False,False,True,21.37,44009.59,41107.87,True,05001,MEDELLÍN,05,ANTIOQUIA,2025,True,18.0,academic_illustration,True,tarde,True,5.936111111111111,12.22488611111111,11.41885277777778,9.3,0.0,True,COMPLETE
5,5887,2025-09-03T06:00:00-05:00,Medellin,6.2442,-75.5812,16.4,100.0,0.0,2.8,121.43,True,40927,2025,9,3,6,,VALID,False,,False,False,False,False,False,-1.19885917196,-0.100453528461,1.0,0.0,America/Bogota,2025-09-03T11:00:00+00:00,2025-09-03,CO,3674962,1405,True,No festivo,False,False,True,21.64,43989.85,41089.9,True,05001,MEDELLÍN,05,ANTIOQUIA,2025,True,18.0,academic_illustration,True,manana,True,6.011111111111111,12.219402777777777,11.413861111111112,0.0,1.6000000000000014,True,COMPLETE
5,5896,2025-09-03T15:00:00-05:00,Medellin,6.2442,-75.5812,25.8,50.0,0.0,10.7,115.01,True,40936,2025,9,3,15,,VALID,True,wind_speed_kmh,False,False,False,True,False,1.41407807807,-0.641661462306,0.5,0.0,America/Bogota,2025-09-03T20:00:00+00:00,2025-09-03,CO,3674962,1405,True,No festivo,False,False,True,21.64,43989.85,41089.9,True,05001,MEDELLÍN,05,ANTIOQUIA,2025,True,18.0,academic_illustration,True,tarde,True,6.011111111111111,12.219402777777777,11.413861111111112,7.800000000000001,0.0,True,COMPLETE
5,5898,2025-09-03T17:00:00-05:00,Medellin,6.2442,-75.5812,24.5,58.0,0.0,7.4,123.68,True,40938,2025,9,3,17,,VALID,False,,False,False,False,False,False,1.05271441583,0.0892221492881,0.58,0.0,America/Bogota,2025-09-03T22:00:00+00:00,2025-09-03,CO,3674962,1405,True,No festivo,False,False,True,21.64,43989.85,41089.9,True,05001,MEDELLÍN,05,ANTIOQUIA,2025,True,18.0,academic_illustration,True,tarde,True,6.011111111111111,12.219402777777777,11.413861111111112,6.5,0.0,True,COMPLETE
5,5919,2025-09-04T14:00:00-05:00,Medellin,6.2442,-75.5812,27.1,44.0,0.0,6.5,121.09,True,40959,2025,9,4,14,,VALID,False,,False,False,False,False,False,1.77544174031,-0.129115630877,0.44,0.0,America/Bogota,2025-09-04T19:00:00+00:00,2025-09-04,CO,3674962,1405,True,No festivo,False,False,True,15.33,43970.11,24462.25,True,05001,MEDELLÍN,05,ANTIOQUIA,2025,True,18.0,academic_illustration,True,tarde,True,4.258333333333333,12.213919444444445,6.795069444444445,9.100000000000001,0.0,True,COMPLETE
5,5934,2025-09-05T05:00:00-05:00,Medellin,6.2442,-75.5812,16.2,100.0,0.0,2.8,119.45,True,40974,2025,9,5,5,,VALID,False,,False,False,False,False,False,-1.25445358154,-0.26736812488,1.0,0.0,America/Bogota,2025-09-05T10:00:00+00:00,2025-09-05,CO,3674962,1405,True,No festivo,False,False,True,21.2,43950.22,31714.24,True,05001,MEDELLÍN,05,ANTIOQUIA,2025,True,18.0,academic_illustration,True,madrugada,True,5.888888888888888,12.208394444444444,8.809511111111112,0.0,1.8000000000000007,True,COMPLETE
5,5978,2025-09-07T01:00:00-05:00,Medellin,6.2442,-75.5812,18.0,99.0,0.9,5.3,113.82,True,41018,2025,9,7,1,,VALID,True,precipitation_mm,False,False,True,False,False,-0.754103895362,-0.74197882076,0.99,0.641853886172,America/Bogota,2025-09-07T06:00:00+00:00,2025-09-07,CO,3674962,1405,True,No festivo,False,True,True,19.42,43910.07,37601.35,True,05001,MEDELLÍN,05,ANTIOQUIA,2025,True,18.0,academic_illustration,True,madrugada,True,5.394444444444445,12.197241666666667,10.444819444444445,0.0,0.0,False,COMPLETE
5,6031,2025-09-09T06:00:00-05:00,Medellin,6.2442,-75.5812,16.1,100.0,0.0,2.7,121.81,True,41071,2025,9,9,6,,VALID,False,,False,False,False,False,False,-1.28225078633,-0.0684194139968,1.0,0.0,America/Bogota,2025-09-09T11:00:00+00:00,2025-09-09,CO,3674962,1405,True,No festivo,False,False,True,26.94,43869.5,43200.0,True,05001,MEDELLÍN,05,ANTIOQUIA,2025,True,18.0,academic_illustration,True,manana,True,7.483333333333333,12.185972222222222,12.0,0.0,1.8999999999999986,True,COMPLETE
5,6046,2025-09-09T21:00:00-05:00,Medellin,6.2442,-75.5812,19.5,87.0,0.0,3.3,142.23,True,41086,2025,9,9,21,,VALID,False,,False,False,False,False,False,-0.337145823547,1.65299273695,0.87,0.0,America/Bogota,2025-09-10T02:00:00+00:00,2025-09-09,CO,3674962,1405,True,No festivo,False,False,True,26.94,43869.5,43200.0,True,05001,MEDELLÍN,05,ANTIOQUIA,2025,True,18.0,academic_illustration,True,noche,True,7.483333333333333,12.185972222222222,12.0,1.5,0.0,True,COMPLETE
5,6092,2025-09-11T19:00:00-05:00,Medellin,6.2442,-75.5812,19.5,92.0,1.3,3.8,134.33,True,41132,2025,9,11,19,,VALID,True,precipitation_mm,False,False,True,False,False,-0.337145823547,0.987020357301,0.92,0.832909122935,America/Bogota,2025-09-12T00:00:00+00:00,2025-09-11,CO,3674962,1405,True,No festivo,False,False,True,24.89,43828.63,38802.97,True,05001,MEDELLÍN,05,ANTIOQUIA,2025,True,18.0,academic_illustration,True,noche,True,6.913888888888889,12.174619444444444,10.778602777777778,1.5,0.0,True,COMPLETE
5,6123,2025-09-13T02:00:00-05:00,Medellin,6.2442,-75.5812,18.2,100.0,0.0,3.5,121.76,True,41163,2025,9,13,2,,VALID,False,,False,False,False,False,False,-0.698509485787,-0.0726344290579,1.0,0.0,America/Bogota,2025-09-13T07:00:00+00:00,2025-09-13,CO,3674962,1405,True,No festivo,False,True,True,25.59,43787.56,43150.0,True,05001,MEDELLÍN,05,ANTIOQUIA,2025,True,18.0,academic_illustration,True,madrugada,True,7.108333333333333,12.16321111111111,11.98611111111111,0.1999999999999993,0.0,False,COMPLETE
5,6125,2025-09-13T04:00:00-05:00,Medellin,6.2442,-75.5812,17.2,100.0,0.0,2.4,116.23,True,41165,2025,9,13,4,,VALID,False,,False,False,False,False,False,-0.976481533663,-0.538815094815,1.0,0.0,America/Bogota,2025-09-13T09:00:00+00:00,2025-09-13,CO,3674962,1405,True,No festivo,False,True,True,25.59,43787.56,43150.0,True,05001,MEDELLÍN,05,ANTIOQUIA,2025,True,18.0,academic_illustration,True,madrugada,True,7.108333333333333,12.16321111111111,11.98611111111111,0.0,0.8000000000000007,False,COMPLETE
5,6161,2025-09-14T16:00:00-05:00,Medellin,6.2442,-75.5812,27.5,44.0,0.1,8.4,120.84,True,41201,2025,9,14,16,,VALID,False,,False,False,False,False,False,1.88663055946,-0.150190706182,0.44,0.0953101798043,America/Bogota,2025-09-14T21:00:00+00:00,2025-09-14,CO,3674962,1405,True,No festivo,False,True,True,26.65,43766.99,43117.77,True,05001,MEDELLÍN,05,ANTIOQUIA,2025,True,18.0,academic_illustration,True,tarde,True,7.402777777777777,12.157497222222222,11.977158333333332,9.5,0.0,False,COMPLETE
5,6173,2025-09-15T04:00:00-05:00,Medellin,6.2442,-75.5812,17.8,99.0,0.0,4.5,115.1,True,41213,2025,9,15,4,,VALID,False,,False,False,False,False,False,-0.809698304937,-0.634074435196,0.99,0.0,America/Bogota,2025-09-15T09:00:00+00:00,2025-09-15,CO,3674962,1405,True,No festivo,False,False,True,25.65,43746.41,43085.53,True,05001,MEDELLÍN,05,ANTIOQUIA,2025,True,18.0,academic_illustration,True,madrugada,True,7.124999999999999,12.151780555555556,11.968202777777778,0.0,0.1999999999999993,True,COMPLETE
5,6223,2025-09-17T06:00:00-05:00,Medellin,6.2442,-75.5812,16.7,99.0,0.0,0.8,118.87,True,41263,2025,9,17,6,,VALID,False,,False,False,False,False,False,-1.1154675576,-0.316262299589,0.99,0.0,America/Bogota,2025-09-17T11:00:00+00:00,2025-09-17,CO,3674962,1405,True,No festivo,False,False,True,19.47,43705.27,37056.8,True,05001,MEDELLÍN,05,ANTIOQUIA,2025,True,18.0,academic_illustration,True,manana,True,5.408333333333333,12.140352777777776,10.293555555555557,0.0,1.3000000000000007,True,COMPLETE
5,6263,2025-09-18T22:00:00-05:00,Medellin,6.2442,-75.5812,17.2,100.0,0.0,0.6,116.02,True,41303,2025,9,18,22,,VALID,False,,False,False,False,False,False,-0.976481533663,-0.556518158071,1.0,0.0,America/Bogota,2025-09-19T03:00:00+00:00,2025-09-18,CO,3674962,1405,True,No festivo,False,False,True,13.25,43684.74,23098.51,True,05001,MEDELLÍN,05,ANTIOQUIA,2025,True,18.0,academic_illustration,True,noche,True,3.6805555555555554,12.134649999999999,6.416252777777777,0.0,0.8000000000000007,True,COMPLETE
5,6281,2025-09-19T16:00:00-05:00,Medellin,6.2442,-75.5812,21.8,80.0,0.1,1.2,113.49,True,41321,2025,9,19,16,,VALID,False,,False,False,False,False,False,0.302189886568,-0.769797920163,0.8,0.0953101798043,America/Bogota,2025-09-19T21:00:00+00:00,2025-09-19,CO,3674962,1405,True,No festivo,False,False,True,13.1,43664.25,27148.54,True,05001,MEDELLÍN,05,ANTIOQUIA,2025,True,18.0,academic_illustration,True,tarde,True,3.638888888888889,12.128958333333333,7.541261111111111,3.8000000000000007,0.0,True,COMPLETE
5,6286,2025-09-19T21:00:00-05:00,Medellin,6.2442,-75.5812,18.8,97.0,0.2,2.0,135.01,True,41326,2025,9,19,21,,VALID,False,,False,False,False,False,False,-0.531726257061,1.04434456213,0.97,0.182321556794,America/Bogota,2025-09-20T02:00:00+00:00,2025-09-19,CO,3674962,1405,True,No festivo,False,False,True,13.1,43664.25,27148.54,True,05001,MEDELLÍN,05,ANTIOQUIA,2025,True,18.0,academic_illustration,True,noche,True,3.638888888888889,12.128958333333333,7.541261111111111,0.8000000000000007,0.0,True,COMPLETE
5,6460,2025-09-27T03:00:00-05:00,Medellin,6.2442,-75.5812,17.5,99.0,0.0,3.7,122.73,True,41500,2025,9,27,3,,VALID,False,,False,False,False,False,False,-0.8930899193,0.00913686312729,0.99,0.0,America/Bogota,2025-09-27T08:00:00+00:00,2025-09-27,CO,3674962,1405,True,No festivo,False,True,True,20.43,43501.98,38238.7,True,05001,MEDELLÍN,05,ANTIOQUIA,2025,True,18.0,academic_illustration,True,madrugada,True,5.675,12.083883333333334,10.62186111111111,0.0,0.5,False,COMPLETE
5,6539,2025-09-30T10:00:00-05:00,Medellin,6.2442,-75.5812,21.9,76.0,0.1,4.5,108.93,True,41579,2025,9,30,10,,VALID,False,,False,False,False,False,False,0.329987091356,-1.15420729373,0.76,0.0953101798043,America/Bogota,2025-09-30T15:00:00+00:00,2025-09-30,CO,3674962,1405,True,No festivo,False,False,True,10.25,43440.76,11138.95,True,05001,MEDELLÍN,05,ANTIOQUIA,2025,True,18.0,academic_illustration,True,manana,True,2.8472222222222223,12.066877777777778,3.094152777777778,3.8999999999999986,0.0,True,COMPLETE
5,6634,2025-10-04T09:00:00-05:00,Medellin,6.2442,-75.5812,22.9,69.0,0.0,4.8,119.64,True,41674,2025,10,4,9,,VALID,False,,False,False,False,False,False,0.607959139232,-0.251351067648,0.69,0.0,America/Bogota,2025-10-04T14:00:00+00:00,2025-10-04,CO,3674962,1405,True,No festivo,False,True,True,19.08,43359.21,31868.93,True,05001,MEDELLÍN,05,ANTIOQUIA,2025,True,18.0,academic_illustration,True,manana,True,5.3,12.044224999999999,8.852480555555555,4.899999999999999,0.0,False,COMPLETE
5,6654,2025-10-05T05:00:00-05:00,Medellin,6.2442,-75.5812,18.0,98.0,0.0,4.2,110.22,True,41694,2025,10,5,5,,VALID,False,,False,False,False,False,False,-0.754103895362,-1.04545990516,0.98,0.0,America/Bogota,2025-10-05T10:00:00+00:00,2025-10-05,CO,3674962,1405,True,No festivo,False,True,True,22.0,43338.93,39600.0,True,05001,MEDELLÍN,05,ANTIOQUIA,2025,True,18.0,academic_illustration,True,madrugada,True,6.111111111111111,12.038591666666667,11.0,0.0,0.0,False,COMPLETE
5,6718,2025-10-07T21:00:00-05:00,Medellin,6.2442,-75.5812,18.2,97.0,0.0,0.7,147.15,True,41758,2025,10,7,21,,VALID,False,,False,False,False,False,False,-0.698509485787,2.06775021897,0.97,0.0,America/Bogota,2025-10-08T02:00:00+00:00,2025-10-07,CO,3674962,1405,True,No festivo,False,False,True,23.19,43298.58,39600.0,True,05001,MEDELLÍN,05,ANTIOQUIA,2025,True,18.0,academic_illustration,True,noche,True,6.441666666666666,12.027383333333335,11.0,0.1999999999999993,0.0,True,COMPLETE
5,6727,2025-10-08T06:00:00-05:00,Medellin,6.2442,-75.5812,17.4,98.0,0.0,2.0,124.12,True,41767,2025,10,8,6,,VALID,False,,False,False,False,False,False,-0.920887124088,0.126314281826,0.98,0.0,America/Bogota,2025-10-08T11:00:00+00:00,2025-10-08,CO,3674962,1405,True,No festivo,False,False,True,20.52,43278.54,31084.99,True,05001,MEDELLÍN,05,ANTIOQUIA,2025,True,18.0,academic_illustration,True,manana,True,5.7,12.021816666666666,8.634719444444444,0.0,0.6000000000000014,True,COMPLETE
5,6803,2025-10-11T10:00:00-05:00,Medellin,6.2442,-75.5812,22.9,67.0,0.0,2.2,110.8,True,41843,2025,10,11,10,,VALID,False,,False,False,False,False,False,0.607959139232,-0.99656573045,0.67,0.0,America/Bogota,2025-10-11T15:00:00+00:00,2025-10-11,CO,3674962,1405,True,No festivo,False,True,True,18.06,43219.15,36279.22,True,05001,MEDELLÍN,05,ANTIOQUIA,2025,True,18.0,academic_illustration,True,manana,True,5.016666666666667,12.005319444444444,10.07756111111111,4.899999999999999,0.0,False,COMPLETE
5,6828,2025-10-12T11:00:00-05:00,Medellin,6.2442,-75.5812,22.1,73.0,0.2,4.2,96.17,True,41868,2025,10,12,11,,VALID,False,,False,False,False,False,False,0.385581500931,-2.22987913733,0.73,0.182321556794,America/Bogota,2025-10-12T16:00:00+00:00,2025-10-12,CO,3674962,1405,True,No festivo,False,True,True,9.14,43199.65,6297.14,True,05001,MEDELLÍN,05,ANTIOQUIA,2025,True,18.0,academic_illustration,True,manana,True,2.538888888888889,11.999902777777779,1.7492055555555557,4.100000000000001,0.0,False,COMPLETE
5,6853,2025-10-13T12:00:00-05:00,Medellin,6.2442,-75.5812,23.2,68.0,0.1,1.9,111.94,True,41893,2025,10,13,12,,VALID,False,,False,False,False,False,False,0.691350753595,-0.900463387057,0.68,0.0953101798043,America/Bogota,2025-10-13T17:00:00+00:00,2025-10-13,CO,3674962,1405,True,Día de la Raza,True,False,True,18.41,43180.31,36844.48,True,05001,MEDELLÍN,05,ANTIOQUIA,2025,True,18.0,academic_illustration,True,tarde,True,5.113888888888889,11.994530555555555,10.234577777777778,5.199999999999999,0.0,False,COMPLETE
5,6903,2025-10-15T14:00:00-05:00,Medellin,6.2442,-75.5812,20.3,82.0,0.0,3.3,108.67,True,41943,2025,10,15,14,,VALID,False,,False,False,False,False,False,-0.114768185246,-1.17612537205,0.82,0.0,America/Bogota,2025-10-15T19:00:00+00:00,2025-10-15,CO,3674962,1405,True,No festivo,False,False,True,14.14,43141.87,25261.6,True,05001,MEDELLÍN,05,ANTIOQUIA,2025,True,18.0,academic_illustration,True,tarde,True,3.927777777777778,11.983852777777779,7.01711111111111,2.3000000000000007,0.0,True,COMPLETE
5,6908,2025-10-15T19:00:00-05:00,Medellin,6.2442,-75.5812,19.4,92.0,0.1,0.4,143.21,True,41948,2025,10,15,19,,VALID,False,,False,False,False,False,False,-0.364943028335,1.73560703215,0.92,0.0953101798043,America/Bogota,2025-10-16T00:00:00+00:00,2025-10-15,CO,3674962,1405,True,No festivo,False,False,True,14.14,43141.87,25261.6,True,05001,MEDELLÍN,05,ANTIOQUIA,2025,True,18.0,academic_illustration,True,noche,True,3.927777777777778,11.983852777777779,7.01711111111111,1.3999999999999986,0.0,True,COMPLETE
5,6920,2025-10-16T07:00:00-05:00,Medellin,6.2442,-75.5812,17.9,94.0,0.0,3.9,125.52,True,41960,2025,10,16,7,,VALID,False,,False,False,False,False,False,-0.781901100149,0.244334703536,0.94,0.0,America/Bogota,2025-10-16T12:00:00+00:00,2025-10-16,CO,3674962,1405,True,No festivo,False,False,True,17.02,43122.64,31568.72,True,05001,MEDELLÍN,05,ANTIOQUIA,2025,True,18.0,academic_illustration,True,manana,True,4.727777777777778,11.97851111111111,8.76908888888889,0.0,0.10000000000000142,True,COMPLETE
5,6935,2025-10-16T22:00:00-05:00,Medellin,6.2442,-75.5812,17.4,100.0,0.0,2.1,126.06,True,41975,2025,10,16,22,,VALID,False,,False,False,False,False,False,-0.920887124088,0.289856866196,1.0,0.0,America/Bogota,2025-10-17T03:00:00+00:00,2025-10-16,CO,3674962,1405,True,No festivo,False,False,True,17.02,43122.64,31568.72,True,05001,MEDELLÍN,05,ANTIOQUIA,2025,True,18.0,academic_illustration,True,noche,True,4.727777777777778,11.97851111111111,8.76908888888889,0.0,0.6000000000000014,True,COMPLETE
5,6977,2025-10-18T16:00:00-05:00,Medellin,6.2442,-75.5812,23.0,76.0,2.7,3.1,116.33,True,42017,2025,10,18,16,,VALID,True,precipitation_mm,False,False,True,False,False,0.635756344019,-0.530385064693,0.76,1.30833281965,America/Bogota,2025-10-18T21:00:00+00:00,2025-10-18,CO,3674962,1405,True,No festivo,False,True,True,19.11,43084.22,36474.42,True,05001,MEDELLÍN,05,ANTIOQUIA,2025,True,18.0,academic_illustration,True,tarde,True,5.308333333333333,11.96783888888889,10.131783333333333,5.0,0.0,False,COMPLETE
5,7076,2025-10-22T19:00:00-05:00,Medellin,6.2442,-75.5812,19.6,94.0,0.3,2.4,126.41,True,42116,2025,10,22,19,,VALID,True,precipitation_mm,False,False,True,False,False,-0.30934861876,0.319361971624,0.94,0.262364264467,America/Bogota,2025-10-23T00:00:00+00:00,2025-10-22,CO,3674962,1405,True,No festivo,False,False,True,11.62,43008.0,17437.16,True,05001,MEDELLÍN,05,ANTIOQUIA,2025,True,18.0,academic_illustration,True,noche,True,3.2277777777777774,11.946666666666667,4.843655555555555,1.6000000000000014,0.0,True,COMPLETE
5,7079,2025-10-22T22:00:00-05:00,Medellin,6.2442,-75.5812,17.2,100.0,0.0,2.1,112.54,True,42119,2025,10,22,22,,VALID,False,,False,False,False,False,False,-0.976481533663,-0.849883206324,1.0,0.0,America/Bogota,2025-10-23T03:00:00+00:00,2025-10-22,CO,3674962,1405,True,No festivo,False,False,True,11.62,43008.0,17437.16,True,05001,MEDELLÍN,05,ANTIOQUIA,2025,True,18.0,academic_illustration,True,noche,True,3.2277777777777774,11.946666666666667,4.843655555555555,0.0,0.8000000000000007,True,COMPLETE
5,7092,2025-10-23T11:00:00-05:00,Medellin,6.2442,-75.5812,26.2,63.0,0.1,4.4,107.13,True,42132,2025,10,23,11,,VALID,False,,False,False,False,False,False,1.52526689722,-1.30594783593,0.63,0.0953101798043,America/Bogota,2025-10-23T16:00:00+00:00,2025-10-23,CO,3674962,1405,True,No festivo,False,False,True,16.69,42989.17,31247.71,True,05001,MEDELLÍN,05,ANTIOQUIA,2025,True,18.0,academic_illustration,True,manana,True,4.636111111111111,11.941436111111111,8.679919444444444,8.2,0.0,True,COMPLETE
5,7156,2025-10-26T03:00:00-05:00,Medellin,6.2442,-75.5812,17.1,100.0,0.1,0.2,123.17,True,42196,2025,10,26,3,,VALID,False,,False,False,False,False,False,-1.00427873845,0.0462289956649,1.0,0.0953101798043,America/Bogota,2025-10-26T08:00:00+00:00,2025-10-26,CO,3674962,1405,True,No festivo,False,True,True,17.44,42933.49,34655.99,True,05001,MEDELLÍN,05,ANTIOQUIA,2025,True,18.0,academic_illustration,True,madrugada,True,4.844444444444445,11.925969444444444,9.626663888888888,0.0,0.8999999999999986,False,COMPLETE
5,7162,2025-10-26T09:00:00-05:00,Medellin,6.2442,-75.5812,23.6,74.0,0.0,1.8,130.97,True,42202,2025,10,26,9,,VALID,False,,False,False,False,False,False,0.802539572745,0.703771345195,0.74,0.0,America/Bogota,2025-10-26T14:00:00+00:00,2025-10-26,CO,3674962,1405,True,No festivo,False,True,True,17.44,42933.49,34655.99,True,05001,MEDELLÍN,05,ANTIOQUIA,2025,True,18.0,academic_illustration,True,manana,True,4.844444444444445,11.925969444444444,9.626663888888888,5.600000000000001,0.0,False,COMPLETE
5,7170,2025-10-26T17:00:00-05:00,Medellin,6.2442,-75.5812,22.5,78.0,0.0,4.9,120.75,True,42210,2025,10,26,17,,VALID,False,,False,False,False,False,False,0.496770320081,-0.157777733292,0.78,0.0,America/Bogota,2025-10-26T22:00:00+00:00,2025-10-26,CO,3674962,1405,True,No festivo,False,True,True,17.44,42933.49,34655.99,True,05001,MEDELLÍN,05,ANTIOQUIA,2025,True,18.0,academic_illustration,True,tarde,True,4.844444444444445,11.925969444444444,9.626663888888888,4.5,0.0,False,COMPLETE
5,7215,2025-10-28T14:00:00-05:00,Medellin,6.2442,-75.5812,24.1,71.0,3.8,6.6,110.11,True,42255,2025,10,28,14,,VALID,True,precipitation_mm,False,False,True,False,False,0.941525596683,-1.05473293829,0.71,1.56861591791,America/Bogota,2025-10-28T19:00:00+00:00,2025-10-28,CO,3674962,1405,True,No festivo,False,False,True,18.57,42897.21,36203.61,True,05001,MEDELLÍN,05,ANTIOQUIA,2025,True,18.0,academic_illustration,True,tarde,True,5.158333333333333,11.915891666666667,10.056558333333333,6.100000000000001,0.0,True,COMPLETE
5,7247,2025-10-29T22:00:00-05:00,Medellin,6.2442,-75.5812,19.5,96.0,0.0,2.0,106.64,True,42287,2025,10,29,22,,VALID,False,,False,False,False,False,False,-0.337145823547,-1.34725498353,0.96,0.0,America/Bogota,2025-10-30T03:00:00+00:00,2025-10-29,CO,3674962,1405,True,No festivo,False,False,True,20.17,42879.37,36255.19,True,05001,MEDELLÍN,05,ANTIOQUIA,2025,True,18.0,academic_illustration,True,noche,True,5.602777777777778,11.910936111111113,10.070886111111111,1.5,0.0,True,COMPLETE
5,7336,2025-11-02T15:00:00-05:00,Medellin,6.2442,-75.5812,27.7,45.0,0.0,8.1,127.38,True,42376,2025,11,2,15,,VALID,False,,False,False,False,False,False,1.94222496904,0.401133263809,0.45,0.0,America/Bogota,2025-11-02T20:00:00+00:00,2025-11-02,CO,3674962,1405,True,No festivo,False,True,True,15.07,42810.47,22414.61,True,05001,MEDELLÍN,05,ANTIOQUIA,2025,True,18.0,academic_illustration,True,tarde,True,4.186111111111111,11.891797222222223,6.226280555555555,9.7,0.0,False,COMPLETE
5,7351,2025-11-03T06:00:00-05:00,Medellin,6.2442,-75.5812,17.5,100.0,1.4,0.2,126.35,True,42391,2025,11,3,6,,VALID,True,precipitation_mm,False,False,True,False,False,-0.8930899193,0.31430395355,1.0,0.875468737354,America/Bogota,2025-11-03T11:00:00+00:00,2025-11-03,CO,3674962,1405,True,Dia de los Santos,True,False,True,15.78,42793.89,30251.11,True,05001,MEDELLÍN,05,ANTIOQUIA,2025,True,18.0,academic_illustration,True,manana,True,4.383333333333333,11.887191666666666,8.403086111111111,0.0,0.5,False,COMPLETE
5,7360,2025-11-03T15:00:00-05:00,Medellin,6.2442,-75.5812,23.0,78.0,0.1,3.8,115.46,True,42400,2025,11,3,15,,VALID,False,,False,False,False,False,False,0.635756344019,-0.603726326756,0.78,0.0953101798043,America/Bogota,2025-11-03T20:00:00+00:00,2025-11-03,CO,3674962,1405,True,Dia de los Santos,True,False,True,15.78,42793.89,30251.11,True,05001,MEDELLÍN,05,ANTIOQUIA,2025,True,18.0,academic_illustration,True,tarde,True,4.383333333333333,11.887191666666666,8.403086111111111,5.0,0.0,False,COMPLETE
5,7362,2025-11-03T17:00:00-05:00,Medellin,6.2442,-75.5812,22.3,77.0,0.0,2.7,108.25,True,42402,2025,11,3,17,,VALID,False,,False,False,False,False,False,0.441175910506,-1.21153149857,0.77,0.0,America/Bogota,2025-11-03T22:00:00+00:00,2025-11-03,CO,3674962,1405,True,Dia de los Santos,True,False,True,15.78,42793.89,30251.11,True,05001,MEDELLÍN,05,ANTIOQUIA,2025,True,18.0,academic_illustration,True,tarde,True,4.383333333333333,11.887191666666666,8.403086111111111,4.300000000000001,0.0,False,COMPLETE
5,7383,2025-11-04T14:00:00-05:00,Medellin,6.2442,-75.5812,24.4,60.0,0.3,4.2,114.58,True,42423,2025,11,4,14,,VALID,True,precipitation_mm,False,False,True,False,False,1.02491721105,-0.677910591831,0.6,0.262364264467,America/Bogota,2025-11-04T19:00:00+00:00,2025-11-04,CO,3674962,1405,True,No festivo,False,False,True,18.23,42777.41,29519.78,True,05001,MEDELLÍN,05,ANTIOQUIA,2025,True,18.0,academic_illustration,True,tarde,True,5.063888888888889,11.88261388888889,8.199938888888889,6.399999999999999,0.0,True,COMPLETE
5,7398,2025-11-05T05:00:00-05:00,Medellin,6.2442,-75.5812,17.0,100.0,0.1,3.7,123.68,True,42438,2025,11,5,5,,VALID,False,,False,False,False,False,False,-1.03207594324,0.0892221492881,1.0,0.0953101798043,America/Bogota,2025-11-05T10:00:00+00:00,2025-11-05,CO,3674962,1405,True,No festivo,False,False,True,14.76,42761.03,30104.51,True,05001,MEDELLÍN,05,ANTIOQUIA,2025,True,18.0,academic_illustration,True,madrugada,True,4.1,11.878063888888889,8.362363888888888,0.0,1.0,True,COMPLETE
5,7442,2025-11-07T01:00:00-05:00,Medellin,6.2442,-75.5812,18.7,98.0,0.0,4.0,113.0,True,42482,2025,11,7,1,,VALID,False,,False,False,False,False,False,-0.559523461848,-0.811105067761,0.98,0.0,America/Bogota,2025-11-07T06:00:00+00:00,2025-11-07,CO,3674962,1405,True,No festivo,False,False,True,20.45,42728.64,39600.0,True,05001,MEDELLÍN,05,ANTIOQUIA,2025,True,18.0,academic_illustration,True,madrugada,True,5.680555555555555,11.869066666666667,11.0,0.6999999999999993,0.0,True,COMPLETE
5,7495,2025-11-09T06:00:00-05:00,Medellin,6.2442,-75.5812,17.1,100.0,0.0,1.8,111.68,True,42535,2025,11,9,6,,VALID,False,,False,False,False,False,False,-1.00427873845,-0.922381465374,1.0,0.0,America/Bogota,2025-11-09T11:00:00+00:00,2025-11-09,CO,3674962,1405,True,No festivo,False,True,True,20.49,42696.87,38002.6,True,05001,MEDELLÍN,05,ANTIOQUIA,2025,True,18.0,academic_illustration,True,manana,True,5.691666666666666,11.860241666666667,10.556277777777778,0.0,0.8999999999999986,False,COMPLETE
5,7510,2025-11-09T21:00:00-05:00,Medellin,6.2442,-75.5812,19.7,96.0,0.2,2.0,136.88,True,42550,2025,11,9,21,,VALID,False,,False,False,False,False,False,-0.281551413972,1.20198612542,0.96,0.182321556794,America/Bogota,2025-11-10T02:00:00+00:00,2025-11-09,CO,3674962,1405,True,No festivo,False,True,True,20.49,42696.87,38002.6,True,05001,MEDELLÍN,05,ANTIOQUIA,2025,True,18.0,academic_illustration,True,noche,True,5.691666666666666,11.860241666666667,10.556277777777778,1.6999999999999993,0.0,False,COMPLETE
5,7556,2025-11-11T19:00:00-05:00,Medellin,6.2442,-75.5812,20.0,93.0,0.0,0.8,142.78,True,42596,2025,11,11,19,,VALID,False,,False,False,False,False,False,-0.198159799609,1.69935790263,0.93,0.0,America/Bogota,2025-11-12T00:00:00+00:00,2025-11-11,CO,3674962,1405,True,No festivo,False,False,True,19.29,42665.85,38186.56,True,05001,MEDELLÍN,05,ANTIOQUIA,2025,True,18.0,academic_illustration,True,noche,True,5.358333333333333,11.851625,10.607377777777778,2.0,0.0,True,COMPLETE
5,7587,2025-11-13T02:00:00-05:00,Medellin,6.2442,-75.5812,17.5,99.0,0.1,1.3,121.69,True,42627,2025,11,13,2,,VALID,False,,False,False,False,False,False,-0.8930899193,-0.0785354501434,0.99,0.0953101798043,America/Bogota,2025-11-13T07:00:00+00:00,2025-11-13,CO,3674962,1405,True,No festivo,False,False,True,17.06,42635.74,32153.51,True,05001,MEDELLÍN,05,ANTIOQUIA,2025,True,18.0,academic_illustration,True,madrugada,True,4.738888888888888,11.84326111111111,8.931530555555556,0.0,0.5,True,COMPLETE
5,7589,2025-11-13T04:00:00-05:00,Medellin,6.2442,-75.5812,17.4,100.0,0.0,2.0,110.62,True,42629,2025,11,13,4,,VALID,False,,False,False,False,False,False,-0.920887124088,-1.01173978467,1.0,0.0,America/Bogota,2025-11-13T09:00:00+00:00,2025-11-13,CO,3674962,1405,True,No festivo,False,False,True,17.06,42635.74,32153.51,True,05001,MEDELLÍN,05,ANTIOQUIA,2025,True,18.0,academic_illustration,True,madrugada,True,4.738888888888888,11.84326111111111,8.931530555555556,0.0,0.6000000000000014,True,COMPLETE
5,7625,2025-11-14T16:00:00-05:00,Medellin,6.2442,-75.5812,23.4,71.0,0.1,3.1,107.69,True,42665,2025,11,14,16,,VALID,False,,False,False,False,False,False,0.74694516317,-1.25873966725,0.71,0.0953101798043,America/Bogota,2025-11-14T21:00:00+00:00,2025-11-14,CO,3674962,1405,True,No festivo,False,False,True,12.69,42621.07,26622.37,True,05001,MEDELLÍN,05,ANTIOQUIA,2025,True,18.0,academic_illustration,True,tarde,True,3.525,11.839186111111111,7.395102777777778,5.399999999999999,0.0,True,COMPLETE
5,7637,2025-11-15T04:00:00-05:00,Medellin,6.2442,-75.5812,16.1,99.0,0.0,1.8,130.49,True,42677,2025,11,15,4,,VALID,False,,False,False,False,False,False,-1.28225078633,0.663307200609,0.99,0.0,America/Bogota,2025-11-15T09:00:00+00:00,2025-11-15,CO,3674962,1405,True,No festivo,False,True,True,11.25,42606.69,23123.28,True,05001,MEDELLÍN,05,ANTIOQUIA,2025,True,18.0,academic_illustration,True,madrugada,True,3.125,11.835191666666667,6.423133333333333,0.0,1.8999999999999986,False,COMPLETE
5,7687,2025-11-17T06:00:00-05:00,Medellin,6.2442,-75.5812,17.2,99.0,0.2,3.6,119.48,True,42727,2025,11,17,6,,VALID,False,,False,False,False,False,False,-0.976481533663,-0.264839115844,0.99,0.182321556794,America/Bogota,2025-11-17T11:00:00+00:00,2025-11-17,CO,3674962,1405,True,Independencia de Cartagena,True,False,True,13.29,42578.83,26978.85,True,05001,MEDELLÍN,05,ANTIOQUIA,2025,True,18.0,academic_illustration,True,manana,True,3.6916666666666664,11.82745277777778,7.4941249999999995,0.0,0.8000000000000007,False,COMPLETE
5,7727,2025-11-18T22:00:00-05:00,Medellin,6.2442,-75.5812,18.3,97.0,0.0,2.4,114.84,True,42767,2025,11,18,22,,VALID,False,,False,False,False,False,False,-0.670712280999,-0.655992513513,0.97,0.0,America/Bogota,2025-11-19T03:00:00+00:00,2025-11-18,CO,3674962,1405,True,No festivo,False,False,True,19.56,42565.41,36000.0,True,05001,MEDELLÍN,05,ANTIOQUIA,2025,True,18.0,academic_illustration,True,noche,True,5.433333333333333,11.823725000000001,10.0,0.3000000000000007,0.0,True,COMPLETE
5,7745,2025-11-19T16:00:00-05:00,Medellin,6.2442,-75.5812,22.5,74.0,0.3,1.0,97.29,True,42785,2025,11,19,16,,VALID,True,precipitation_mm,False,False,True,False,False,0.496770320081,-2.13546279996,0.74,0.262364264467,America/Bogota,2025-11-19T21:00:00+00:00,2025-11-19,CO,3674962,1405,True,No festivo,False,False,True,11.94,42552.35,24374.17,True,05001,MEDELLÍN,05,ANTIOQUIA,2025,True,18.0,academic_illustration,True,tarde,True,3.3166666666666664,11.820097222222222,6.7706027777777775,4.5,0.0,True,COMPLETE
5,7750,2025-11-19T21:00:00-05:00,Medellin,6.2442,-75.5812,18.7,94.0,0.0,0.7,135.87,True,42790,2025,11,19,21,,VALID,False,,False,False,False,False,False,-0.559523461848,1.11684282118,0.94,0.0,America/Bogota,2025-11-20T02:00:00+00:00,2025-11-19,CO,3674962,1405,True,No festivo,False,False,True,11.94,42552.35,24374.17,True,05001,MEDELLÍN,05,ANTIOQUIA,2025,True,18.0,academic_illustration,True,noche,True,3.3166666666666664,11.820097222222222,6.7706027777777775,0.6999999999999993,0.0,True,COMPLETE
5,7924,2025-11-27T03:00:00-05:00,Medellin,6.2442,-75.5812,17.7,97.0,0.0,0.6,107.29,True,42964,2025,11,27,3,,VALID,False,,False,False,False,False,False,-0.837495509725,-1.29245978774,0.97,0.0,America/Bogota,2025-11-27T08:00:00+00:00,2025-11-27,CO,3674962,1405,True,No festivo,False,False,True,13.74,42460.92,27927.23,True,05001,MEDELLÍN,05,ANTIOQUIA,2025,True,18.0,academic_illustration,True,madrugada,True,3.8166666666666664,11.794699999999999,7.757563888888889,0.0,0.3000000000000007,True,COMPLETE
5,8003,2025-11-30T10:00:00-05:00,Medellin,6.2442,-75.5812,23.4,71.0,0.2,2.9,119.26,True,43043,2025,11,30,10,,VALID,False,,False,False,False,False,False,0.74694516317,-0.283385182113,0.71,0.182321556794,America/Bogota,2025-11-30T15:00:00+00:00,2025-11-30,CO,3674962,1405,True,No festivo,False,True,True,15.5,42431.83,34468.44,True,05001,MEDELLÍN,05,ANTIOQUIA,2025,True,18.0,academic_illustration,True,manana,True,4.305555555555555,11.786619444444446,9.574566666666668,5.399999999999999,0.0,False,COMPLETE
5,8098,2025-12-04T09:00:00-05:00,Medellin,6.2442,-75.5812,21.7,78.0,0.2,1.5,123.8,True,43138,2025,12,4,9,,VALID,False,,False,False,False,False,False,0.27439268178,0.0993381854347,0.78,0.182321556794,America/Bogota,2025-12-04T14:00:00+00:00,2025-12-04,CO,3674962,1405,True,No festivo,False,False,True,12.26,42398.04,24143.91,True,05001,MEDELLÍN,05,ANTIOQUIA,2025,True,18.0,academic_illustration,True,manana,True,3.4055555555555554,11.777233333333333,6.706641666666667,3.6999999999999993,0.0,True,COMPLETE
5,8118,2025-12-05T05:00:00-05:00,Medellin,6.2442,-75.5812,16.9,98.0,0.3,1.8,112.0,True,43158,2025,12,5,5,,VALID,True,precipitation_mm,False,False,True,False,False,-1.05987314803,-0.895405368983,0.98,0.262364264467,America/Bogota,2025-12-05T10:00:00+00:00,2025-12-05,CO,3674962,1405,True,No festivo,False,False,True,16.42,42390.58,36708.44,True,05001,MEDELLÍN,05,ANTIOQUIA,2025,True,18.0,academic_illustration,True,madrugada,True,4.561111111111112,11.775161111111112,10.19678888888889,0.0,1.1000000000000014,True,COMPLETE
5,8182,2025-12-07T21:00:00-05:00,Medellin,6.2442,-75.5812,18.2,93.0,0.0,3.0,133.61,True,43222,2025,12,7,21,,VALID,False,,False,False,False,False,False,-0.698509485787,0.926324140421,0.93,0.0,America/Bogota,2025-12-08T02:00:00+00:00,2025-12-07,CO,3674962,1405,True,No festivo,False,True,True,16.3,42376.94,38820.37,True,05001,MEDELLÍN,05,ANTIOQUIA,2025,True,18.0,academic_illustration,True,noche,True,4.527777777777778,11.771372222222222,10.783436111111111,0.1999999999999993,0.0,False,COMPLETE
5,8191,2025-12-08T06:00:00-05:00,Medellin,6.2442,-75.5812,15.2,100.0,0.0,1.0,124.86,True,43231,2025,12,8,6,,VALID,False,,False,False,False,False,False,-1.53242562942,0.18869650473,1.0,0.0,America/Bogota,2025-12-08T11:00:00+00:00,2025-12-08,CO,3674962,1405,True,La Inmaculada Concepción,True,False,True,17.37,42370.8,37820.43,True,05001,MEDELLÍN,05,ANTIOQUIA,2025,True,18.0,academic_illustration,True,manana,True,4.825,11.769666666666668,10.505675,0.0,2.8000000000000007,False,COMPLETE
5,8267,2025-12-11T10:00:00-05:00,Medellin,6.2442,-75.5812,25.0,61.0,0.0,4.9,122.64,True,43307,2025,12,11,10,,VALID,False,,False,False,False,False,False,1.19170043977,0.00154983601733,0.61,0.0,America/Bogota,2025-12-11T15:00:00+00:00,2025-12-11,CO,3674962,1405,True,No festivo,False,False,True,20.08,42355.17,37769.08,True,05001,MEDELLÍN,05,ANTIOQUIA,2025,True,18.0,academic_illustration,True,manana,True,5.5777777777777775,11.765324999999999,10.49141111111111,7.0,0.0,True,COMPLETE
5,8292,2025-12-12T11:00:00-05:00,Medellin,6.2442,-75.5812,23.8,70.0,0.1,4.0,121.88,True,43332,2025,12,12,11,,VALID,False,,False,False,False,False,False,0.85813398232,-0.0625183929113,0.7,0.0953101798043,America/Bogota,2025-12-12T16:00:00+00:00,2025-12-12,CO,3674962,1405,True,No festivo,False,False,True,14.48,42350.96,24122.42,True,05001,MEDELLÍN,05,ANTIOQUIA,2025,True,18.0,academic_illustration,True,manana,True,4.022222222222222,11.764155555555556,6.700672222222222,5.800000000000001,0.0,True,COMPLETE
5,8317,2025-12-13T12:00:00-05:00,Medellin,6.2442,-75.5812,26.3,56.0,0.0,7.2,119.9,True,43357,2025,12,13,12,,VALID,False,,False,False,False,False,False,1.55306410201,-0.229432989331,0.56,0.0,America/Bogota,2025-12-13T17:00:00+00:00,2025-12-13,CO,3674962,1405,True,No festivo,False,True,True,18.32,42347.24,37339.33,True,05001,MEDELLÍN,05,ANTIOQUIA,2025,True,18.0,academic_illustration,True,tarde,True,5.088888888888889,11.763122222222222,10.372036111111111,8.3,0.0,False,COMPLETE
5,8367,2025-12-15T14:00:00-05:00,Medellin,6.2442,-75.5812,23.7,68.0,1.2,3.0,110.25,True,43407,2025,12,15,14,,VALID,True,precipitation_mm,False,False,True,False,False,0.830336777533,-1.04293089612,0.68,0.788457360364,America/Bogota,2025-12-15T19:00:00+00:00,2025-12-15,CO,3674962,1405,True,No festivo,False,False,True,15.91,42341.13,36402.86,True,05001,MEDELLÍN,05,ANTIOQUIA,2025,True,18.0,academic_illustration,True,tarde,True,4.419444444444444,11.761425,10.111905555555555,5.699999999999999,0.0,True,COMPLETE
5,8372,2025-12-15T19:00:00-05:00,Medellin,6.2442,-75.5812,19.6,95.0,2.2,2.3,140.62,True,43412,2025,12,15,19,,VALID,True,precipitation_mm,False,False,True,False,False,-0.30934861876,1.51726925199,0.95,1.16315080981,America/Bogota,2025-12-16T00:00:00+00:00,2025-12-15,CO,3674962,1405,True,No festivo,False,False,True,15.91,42341.13,36402.86,True,05001,MEDELLÍN,05,ANTIOQUIA,2025,True,18.0,academic_illustration,True,noche,True,4.419444444444444,11.761425,10.111905555555555,1.6000000000000014,0.0,True,COMPLETE
5,8384,2025-12-16T07:00:00-05:00,Medellin,6.2442,-75.5812,17.5,95.0,0.0,2.5,129.74,True,43424,2025,12,16,7,,VALID,False,,False,False,False,False,False,-0.8930899193,0.600081974693,0.95,0.0,America/Bogota,2025-12-16T12:00:00+00:00,2025-12-16,CO,3674962,1405,True,No festivo,False,False,True,12.74,42338.75,31581.4,True,05001,MEDELLÍN,05,ANTIOQUIA,2025,True,18.0,academic_illustration,True,manana,True,3.5388888888888888,11.760763888888889,8.772611111111111,0.0,0.5,True,COMPLETE
5,8399,2025-12-16T22:00:00-05:00,Medellin,6.2442,-75.5812,17.7,98.0,0.0,2.0,110.4,True,43439,2025,12,16,22,,VALID,False,,False,False,False,False,False,-0.837495509725,-1.03028585094,0.98,0.0,America/Bogota,2025-12-17T03:00:00+00:00,2025-12-16,CO,3674962,1405,True,No festivo,False,False,True,12.74,42338.75,31581.4,True,05001,MEDELLÍN,05,ANTIOQUIA,2025,True,18.0,academic_illustration,True,noche,True,3.5388888888888888,11.760763888888889,8.772611111111111,0.0,0.3000000000000007,True,COMPLETE
5,8441,2025-12-18T16:00:00-05:00,Medellin,6.2442,-75.5812,20.5,85.0,0.9,4.3,107.41,True,43481,2025,12,18,16,,VALID,True,precipitation_mm,False,False,True,False,False,-0.0591737756712,-1.28234375159,0.85,0.641853886172,America/Bogota,2025-12-18T21:00:00+00:00,2025-12-18,CO,3674962,1405,True,No festivo,False,False,True,16.56,42335.32,33315.02,True,05001,MEDELLÍN,05,ANTIOQUIA,2025,True,18.0,academic_illustration,True,tarde,True,4.6,11.75981111111111,9.254172222222222,2.5,0.0,True,COMPLETE
5,8540,2025-12-22T19:00:00-05:00,Medellin,6.2442,-75.5812,20.3,87.0,0.0,3.8,143.15,True,43580,2025,12,22,19,,VALID,False,,False,False,False,False,False,-0.114768185246,1.73054901408,0.87,0.0,America/Bogota,2025-12-23T00:00:00+00:00,2025-12-22,CO,3674962,1405,True,No festivo,False,False,True,13.61,42333.81,35236.07,True,05001,MEDELLÍN,05,ANTIOQUIA,2025,True,18.0,academic_illustration,True,noche,True,3.7805555555555554,11.759391666666666,9.787797222222222,2.3000000000000007,0.0,True,COMPLETE
5,8543,2025-12-22T22:00:00-05:00,Medellin,6.2442,-75.5812,18.0,100.0,0.0,3.6,115.08,True,43583,2025,12,22,22,,VALID,False,,False,False,False,False,False,-0.754103895362,-0.63576044122,1.0,0.0,America/Bogota,2025-12-23T03:00:00+00:00,2025-12-22,CO,3674962,1405,True,No festivo,False,False,True,13.61,42333.81,35236.07,True,05001,MEDELLÍN,05,ANTIOQUIA,2025,True,18.0,academic_illustration,True,noche,True,3.7805555555555554,11.759391666666666,9.787797222222222,0.0,0.0,True,COMPLETE
5,8556,2025-12-23T11:00:00-05:00,Medellin,6.2442,-75.5812,25.9,54.0,0.0,6.4,110.41,True,43596,2025,12,23,11,,VALID,False,,False,False,False,False,False,1.44187528286,-1.02944284793,0.54,0.0,America/Bogota,2025-12-23T16:00:00+00:00,2025-12-23,CO,3674962,1405,True,No festivo,False,False,True,18.05,42334.55,40392.28,True,05001,MEDELLÍN,05,ANTIOQUIA,2025,True,18.0,academic_illustration,True,manana,True,5.013888888888889,11.759597222222222,11.220077777777778,7.899999999999999,0.0,True,COMPLETE
5,8620,2025-12-26T03:00:00-05:00,Medellin,6.2442,-75.5812,16.8,98.0,0.0,4.7,118.69,True,43660,2025,12,26,3,,VALID,False,,False,False,False,False,False,-1.08767035281,-0.331436353809,0.98,0.0,America/Bogota,2025-12-26T08:00:00+00:00,2025-12-26,CO,3674962,1405,True,No festivo,False,False,True,16.38,42339.41,41022.57,True,05001,MEDELLÍN,05,ANTIOQUIA,2025,True,18.0,academic_illustration,True,madrugada,True,4.55,11.760947222222223,11.395158333333333,0.0,1.1999999999999993,True,COMPLETE
5,8626,2025-12-26T09:00:00-05:00,Medellin,6.2442,-75.5812,20.0,81.0,0.0,4.6,135.29,True,43666,2025,12,26,9,,VALID,False,,False,False,False,False,False,-0.198159799609,1.06794864647,0.81,0.0,America/Bogota,2025-12-26T14:00:00+00:00,2025-12-26,CO,3674962,1405,True,No festivo,False,False,True,16.38,42339.41,41022.57,True,05001,MEDELLÍN,05,ANTIOQUIA,2025,True,18.0,academic_illustration,True,manana,True,4.55,11.760947222222223,11.395158333333333,2.0,0.0,True,COMPLETE
5,8634,2025-12-26T17:00:00-05:00,Medellin,6.2442,-75.5812,22.9,65.0,0.4,6.9,117.56,True,43674,2025,12,26,17,,VALID,True,precipitation_mm,False,False,True,False,False,0.607959139232,-0.42669569419,0.65,0.336472236621,America/Bogota,2025-12-26T22:00:00+00:00,2025-12-26,CO,3674962,1405,True,No festivo,False,False,True,16.38,42339.41,41022.57,True,05001,MEDELLÍN,05,ANTIOQUIA,2025,True,18.0,academic_illustration,True,tarde,True,4.55,11.760947222222223,11.395158333333333,4.899999999999999,0.0,True,COMPLETE
5,8679,2025-12-28T14:00:00-05:00,Medellin,6.2442,-75.5812,27.5,34.0,0.0,12.5,111.02,True,43719,2025,12,28,14,,VALID,True,wind_speed_kmh,False,False,False,True,False,1.88663055946,-0.978019664181,0.34,0.0,America/Bogota,2025-12-28T19:00:00+00:00,2025-12-28,CO,3674962,1405,True,No festivo,False,True,True,19.77,42344.86,40351.99,True,05001,MEDELLÍN,05,ANTIOQUIA,2025,True,18.0,academic_illustration,True,tarde,True,5.491666666666666,11.762461111111111,11.208886111111111,9.5,0.0,False,COMPLETE
5,8711,2025-12-29T22:00:00-05:00,Medellin,6.2442,-75.5812,19.1,99.0,0.0,5.4,107.06,True,43751,2025,12,29,22,,VALID,False,,False,False,False,False,False,-0.448334642698,-1.31184885702,0.99,0.0,America/Bogota,2025-12-30T03:00:00+00:00,2025-12-29,CO,3674962,1405,True,No festivo,False,False,True,19.72,42348.24,41658.43,True,05001,MEDELLÍN,05,ANTIOQUIA,2025,True,18.0,academic_illustration,True,noche,True,5.477777777777777,11.763399999999999,11.57178611111111,1.1000000000000014,0.0,True,COMPLETE
